subjID	cue	keyPressed	outcome
23871	1	1	0
23871	2	1	1
23871	3	0	0
23871	3	0	0
23871	2	1	0
23871	4	1	-1
23871	2	1	1
23871	2	1	0
23871	2	1	0
23871	2	1	0
23871	1	1	1
23871	4	1	-1
23871	2	1	0
23871	4	1	0
23871	2	1	0
23871	2	1	0
23871	4	0	1
23871	4	0	0
23871	1	1	1
23871	1	1	1
23871	4	0	1
23871	2	1	0
23871	3	0	1
23871	4	0	0
23871	4	0	1
23871	2	1	0
23871	4	0	1
23871	4	0	1
23871	1	1	1
23871	3	0	0
23871	2	1	1
23871	3	0	0
23871	4	0	1
23871	1	1	1
23871	2	1	0
23871	4	0	1
23871	4	0	1
23871	2	1	0
23871	4	0	1
23871	4	0	1
23871	2	1	1
23871	2	1	0
23871	4	0	1
23871	2	1	0
23871	3	0	1
23871	2	1	0
23871	4	0	0
23871	4	0	1
23871	2	1	0
23871	1	1	1
23871	4	0	0
23871	1	1	1
23871	3	0	0
23871	1	1	1
23871	1	1	1
23871	1	1	1
23871	4	0	1
23871	2	1	1
23871	2	1	0
23871	4	0	1
23871	2	1	0
23871	2	1	0
23871	2	1	0
23871	2	1	0
23871	3	0	0
23871	4	0	1
23871	2	1	0
23871	3	0	0
23871	2	1	0
23871	2	1	0
23871	2	1	0
23871	4	1	0
23871	2	1	0
23871	2	1	0
23871	2	1	1
23871	1	1	1
23871	2	1	0
23871	2	1	1
23871	4	1	0
23871	2	1	0
23871	4	0	1
23871	1	1	1
23871	2	1	0
23871	1	1	1
23871	4	1	0
23871	2	1	0
23871	3	0	0
23871	3	0	0
23871	2	1	0
23871	4	1	0
23871	4	1	0
23871	4	1	0
23871	4	1	0
23871	4	1	0
23871	3	0	1
23871	4	1	0
23871	4	1	0
23871	2	1	0
23871	2	1	1
23871	4	1	0
23871	4	1	0
23871	4	1	0
23871	1	1	0
23871	1	1	1
23871	3	0	0
23871	4	1	0
23871	3	0	0
23871	4	1	0
23871	2	1	0
23871	4	1	0
23871	3	0	1
23871	1	1	1
23871	4	1	0
23871	3	0	0
23871	4	1	0
23871	2	0	-1
23871	3	0	0
23871	4	0	1
23871	4	0	1
23871	3	0	0
23871	2	1	0
23871	3	0	0
23871	1	1	1
23871	1	1	0
23871	3	0	0
23871	2	1	0
23871	3	0	0
23871	4	0	1
23871	2	1	1
23871	3	0	0
23871	1	1	0
23871	3	0	1
23871	3	0	1
23871	1	1	1
23871	2	0	-1
23871	3	1	-1
23871	1	1	1
23871	3	1	0
23871	2	1	1
23871	4	1	0
23871	1	1	1
23871	3	1	0
23871	1	1	1
23871	3	1	0
23871	2	1	0
23871	4	1	0
23871	3	1	-1
23871	1	1	1
23871	2	1	0
23871	2	1	0
23871	4	1	-1
23871	2	1	0
23871	4	1	0
23871	1	1	1
23871	3	1	0
23871	4	1	0
23871	3	0	1
23871	3	1	-1
23871	3	1	-1
23871	2	1	0
23871	4	1	-1
23871	1	1	1
23871	4	1	0
23871	3	0	0
23871	4	1	-1
23871	4	1	0
23871	1	1	1
23871	2	0	0
23871	3	1	0
23871	2	1	0
23871	1	1	1
23871	2	0	0
23871	1	1	1
23871	2	1	0
23871	4	1	0
23871	1	1	1
23871	4	1	0
23871	1	1	1
23871	2	0	-1
23871	3	1	0
23871	2	1	0
23871	4	1	0
23871	2	1	0
23871	3	1	-1
23871	4	1	0
23871	1	1	1
23871	1	1	1
23871	3	1	0
23871	1	1	1
23871	3	1	-1
23871	1	1	1
23871	3	0	0
23871	2	1	0
23871	2	1	0
23871	3	1	-1
23871	3	0	0
23871	3	0	0
23871	1	1	1
23871	3	0	0
23871	2	1	0
23871	2	1	1
23871	2	1	0
23871	1	1	0
23871	2	1	0
23871	3	0	1
23871	4	1	-1
23871	2	1	0
23871	2	1	1
23871	3	0	0
23871	4	1	0
23871	3	0	1
23871	3	0	0
23871	2	1	0
23871	3	0	0
23871	4	1	0
23871	4	1	0
23871	1	1	1
23871	1	1	1
23871	2	1	1
23871	3	0	0
23871	2	1	0
23871	1	1	1
23871	1	1	1
23871	1	1	1
23871	1	1	1
23871	1	1	1
23871	1	1	0
23871	4	1	0
23871	2	1	0
23871	2	1	1
23871	2	1	1
23871	4	1	-1
23871	2	1	1
23871	2	1	1
23871	2	1	1
23871	2	1	0
23871	2	1	0
23871	4	1	-1
23871	2	1	0
23871	2	1	0
23871	3	0	1
23871	2	1	0
23871	2	1	0
23871	1	1	1
23871	2	1	0
23871	2	1	0
23871	3	1	-1
23871	2	1	0
23871	2	1	0
23871	2	1	0
23871	2	1	0
23871	1	1	1
23871	1	1	1
23871	2	1	1
23871	2	1	0
23871	1	1	1
23871	2	1	0
23871	2	1	0
23871	1	1	1
23871	1	1	1
23871	2	1	0
23871	1	1	1
23871	2	1	1
23871	2	1	0
23871	2	1	0
23871	4	0	0
23871	2	1	0
23871	3	0	0
23871	4	0	0
23871	2	1	0
23871	2	1	0
23871	2	1	1
23871	3	0	0
23871	2	1	0
23871	2	1	0
23871	1	1	1
23871	3	0	0
23871	3	0	1
23871	3	0	0
23871	4	0	0
23871	1	1	1
23871	2	1	0
23871	1	1	1
23871	1	1	1
23871	1	1	1
23871	3	0	1
23871	2	1	0
23871	3	0	1
23871	2	1	1
23871	1	1	1
23871	3	0	0
23871	3	0	0
23871	2	1	0
23871	3	1	-1
23871	2	1	0
23871	4	0	1
23871	3	0	0
23871	1	1	1
23871	3	0	0
23871	2	1	0
23871	4	0	0
23871	3	0	1
23871	1	1	0
23871	4	0	1
23871	3	0	0
23871	3	0	0
23871	1	1	0
23871	1	1	1
23871	2	1	0
23871	1	1	1
23871	3	0	0
23871	1	1	1
23871	2	1	0
23871	3	1	-1
23871	3	0	0
23871	3	0	0
23871	4	0	1
23871	1	1	1
23871	1	1	1
23871	3	0	1
23871	1	1	1
23871	3	0	0
23871	3	0	0
23871	1	1	1
23871	4	1	0
23871	2	1	0
23871	4	0	1
23871	2	1	0
23871	4	0	1
23871	4	0	0
23871	1	1	0
23871	3	0	0
23871	1	1	0
23871	2	1	0
23871	3	0	0
23871	1	1	1
23871	3	0	0
23871	3	0	0
23871	1	1	1
23871	4	0	1
23871	4	0	1
23871	4	0	0
23871	1	1	1
23871	4	1	0
23871	2	0	-1
23871	2	0	-1
23871	2	1	0
23871	1	1	1
23871	3	0	0
23871	4	0	1
23871	1	1	1
23871	3	0	0
23871	1	1	1
23871	1	1	1
23871	3	0	0
23871	1	1	1
23871	3	0	0
23871	2	1	1
23871	1	1	0
23871	1	1	1
23871	1	1	0
23871	4	1	0
23871	4	0	1
23871	4	1	-1
23871	1	1	1
23871	3	0	0
23871	1	1	1
23871	2	0	-1
23871	4	1	0
23871	2	0	0
23871	4	0	0
23871	4	0	1
23871	1	1	1
23871	2	1	0
23871	4	0	1
23871	3	0	0
23871	3	0	0
23871	3	0	0
23871	4	0	1
23871	4	1	0
23871	3	1	-1
23871	3	0	0
23871	4	1	0
23871	2	0	-1
23871	1	1	1
23871	1	1	0
23871	3	1	-1
23871	2	0	0
23871	4	0	1
23871	4	1	-1
23871	4	0	1
23871	2	0	-1
23871	2	1	0
23871	1	1	0
23871	2	1	1
23871	4	1	0
23871	3	1	-1
23871	1	1	1
23871	4	0	0
23871	1	1	1
210050	3	1	-1
210050	4	1	-1
210050	4	1	0
210050	3	0	0
210050	2	1	0
210050	1	1	1
210050	4	1	0
210050	4	1	0
210050	4	1	-1
210050	3	1	0
210050	2	0	-1
210050	4	1	0
210050	3	1	-1
210050	2	1	0
210050	4	1	-1
210050	4	0	0
210050	2	1	0
210050	4	1	0
210050	2	1	0
210050	3	0	1
210050	4	1	-1
210050	2	1	0
210050	4	0	1
210050	1	0	0
210050	3	1	0
210050	4	0	1
210050	3	1	-1
210050	2	1	1
210050	3	0	0
210050	2	1	0
210050	1	1	1
210050	3	0	0
210050	4	1	-1
210050	2	0	0
210050	2	0	-1
210050	2	0	-1
210050	2	1	0
210050	2	1	0
210050	4	0	0
210050	2	1	0
210050	2	1	0
210050	1	0	0
210050	2	1	1
210050	2	1	0
210050	4	1	0
210050	1	1	1
210050	4	1	0
210050	2	1	0
210050	4	0	0
210050	2	1	0
210050	4	1	0
210050	4	1	0
210050	1	1	1
210050	4	1	0
210050	1	0	0
210050	4	1	0
210050	4	1	0
210050	4	1	0
210050	2	0	-1
210050	4	1	0
210050	4	1	0
210050	1	1	0
210050	1	1	1
210050	1	1	1
210050	4	0	1
210050	2	1	0
210050	2	0	-1
210050	1	1	1
210050	4	1	0
210050	4	1	0
210050	4	1	0
210050	4	0	0
210050	2	1	0
210050	3	1	-1
210050	4	0	0
210050	1	1	1
210050	1	0	0
210050	2	0	0
210050	3	1	-1
210050	1	0	0
210050	3	0	0
210050	4	1	0
210050	4	0	1
210050	4	1	0
210050	3	0	0
210050	2	0	-1
210050	4	1	0
210050	3	1	-1
210050	4	1	0
210050	2	1	0
210050	4	1	-1
210050	1	1	1
210050	2	0	0
210050	2	0	-1
210050	3	0	1
210050	4	1	-1
210050	2	0	-1
210050	4	1	0
210050	1	1	1
210050	2	1	1
210050	3	0	0
210050	1	1	1
210050	1	1	1
210050	4	1	0
210050	4	1	0
210050	1	1	1
210050	4	0	1
210050	2	1	0
210050	4	1	-1
210050	2	0	-1
210050	2	1	0
210050	4	1	0
210050	1	0	-1
210050	4	1	-1
210050	4	1	-1
210050	4	1	0
210050	4	1	0
210050	3	1	0
210050	4	0	1
210050	2	1	1
210050	4	1	0
210050	2	1	0
210050	3	1	-1
210050	4	0	0
210050	4	1	-1
210050	2	1	0
210050	4	0	1
210050	4	1	0
210050	2	1	0
210050	3	1	-1
210050	4	1	0
210050	1	0	0
210050	1	1	1
210050	2	1	0
210050	1	1	1
210050	3	0	0
210050	3	1	-1
210050	1	1	1
210050	4	1	0
210050	4	1	-1
210050	4	1	0
210050	4	1	0
210050	1	1	0
210050	2	0	-1
210050	2	1	0
210050	4	0	1
210050	1	1	1
210050	1	0	-1
210050	2	1	1
210050	2	0	-1
210050	1	1	1
210050	3	1	-1
210050	3	1	-1
210050	2	0	-1
210050	1	0	0
210050	1	1	1
210050	2	0	-1
210050	3	0	0
210050	1	1	1
210050	3	1	-1
210050	3	0	1
210050	4	1	0
210050	2	0	-1
210050	1	1	1
210050	3	1	-1
210050	3	1	-1
210050	2	1	0
210050	3	1	-1
210050	3	0	0
210050	3	0	1
210050	1	1	1
210050	1	1	1
210050	4	1	-1
210050	4	0	0
210050	1	1	1
210050	4	1	0
210050	2	0	0
210050	1	1	1
210050	4	1	0
210050	2	0	-1
210050	3	1	-1
210050	1	1	1
210050	3	0	0
210050	1	1	1
210050	1	0	0
210050	2	1	0
210050	1	1	1
210050	2	0	-1
210050	2	0	-1
210050	2	1	0
210050	3	1	-1
210050	3	1	-1
210050	4	1	0
210050	4	1	-1
210050	1	1	1
210050	3	0	1
210050	1	0	0
210050	3	1	-1
210050	1	1	0
210050	3	0	0
210050	1	1	0
210050	4	1	0
210050	2	0	-1
210050	2	1	0
210050	1	1	1
210050	4	1	0
210050	2	1	0
210050	4	1	0
210050	4	1	-1
210050	4	1	0
210050	1	0	0
210050	3	1	-1
210050	4	1	-1
210050	3	0	1
210050	2	0	-1
210050	1	1	1
210050	1	1	1
210050	4	0	1
210050	4	0	1
210050	4	0	1
210050	1	0	-1
210050	4	1	0
210050	2	0	-1
210050	4	1	0
210050	4	1	0
210050	4	1	-1
210050	2	0	-1
210050	4	1	0
210050	3	1	-1
210050	4	0	1
210050	2	1	1
210050	4	0	1
210050	3	1	-1
210050	2	0	-1
210050	4	1	0
210050	3	1	-1
210050	4	1	-1
210050	2	1	0
210050	2	1	1
210050	2	1	1
210050	4	1	0
210050	4	0	0
210050	4	1	0
210050	3	0	1
210050	3	1	-1
210050	4	1	0
210050	2	0	-1
210050	2	1	0
210050	2	1	0
210050	4	1	-1
210050	4	1	0
210050	3	1	0
210050	1	1	0
210050	3	1	-1
210050	1	1	1
210050	1	1	0
210050	2	0	-1
210050	3	1	-1
210050	3	0	0
210050	4	0	1
210050	1	1	0
210050	1	0	0
210050	4	1	0
210050	1	1	0
210050	3	0	0
210050	1	1	1
210050	2	1	0
210050	1	0	0
210050	3	1	-1
210050	2	0	-1
210050	3	0	0
210050	2	0	-1
210050	1	0	0
210050	1	1	1
210050	2	1	1
210050	1	0	0
210050	3	1	0
210050	1	0	0
210050	3	1	-1
210050	1	0	0
210050	1	1	1
210050	4	1	0
210050	3	1	-1
210050	3	1	0
210050	3	0	0
210050	3	1	-1
210050	1	1	1
210050	2	0	-1
210050	1	1	1
210050	3	1	0
210050	1	1	0
210050	4	1	0
210050	1	1	1
210050	3	0	0
210050	1	1	1
210050	4	1	0
210050	3	0	0
210050	3	0	0
210050	1	0	0
210050	3	1	0
210050	4	1	0
210050	3	1	-1
210050	3	1	0
210050	1	0	-1
210050	4	1	0
210050	1	1	1
210050	4	1	-1
210050	3	0	1
210050	3	1	-1
210050	2	0	0
210050	3	0	0
210050	2	1	0
210050	3	0	0
210050	3	1	-1
210050	3	1	-1
210050	4	1	-1
210050	2	0	-1
210050	2	0	0
210050	3	1	-1
210050	1	1	0
210241	2	1	0
210241	3	0	0
210241	4	1	0
210241	3	0	0
210241	2	1	1
210241	1	1	1
210241	2	1	0
210241	4	0	1
210241	2	1	0
210241	3	0	0
210241	3	1	-1
210241	4	0	0
210241	1	1	1
210241	3	0	0
210241	3	0	0
210241	1	1	0
210241	4	0	1
210241	3	0	0
210241	4	0	0
210241	1	1	0
210241	1	1	0
210241	3	0	1
210241	1	1	1
210241	3	0	0
210241	2	1	0
210241	1	1	1
210241	3	0	0
210241	4	0	1
210241	4	0	1
210241	1	1	1
210241	1	1	1
210241	4	0	0
210241	3	0	0
210241	1	1	1
210241	3	0	0
210241	4	0	1
210241	3	0	0
210241	2	1	1
210241	1	1	1
210241	3	0	0
210241	3	0	0
210241	2	1	1
210241	2	1	0
210241	3	0	0
210241	4	0	1
210241	1	1	1
210241	2	1	1
210241	1	1	1
210241	4	0	1
210241	2	1	0
210241	2	1	0
210241	2	1	0
210241	4	0	0
210241	1	1	0
210241	3	0	0
210241	1	1	1
210241	4	0	1
210241	2	1	0
210241	3	0	1
210241	1	1	1
210241	2	1	0
210241	4	0	0
210241	4	0	1
210241	1	1	1
210241	2	1	1
210241	4	0	0
210241	2	1	1
210241	3	0	1
210241	2	1	1
210241	3	0	0
210241	1	1	1
210241	2	1	0
210241	1	1	1
210241	2	1	0
210241	1	1	0
210241	4	0	0
210241	2	1	0
210241	4	0	1
210241	4	0	1
210241	4	0	1
210241	2	1	0
210241	3	0	1
210241	4	0	1
210241	2	1	0
210241	3	0	0
210241	1	1	0
210241	2	1	0
210241	2	1	0
210241	4	0	1
210241	2	1	0
210241	1	1	0
210241	3	0	1
210241	2	1	0
210241	3	0	0
210241	1	1	1
210241	1	1	0
210241	2	1	0
210241	4	0	1
210241	4	0	1
210241	4	0	0
210241	4	0	1
210241	4	0	1
210241	4	0	1
210241	4	0	1
210241	4	0	0
210241	1	1	0
210241	2	1	0
210241	2	1	0
210241	4	1	0
210241	2	1	1
210241	1	1	0
210241	3	0	1
210241	1	1	1
210241	2	1	0
210241	4	0	1
210241	1	1	1
210241	1	1	1
210241	2	1	0
210241	4	0	1
210241	4	0	1
210241	2	1	0
210241	2	1	1
210241	3	0	1
210241	4	0	1
210241	4	0	1
210241	2	1	0
210241	3	0	0
210241	2	1	0
210241	4	0	1
210241	1	1	1
210241	3	0	0
210241	2	1	0
210241	4	0	1
210241	2	1	0
210241	4	0	1
210241	1	1	0
210241	2	1	0
210241	2	1	0
210241	2	1	1
210241	4	0	0
210241	4	0	1
210241	4	0	0
210241	2	1	0
210241	3	0	0
210241	2	1	0
210241	1	1	1
210241	4	0	0
210241	2	1	0
210241	3	0	0
210241	2	1	0
210241	3	0	0
210241	2	1	0
210241	4	0	1
210241	4	0	0
210241	4	0	1
210241	4	0	1
210241	3	0	0
210241	2	1	0
210241	4	0	1
210241	2	1	0
210241	2	1	0
210241	1	1	1
210241	2	1	1
210241	1	1	1
210241	2	1	0
210241	2	1	1
210241	4	1	0
210241	2	1	0
210241	4	0	1
210241	1	1	1
210241	2	1	0
210241	3	0	0
210241	2	1	1
210241	4	0	1
210241	4	0	0
210241	2	1	0
210241	3	0	0
210241	2	0	0
210241	4	0	1
210241	2	1	0
210241	2	1	0
210241	4	0	1
210241	4	0	1
210241	2	1	0
210241	4	0	1
210241	1	1	1
210241	4	0	1
210241	3	0	0
210241	4	0	1
210241	2	1	0
210241	2	1	0
210241	3	0	0
210241	2	1	0
210241	4	0	1
210241	1	1	1
210241	2	1	0
210241	2	1	0
210241	2	1	0
210241	4	0	1
210241	4	0	0
210241	2	1	0
210241	2	1	1
210241	3	0	1
210241	3	0	0
210241	2	1	0
210241	2	1	0
210241	2	1	0
210241	4	0	1
210241	3	0	0
210241	3	0	0
210241	2	1	0
210241	2	1	0
210241	2	1	0
210241	2	1	0
210241	2	1	0
210241	2	1	0
210241	2	1	0
210241	2	1	0
210241	3	0	0
210241	1	1	1
210241	3	0	0
210241	2	1	0
210241	1	1	1
210241	2	1	0
210241	2	1	0
210241	3	0	0
210241	4	0	0
210241	4	0	1
210241	1	1	1
210241	1	1	1
210241	2	1	0
210241	2	1	0
210241	2	1	0
210241	2	1	0
210241	2	1	0
210241	2	1	0
210241	1	1	1
210241	1	1	1
210241	1	1	1
210241	3	0	0
210241	3	0	0
210241	3	0	1
210241	3	0	0
210241	4	0	1
210241	1	1	0
210241	2	1	0
210241	2	1	0
210241	3	0	0
210241	1	1	1
210241	2	1	1
210241	4	0	1
210241	1	1	1
210241	1	1	0
210241	1	1	0
210241	3	0	1
210241	4	0	0
210241	1	1	1
210241	4	0	1
210241	4	0	1
210241	1	1	1
210241	4	0	1
210241	1	1	0
210241	3	0	0
210241	3	0	0
210241	3	0	1
210241	3	0	0
210241	3	0	0
210241	1	1	1
210241	4	0	0
210241	3	0	0
210241	3	0	0
210241	3	0	0
210241	3	0	0
210241	1	1	1
210241	3	0	1
210241	1	1	1
210241	1	1	1
210241	1	1	1
210241	2	1	0
210241	1	1	0
210241	1	1	0
210241	2	1	1
210241	2	1	0
210241	2	1	0
210241	3	1	-1
210241	2	1	1
210241	1	1	1
210241	4	0	1
210241	1	1	1
210241	1	1	1
210241	1	1	1
210241	1	1	1
210241	3	0	0
210241	3	0	1
210241	3	0	0
210241	1	1	1
210241	1	1	1
210241	3	0	0
210241	2	1	0
210241	3	0	0
210241	1	1	1
210241	4	0	1
210241	3	0	0
210241	2	1	0
210241	1	1	1
210241	3	0	0
210241	3	0	1
210241	2	1	1
210241	4	0	1
210241	2	1	0
210241	1	1	1
210241	3	0	0
210241	1	1	1
210241	3	0	0
210241	3	0	0
210241	1	1	1
210241	4	1	0
210241	4	0	1
210241	3	0	0
210241	1	1	1
210306	4	0	0
210306	4	0	1
210306	1	0	0
210306	3	1	-1
210306	4	0	0
210306	2	0	0
210306	1	0	0
210306	2	0	-1
210306	2	0	-1
210306	4	0	1
210306	4	0	1
210306	4	0	1
210306	4	0	1
210306	4	0	1
210306	1	0	0
210306	4	1	-1
210306	3	0	0
210306	4	0	1
210306	4	0	1
210306	4	1	0
210306	2	1	0
210306	4	1	0
210306	1	1	1
210306	1	1	0
210306	3	1	0
210306	3	1	-1
210306	2	1	0
210306	4	1	0
210306	2	1	0
210306	2	1	0
210306	2	1	0
210306	2	0	-1
210306	2	0	-1
210306	3	1	-1
210306	2	0	-1
210306	4	0	1
210306	4	0	1
210306	3	1	0
210306	2	1	0
210306	1	0	0
210306	2	1	0
210306	4	1	-1
210306	3	0	1
210306	2	1	0
210306	1	1	1
210306	4	1	-1
210306	2	1	0
210306	2	1	0
210306	2	1	1
210306	4	1	0
210306	4	1	-1
210306	3	1	-1
210306	4	0	1
210306	4	0	0
210306	1	0	0
210306	3	1	-1
210306	4	0	1
210306	2	1	1
210306	3	1	-1
210306	4	1	0
210306	4	1	0
210306	2	1	0
210306	1	1	1
210306	1	1	0
210306	4	1	-1
210306	4	1	0
210306	1	1	1
210306	1	1	1
210306	2	1	0
210306	3	1	-1
210306	4	1	0
210306	4	1	0
210306	3	1	-1
210306	2	1	1
210306	2	1	0
210306	4	0	1
210306	4	0	0
210306	2	1	1
210306	4	0	1
210306	4	0	1
210306	4	0	1
210306	2	0	-1
210306	2	1	0
210306	4	0	1
210306	1	0	0
210306	3	1	-1
210306	4	1	0
210306	4	1	-1
210306	2	1	1
210306	4	0	0
210306	4	0	1
210306	4	0	1
210306	4	0	1
210306	4	1	0
210306	1	0	0
210306	2	0	0
210306	2	1	0
210306	4	0	1
210306	2	1	0
210306	4	1	-1
210306	3	1	-1
210306	2	0	-1
210306	3	1	-1
210306	4	0	1
210306	4	0	0
210306	1	0	0
210306	1	0	0
210306	3	1	-1
210306	2	0	0
210306	4	0	1
210306	4	0	1
210306	4	0	1
210306	1	0	0
210306	4	1	0
210306	1	1	1
210306	2	1	1
210306	1	1	1
210306	4	1	0
210306	4	0	1
210306	2	1	0
210306	3	1	0
210306	3	1	-1
210306	4	0	1
210306	4	0	1
210306	4	0	1
210306	4	0	1
210306	4	0	1
210306	4	0	1
210306	3	1	-1
210306	1	0	0
210306	1	0	-1
210306	3	1	-1
210306	2	1	1
210306	2	1	1
210306	3	1	0
210306	1	1	1
210306	2	1	0
210306	1	1	1
210306	1	1	1
210306	4	1	0
210306	2	1	1
210306	1	1	1
210306	3	1	-1
210306	1	1	1
210306	4	0	1
210306	4	0	1
210306	3	0	0
210306	2	0	-1
210306	2	0	0
210306	2	1	0
210306	4	1	-1
210306	1	1	1
210306	3	1	0
210306	2	1	1
210306	3	0	0
210306	4	1	0
210306	4	1	-1
210306	2	1	0
210306	2	0	-1
210306	3	0	0
210306	1	1	1
210306	4	0	1
210306	3	1	-1
210306	1	1	1
210306	3	0	1
210306	1	1	1
210306	2	1	0
210306	1	1	1
210306	1	1	1
210306	4	1	0
210306	3	0	0
210306	1	1	1
210306	1	1	1
210306	3	0	0
210306	2	1	1
210306	1	0	-1
210306	4	1	0
210306	1	1	0
210306	2	0	-1
210306	2	1	1
210306	1	1	1
210306	2	1	0
210306	3	1	0
210306	4	0	1
210306	3	1	0
210306	3	0	0
210306	4	0	1
210306	4	1	0
210306	4	0	1
210306	2	1	0
210306	4	1	0
210306	3	0	1
210306	2	1	0
210306	3	0	0
210306	2	1	0
210306	4	1	0
210306	2	0	0
210306	1	1	0
210306	4	1	0
210306	4	0	1
210306	3	0	1
210306	3	0	1
210306	4	0	1
210306	2	0	-1
210306	3	1	-1
210306	1	0	0
210306	4	1	0
210306	4	0	0
210306	3	0	0
210306	1	1	0
210306	3	1	-1
210306	1	0	0
210306	2	1	1
210306	4	1	0
210306	4	1	0
210306	1	0	0
210306	1	1	1
210306	2	1	0
210306	3	0	0
210306	2	1	0
210306	4	1	0
210306	4	0	1
210306	2	0	-1
210306	2	1	0
210306	2	1	0
210306	1	1	1
210306	3	1	0
210306	3	1	-1
210306	4	1	0
210306	2	0	-1
210306	4	1	0
210306	4	0	1
210306	3	0	0
210306	1	1	1
210306	1	1	0
210306	2	0	-1
210306	2	1	0
210306	3	1	-1
210306	4	1	0
210306	4	1	0
210306	4	0	0
210306	2	1	0
210306	2	1	1
210306	2	1	0
210306	1	1	1
210306	3	1	-1
210306	1	1	1
210306	2	1	0
210306	1	1	1
210306	3	1	-1
210306	3	0	0
210306	3	0	0
210306	3	0	0
210306	1	0	0
210306	3	1	-1
210306	4	1	0
210306	3	0	0
210306	1	1	0
210306	3	0	0
210306	1	0	-1
210306	4	1	0
210306	3	1	-1
210306	1	1	0
210306	1	1	1
210306	1	1	1
210306	3	0	0
210306	1	1	1
210306	4	1	0
210306	1	0	0
210306	3	0	0
210306	3	0	0
210306	1	1	0
210306	2	1	0
210306	4	1	0
210306	2	1	0
210306	3	1	-1
210306	3	0	0
210306	1	1	1
210306	3	0	0
210306	4	1	0
210306	1	1	1
210306	3	0	0
210306	1	1	1
210306	2	1	0
210306	3	0	0
210306	3	0	0
210306	4	1	0
210306	4	1	-1
210306	3	1	-1
210306	3	1	-1
210306	4	0	1
210306	1	1	1
210306	4	1	0
210306	2	0	-1
210306	4	1	-1
210306	3	0	0
210306	4	0	1
210306	1	0	0
210306	4	0	1
210306	1	0	-1
210306	3	1	-1
210306	3	1	-1
210306	3	0	1
210306	3	0	0
210306	1	0	0
210306	2	0	-1
210306	1	1	1
210306	1	1	0
210306	1	1	0
210306	1	1	1
210306	1	0	0
210306	2	0	-1
210306	3	1	-1
210306	2	1	0
210306	2	1	0
210306	2	1	0
210306	3	1	-1
210306	1	1	1
210306	2	1	0
210306	1	1	1
210311	3	0	0
210311	3	0	0
210311	1	1	0
210311	3	0	0
210311	3	0	1
210311	2	1	0
210311	4	0	1
210311	3	0	0
210311	4	0	1
210311	2	1	0
210311	4	0	1
210311	3	0	0
210311	4	0	1
210311	2	1	0
210311	3	0	0
210311	4	0	0
210311	1	1	1
210311	3	0	1
210311	2	1	1
210311	3	0	0
210311	1	1	1
210311	1	1	1
210311	1	1	1
210311	4	0	1
210311	3	0	0
210311	4	0	1
210311	4	0	1
210311	1	1	0
210311	4	0	1
210311	3	0	0
210311	2	1	0
210311	3	0	0
210311	4	0	0
210311	1	1	1
210311	3	0	0
210311	1	1	1
210311	1	1	1
210311	4	0	0
210311	2	1	0
210311	2	1	0
210311	3	0	1
210311	4	0	1
210311	2	1	1
210311	2	1	0
210311	2	1	0
210311	1	1	1
210311	1	1	1
210311	1	1	1
210311	3	0	0
210311	3	0	1
210311	4	0	1
210311	1	1	1
210311	1	1	1
210311	2	1	0
210311	1	1	1
210311	1	1	0
210311	4	0	0
210311	1	1	0
210311	4	0	1
210311	3	0	1
210311	2	1	0
210311	4	0	1
210311	3	0	0
210311	1	1	1
210311	4	0	1
210311	4	0	1
210311	4	0	0
210311	4	0	0
210311	4	0	0
210311	4	0	1
210311	1	1	1
210311	4	0	1
210311	3	0	0
210311	4	0	1
210311	2	1	0
210311	3	0	0
210311	3	0	0
210311	2	1	0
210311	1	1	1
210311	1	1	0
210311	2	1	1
210311	3	0	0
210311	2	1	0
210311	3	0	0
210311	1	1	0
210311	4	0	1
210311	4	0	1
210311	3	0	0
210311	4	0	1
210311	4	0	1
210311	1	1	1
210311	4	0	1
210311	3	0	1
210311	4	0	1
210311	1	1	1
210311	4	0	1
210311	4	0	0
210311	4	0	1
210311	2	1	0
210311	3	0	0
210311	3	0	0
210311	2	1	0
210311	4	0	1
210311	4	0	1
210311	4	0	0
210311	1	1	1
210311	2	1	0
210311	4	0	0
210311	2	1	0
210311	4	0	1
210311	4	0	1
210311	4	0	0
210311	2	1	0
210311	1	1	1
210311	4	0	0
210311	4	0	1
210311	4	0	1
210311	4	0	1
210311	3	0	0
210311	4	0	1
210311	4	0	1
210311	2	1	1
210311	2	1	0
210311	2	1	0
210311	1	1	0
210311	1	1	1
210311	2	1	0
210311	4	0	1
210311	4	0	1
210311	4	0	1
210311	2	1	0
210311	2	1	0
210311	3	0	0
210311	2	1	1
210311	2	1	0
210311	2	0	-1
210311	2	1	0
210311	2	1	0
210311	1	0	0
210311	1	1	0
210311	4	0	1
210311	4	0	1
210311	3	1	-1
210311	3	0	1
210311	1	1	1
210311	1	1	1
210311	3	0	1
210311	1	1	1
210311	1	1	1
210311	3	1	-1
210311	4	1	-1
210311	4	0	0
210311	4	0	1
210311	2	1	1
210311	4	0	1
210311	1	1	1
210311	2	0	0
210311	3	1	-1
210311	1	1	1
210311	1	0	0
210311	3	0	0
210311	3	0	1
210311	1	1	1
210311	3	0	0
210311	4	0	1
210311	3	0	0
210311	1	1	1
210311	1	1	1
210311	2	1	0
210311	4	0	1
210311	4	0	1
210311	3	0	1
210311	3	0	1
210311	1	0	-1
210311	3	0	0
210311	1	1	1
210311	2	1	0
210311	4	0	1
210311	3	0	0
210311	2	1	0
210311	4	0	1
210311	4	0	1
210311	4	0	1
210311	3	0	0
210311	1	1	0
210311	2	1	0
210311	2	1	0
210311	4	0	1
210311	4	0	1
210311	3	0	0
210311	2	1	0
210311	2	1	0
210311	1	1	1
210311	1	1	1
210311	1	1	1
210311	3	0	0
210311	3	0	0
210311	2	1	0
210311	4	0	1
210311	3	0	0
210311	2	1	0
210311	2	1	1
210311	2	1	0
210311	2	1	0
210311	2	1	1
210311	2	1	0
210311	1	1	1
210311	1	1	1
210311	4	0	1
210311	4	0	1
210311	3	0	0
210311	4	0	1
210311	3	0	0
210311	4	0	1
210311	1	1	1
210311	2	1	0
210311	4	0	1
210311	2	1	0
210311	1	1	1
210311	4	0	1
210311	4	0	1
210311	4	0	1
210311	4	0	0
210311	4	0	1
210311	1	1	1
210311	4	0	1
210311	4	0	1
210311	1	1	1
210311	1	1	1
210311	4	0	1
210311	1	1	1
210311	2	1	1
210311	3	0	0
210311	2	1	0
210311	2	1	0
210311	1	1	1
210311	4	0	0
210311	4	0	1
210311	4	0	1
210311	3	0	0
210311	2	1	0
210311	4	0	1
210311	4	0	0
210311	2	1	0
210311	4	0	0
210311	2	1	0
210311	1	1	1
210311	2	1	0
210311	2	1	0
210311	4	0	0
210311	4	0	1
210311	2	1	1
210311	4	0	1
210311	3	1	-1
210311	2	1	1
210311	2	1	0
210311	3	0	0
210311	4	0	0
210311	1	1	1
210311	4	0	0
210311	2	1	1
210311	4	0	0
210311	2	1	0
210311	4	0	1
210311	2	1	0
210311	1	1	1
210311	2	1	0
210311	2	1	0
210311	4	0	1
210311	3	0	0
210311	4	0	1
210311	2	1	0
210311	2	1	0
210311	1	1	1
210311	3	0	0
210311	2	1	0
210311	3	0	0
210311	2	1	0
210311	1	1	0
210311	4	0	1
210311	1	1	1
210311	2	1	0
210311	4	0	0
210311	3	0	1
210311	1	1	1
210311	2	1	0
210311	4	0	1
210311	2	1	0
210311	3	0	1
210311	3	0	0
210311	2	1	0
210311	3	0	0
210311	2	1	1
210311	1	1	1
210311	1	1	1
210311	3	0	0
210311	1	1	1
210311	3	0	0
210311	3	0	0
210311	3	0	0
210311	1	1	1
210311	1	1	1
210311	4	0	1
210311	3	0	0
210311	4	0	1
210311	4	0	1
210311	3	0	0
210311	1	1	1
210311	4	0	0
210311	3	0	0
210311	1	1	0
210311	3	0	0
210311	3	0	0
210311	3	0	0
210311	1	1	1
210311	3	0	0
210311	1	1	0
210311	2	1	0
210311	1	1	1
210311	3	0	0
210347	4	0	1
210347	1	1	1
210347	3	0	0
210347	4	0	0
210347	3	0	1
210347	4	0	1
210347	4	0	1
210347	1	1	1
210347	2	1	0
210347	4	0	0
210347	4	0	1
210347	4	0	1
210347	4	0	1
210347	2	1	1
210347	4	0	1
210347	3	0	0
210347	3	0	0
210347	1	1	0
210347	1	1	1
210347	1	1	1
210347	1	1	1
210347	4	1	-1
210347	3	0	0
210347	1	1	1
210347	1	1	1
210347	3	0	0
210347	3	0	0
210347	3	0	0
210347	1	1	1
210347	2	1	0
210347	2	1	0
210347	3	0	0
210347	3	0	0
210347	3	0	0
210347	3	0	1
210347	3	0	0
210347	1	1	1
210347	4	0	0
210347	3	0	0
210347	2	1	0
210347	3	0	0
210347	1	1	1
210347	3	0	0
210347	3	0	0
210347	4	0	1
210347	4	0	1
210347	4	0	1
210347	3	0	1
210347	2	0	-1
210347	1	1	1
210347	4	0	1
210347	4	0	1
210347	1	1	1
210347	3	0	0
210347	4	1	0
210347	1	1	0
210347	1	1	0
210347	4	0	1
210347	3	0	1
210347	1	1	1
210347	3	0	0
210347	4	0	1
210347	4	0	1
210347	2	1	0
210347	1	1	1
210347	3	0	0
210347	2	0	-1
210347	1	1	1
210347	2	1	0
210347	1	1	1
210347	3	0	0
210347	1	1	1
210347	4	0	1
210347	1	1	0
210347	2	0	-1
210347	3	1	-1
210347	1	1	1
210347	2	1	0
210347	3	0	0
210347	3	0	0
210347	3	0	0
210347	1	1	1
210347	3	0	0
210347	3	0	0
210347	1	1	1
210347	1	1	1
210347	4	0	1
210347	2	0	-1
210347	1	1	1
210347	1	1	0
210347	2	0	-1
210347	2	1	0
210347	4	0	1
210347	4	0	1
210347	2	1	0
210347	2	1	0
210347	1	1	0
210347	3	0	0
210347	4	0	1
210347	4	0	1
210347	4	0	1
210347	4	0	1
210347	4	0	1
210347	2	1	0
210347	2	1	0
210347	3	0	0
210347	1	0	0
210347	4	0	1
210347	2	1	1
210347	1	1	1
210347	3	0	1
210347	4	0	1
210347	4	0	1
210347	4	0	1
210347	3	0	0
210347	1	1	0
210347	4	0	1
210347	4	0	1
210347	3	0	0
210347	1	1	1
210347	4	0	1
210347	4	0	0
210347	1	1	1
210347	3	0	0
210347	4	0	1
210347	3	0	0
210347	2	1	0
210347	2	1	0
210347	2	1	0
210347	3	0	0
210347	3	0	0
210347	2	1	0
210347	1	1	1
210347	1	1	1
210347	1	1	1
210347	3	1	-1
210347	1	0	0
210347	2	0	-1
210347	4	1	0
210347	4	1	0
210347	1	0	-1
210347	4	1	0
210347	4	1	0
210347	3	1	-1
210347	2	1	0
210347	4	0	0
210347	1	0	0
210347	3	1	-1
210347	3	1	-1
210347	3	0	0
210347	3	1	-1
210347	4	1	0
210347	1	1	1
210347	1	1	1
210347	2	1	0
210347	1	1	0
210347	3	0	0
210347	1	1	1
210347	1	1	1
210347	2	0	-1
210347	1	1	0
210347	3	0	0
210347	1	1	1
210347	2	1	0
210347	1	1	1
210347	1	1	1
210347	1	1	1
210347	4	1	0
210347	2	0	-1
210347	4	1	0
210347	3	0	0
210347	2	1	0
210347	2	1	0
210347	1	1	1
210347	2	0	-1
210347	4	1	0
210347	3	1	-1
210347	3	0	0
210347	4	1	0
210347	1	1	1
210347	4	0	1
210347	4	0	1
210347	3	0	0
210347	3	0	0
210347	4	1	-1
210347	1	1	1
210347	2	0	0
210347	3	0	1
210347	4	0	1
210347	4	0	1
210347	1	1	1
210347	2	0	0
210347	3	1	-1
210347	2	1	1
210347	2	1	0
210347	1	1	1
210347	3	0	1
210347	3	0	0
210347	3	0	0
210347	2	0	-1
210347	2	1	0
210347	2	1	1
210347	4	0	1
210347	1	1	1
210347	3	0	0
210347	4	0	0
210347	4	0	1
210347	3	0	0
210347	2	1	0
210347	2	0	-1
210347	2	1	0
210347	1	1	1
210347	1	1	1
210347	2	1	0
210347	4	0	1
210347	2	0	-1
210347	3	0	0
210347	4	0	1
210347	4	0	1
210347	2	1	1
210347	1	0	0
210347	2	1	0
210347	3	1	-1
210347	1	1	1
210347	2	1	0
210347	3	0	0
210347	2	1	0
210347	1	1	1
210347	4	0	1
210347	2	0	0
210347	2	0	0
210347	1	1	1
210347	3	0	0
210347	2	1	0
210347	4	0	0
210347	3	0	1
210347	4	0	1
210347	4	0	0
210347	4	0	0
210347	3	0	0
210347	2	0	-1
210347	2	1	0
210347	1	1	1
210347	4	0	1
210347	3	1	-1
210347	4	0	0
210347	4	0	1
210347	4	0	1
210347	1	1	0
210347	3	0	0
210347	2	1	0
210347	2	1	0
210347	2	0	0
210347	4	0	1
210347	4	0	1
210347	2	1	0
210347	3	0	0
210347	4	1	0
210347	2	0	-1
210347	2	1	0
210347	2	1	0
210347	2	0	-1
210347	4	0	1
210347	4	0	1
210347	2	0	-1
210347	1	1	1
210347	2	1	0
210347	3	0	0
210347	2	1	0
210347	4	0	1
210347	2	0	-1
210347	4	0	1
210347	4	0	1
210347	4	0	1
210347	2	1	0
210347	3	1	-1
210347	4	0	1
210347	4	0	1
210347	2	0	-1
210347	3	0	0
210347	2	1	1
210347	4	0	1
210347	4	0	1
210347	4	0	1
210347	4	0	1
210347	4	0	1
210347	4	0	1
210347	1	0	0
210347	1	1	1
210347	4	0	1
210347	2	1	1
210347	1	1	1
210347	4	0	1
210347	4	0	1
210347	3	0	0
210347	4	0	1
210347	1	0	0
210347	3	0	0
210347	4	0	1
210347	4	1	0
210347	2	1	0
210347	4	0	1
210347	2	0	-1
210347	2	1	1
210347	4	0	1
210347	4	0	0
210347	1	1	1
210347	4	0	1
210347	2	0	-1
210347	4	0	1
210347	4	0	1
210347	2	1	1
210347	2	1	0
210347	4	0	1
210347	4	0	1
210347	1	1	1
210347	1	1	1
210347	4	0	0
210347	2	1	1
210347	1	1	1
210460	1	1	0
210460	1	1	0
210460	1	1	1
210460	1	1	1
210460	3	0	0
210460	2	1	0
210460	3	0	1
210460	4	0	1
210460	4	0	0
210460	4	0	1
210460	4	0	1
210460	4	0	1
210460	3	0	1
210460	2	1	0
210460	4	0	1
210460	2	1	0
210460	2	0	-1
210460	4	1	0
210460	2	1	0
210460	2	1	0
210460	2	1	0
210460	2	1	1
210460	4	0	1
210460	2	1	1
210460	2	0	-1
210460	2	1	0
210460	4	0	1
210460	4	0	1
210460	4	0	1
210460	4	0	1
210460	2	1	0
210460	4	0	1
210460	3	0	0
210460	2	1	0
210460	2	1	0
210460	1	1	0
210460	2	1	0
210460	4	0	1
210460	3	0	0
210460	4	1	0
210460	3	0	0
210460	2	0	0
210460	2	1	1
210460	3	0	0
210460	4	0	1
210460	1	1	1
210460	1	1	1
210460	3	0	0
210460	3	0	1
210460	2	1	0
210460	3	0	1
210460	3	0	0
210460	3	0	0
210460	2	1	0
210460	3	0	0
210460	1	1	1
210460	1	1	1
210460	4	0	1
210460	1	1	1
210460	3	0	0
210460	1	1	1
210460	1	1	0
210460	1	1	0
210460	4	0	1
210460	3	0	0
210460	3	0	0
210460	4	0	1
210460	1	1	1
210460	3	0	0
210460	3	0	0
210460	1	1	1
210460	3	0	1
210460	3	0	0
210460	1	1	0
210460	4	1	0
210460	2	1	0
210460	1	1	1
210460	3	0	0
210460	2	1	0
210460	4	0	0
210460	2	0	-1
210460	3	1	0
210460	4	1	0
210460	2	1	0
210460	3	0	0
210460	3	1	0
210460	2	0	-1
210460	1	1	1
210460	3	0	0
210460	1	1	1
210460	3	0	0
210460	1	1	1
210460	3	0	0
210460	1	1	1
210460	2	0	-1
210460	4	1	0
210460	2	1	0
210460	4	0	1
210460	4	0	1
210460	1	1	1
210460	1	1	1
210460	2	1	0
210460	4	0	1
210460	2	1	0
210460	1	0	0
210460	3	0	0
210460	2	1	0
210460	3	0	0
210460	2	1	0
210460	2	1	0
210460	4	0	1
210460	4	0	1
210460	3	0	0
210460	4	0	1
210460	2	1	0
210460	1	1	0
210460	3	0	0
210460	4	0	1
210460	2	1	0
210460	4	0	1
210460	1	1	1
210460	3	0	0
210460	3	0	0
210460	1	1	1
210460	4	0	1
210460	3	0	0
210460	2	1	0
210460	3	0	0
210460	4	0	1
210460	1	1	1
210460	1	1	1
210460	1	1	0
210460	4	0	1
210460	2	0	-1
210460	2	1	0
210460	2	1	0
210460	4	0	0
210460	3	0	0
210460	3	0	0
210460	4	0	1
210460	2	1	0
210460	2	1	0
210460	1	1	1
210460	4	0	0
210460	1	1	1
210460	4	0	1
210460	3	0	1
210460	3	0	0
210460	3	0	0
210460	2	1	0
210460	3	0	0
210460	4	0	1
210460	1	1	1
210460	1	1	1
210460	2	1	0
210460	4	0	1
210460	1	1	1
210460	1	1	0
210460	3	0	0
210460	4	0	0
210460	2	1	0
210460	1	1	1
210460	1	0	0
210460	4	0	1
210460	4	0	1
210460	4	0	0
210460	2	1	0
210460	2	1	0
210460	4	0	1
210460	3	0	0
210460	4	0	1
210460	2	1	0
210460	1	1	1
210460	3	0	0
210460	2	1	0
210460	2	1	1
210460	4	0	1
210460	4	0	1
210460	2	1	0
210460	4	0	1
210460	4	0	1
210460	2	1	0
210460	1	1	1
210460	3	0	0
210460	4	0	1
210460	2	1	0
210460	4	0	0
210460	4	0	1
210460	2	1	1
210460	2	1	0
210460	2	1	0
210460	3	0	0
210460	4	0	1
210460	4	0	1
210460	4	0	1
210460	3	0	0
210460	3	0	0
210460	1	1	1
210460	1	1	1
210460	2	1	0
210460	4	0	1
210460	2	1	0
210460	4	0	1
210460	3	0	0
210460	4	0	1
210460	3	0	0
210460	4	0	1
210460	4	0	1
210460	4	0	1
210460	2	1	0
210460	4	0	0
210460	1	1	1
210460	2	1	0
210460	1	1	0
210460	4	0	1
210460	2	1	0
210460	4	0	1
210460	1	1	1
210460	4	0	1
210460	3	0	0
210460	4	0	1
210460	4	0	1
210460	1	1	1
210460	4	0	0
210460	4	0	0
210460	2	1	0
210460	2	1	0
210460	2	1	0
210460	1	1	0
210460	1	1	0
210460	4	1	0
210460	2	0	-1
210460	3	0	0
210460	2	1	0
210460	2	1	0
210460	1	1	1
210460	2	1	1
210460	2	1	0
210460	4	1	-1
210460	2	1	1
210460	4	0	1
210460	4	0	1
210460	4	0	0
210460	4	0	0
210460	4	0	0
210460	2	1	0
210460	3	0	1
210460	4	1	0
210460	4	1	0
210460	1	1	1
210460	4	0	1
210460	4	0	0
210460	3	0	0
210460	4	1	0
210460	4	0	0
210460	4	0	0
210460	4	0	1
210460	2	1	0
210460	1	1	1
210460	4	0	1
210460	3	0	0
210460	4	0	1
210460	4	0	1
210460	4	0	0
210460	2	1	0
210460	4	0	0
210460	4	1	0
210460	3	0	0
210460	4	0	0
210460	1	1	1
210460	3	0	0
210460	4	0	1
210460	4	0	0
210460	4	0	1
210460	2	1	0
210460	4	0	1
210460	4	0	1
210460	4	0	1
210460	3	0	0
210460	4	0	1
210460	3	0	0
210460	2	1	0
210460	2	0	0
210460	4	0	1
210460	2	1	0
210460	4	0	1
210460	1	1	1
210460	2	1	0
210460	4	0	1
210460	3	0	0
210460	2	1	0
210460	1	1	0
210460	1	1	1
210460	4	0	1
210460	4	0	1
210460	1	1	1
210460	1	1	1
210460	4	0	1
210460	4	0	1
210460	2	1	0
210460	1	1	1
210460	4	0	1
210460	3	0	0
210460	1	1	1
210460	3	0	0
210460	1	1	1
210460	4	0	1
210460	4	0	0
210460	1	1	0
210460	1	1	1
210460	1	1	1
210460	3	0	0
210460	2	1	0
210460	2	1	1
210460	2	1	1
210460	2	1	0
210460	1	1	0
210460	2	0	-1
210460	3	0	0
210460	4	0	1
210460	2	1	0
210460	4	0	1
210460	1	1	1
210460	4	0	1
210460	1	1	1
210460	3	0	0
210460	1	0	0
210460	3	0	0
210460	4	0	1
210460	3	1	-1
210460	1	1	1
210460	3	0	1
210460	1	1	0
210460	4	0	0
210460	3	0	0
210460	3	0	0
210460	1	1	1
210460	3	0	0
210460	4	0	1
210460	2	1	0
210460	3	0	0
210460	3	0	0
210460	1	1	0
210460	4	0	1
210460	2	0	-1
210460	1	1	1
210460	2	1	1
210460	1	1	0
210460	3	0	0
210460	3	0	0
210460	1	1	1
210460	2	1	1
210460	1	1	1
210460	1	1	0
210460	1	1	1
210460	1	1	0
210460	2	1	0
210460	3	0	0
210460	3	0	1
210460	4	1	0
210460	3	0	1
210460	2	1	1
210460	3	0	1
210460	1	1	1
210460	1	1	1
210460	3	0	0
210460	2	1	1
210460	4	0	1
210460	4	0	1
210460	1	1	1
210460	3	0	0
210460	3	0	0
210460	4	0	1
210460	4	0	1
210460	4	0	1
210460	3	0	0
210460	4	0	1
210460	1	1	1
210460	3	0	0
210460	3	0	0
210460	2	1	0
210460	2	1	0
210460	3	0	1
210460	4	0	1
210460	3	0	0
210460	1	1	1
210460	3	0	0
210460	2	1	0
210460	1	1	0
210460	4	0	0
210460	3	0	0
210460	1	1	1
210460	1	0	0
210460	2	0	0
210460	1	1	0
210460	1	1	1
210460	3	0	0
210460	2	1	0
210460	1	1	0
210460	1	1	1
210483	3	1	-1
210483	2	1	0
210483	3	1	0
210483	3	0	0
210483	1	1	0
210483	3	1	-1
210483	2	1	0
210483	3	1	-1
210483	3	0	0
210483	1	1	1
210483	3	0	0
210483	1	1	1
210483	1	1	1
210483	1	1	1
210483	2	1	0
210483	1	1	1
210483	3	0	0
210483	1	1	1
210483	4	1	0
210483	1	1	1
210483	4	1	0
210483	3	0	0
210483	1	1	1
210483	3	1	-1
210483	4	1	0
210483	1	1	1
210483	2	0	-1
210483	2	0	-1
210483	2	0	0
210483	1	1	1
210483	4	1	-1
210483	4	1	-1
210483	4	1	0
210483	4	1	0
210483	1	0	0
210483	4	1	0
210483	1	0	0
210483	3	1	-1
210483	1	1	1
210483	4	1	0
210483	3	1	0
210483	2	0	-1
210483	2	0	-1
210483	2	1	0
210483	4	1	0
210483	3	0	0
210483	4	1	0
210483	4	1	0
210483	2	0	-1
210483	3	1	-1
210483	2	0	-1
210483	3	1	0
210483	4	1	0
210483	3	1	-1
210483	2	0	-1
210483	1	1	1
210483	4	1	-1
210483	2	0	-1
210483	2	1	0
210483	4	1	-1
210483	1	0	0
210483	1	1	1
210483	4	1	0
210483	2	1	0
210483	3	0	0
210483	3	0	0
210483	3	0	0
210483	2	0	-1
210483	2	1	0
210483	1	1	1
210483	2	1	0
210483	4	1	0
210483	1	1	1
210483	4	0	1
210483	4	0	0
210483	4	0	1
210483	1	1	1
210483	2	1	0
210483	3	0	0
210483	2	1	0
210483	1	0	0
210483	2	1	0
210483	4	1	-1
210483	4	1	0
210483	1	1	1
210483	2	1	1
210483	2	0	-1
210483	2	1	0
210483	2	0	-1
210483	2	1	0
210483	4	1	0
210483	4	0	1
210483	2	1	0
210483	4	1	0
210483	3	0	0
210483	2	1	0
210483	4	0	1
210483	4	1	0
210483	4	1	0
210483	4	1	-1
210483	4	0	1
210483	1	1	0
210483	4	0	1
210483	3	1	-1
210483	2	1	0
210483	3	1	-1
210483	2	1	0
210483	3	0	0
210483	4	1	0
210483	2	1	0
210483	1	1	1
210483	2	0	-1
210483	4	0	1
210483	1	1	0
210483	4	1	0
210483	2	1	0
210483	2	1	0
210483	4	1	-1
210483	1	0	-1
210483	2	0	-1
210483	1	1	1
210483	4	1	0
210483	2	0	-1
210483	2	1	0
210483	1	1	1
210483	4	1	0
210483	2	0	-1
210483	3	1	-1
210483	2	0	-1
210483	1	1	1
210483	4	1	0
210483	4	0	1
210483	2	0	0
210483	4	1	0
210483	1	0	0
210483	2	1	0
210483	3	1	-1
210483	3	1	-1
210483	3	0	0
210483	2	0	0
210483	2	0	-1
210483	3	1	-1
210483	4	1	0
210483	2	0	0
210483	4	1	0
210483	4	0	1
210483	3	1	-1
210483	2	0	-1
210483	4	1	0
210483	4	0	1
210483	1	1	0
210483	4	0	0
210483	2	1	1
210483	4	1	0
210483	2	1	0
210483	3	1	-1
210483	1	1	1
210483	3	1	0
210483	4	1	0
210483	2	1	0
210483	2	1	0
210483	2	1	0
210483	2	1	1
210483	2	0	0
210483	2	0	0
210483	1	1	0
210483	2	1	0
210483	3	1	0
210483	2	1	1
210483	4	1	0
210483	1	0	0
210483	4	0	1
210483	4	1	0
210483	3	1	-1
210483	1	1	0
210483	4	0	1
210483	2	0	-1
210483	2	0	0
210483	3	1	-1
210483	2	1	0
210483	2	1	0
210483	1	1	1
210483	3	1	-1
210483	1	1	1
210483	2	0	-1
210483	1	1	1
210483	2	1	0
210483	2	1	0
210483	4	1	0
210483	3	1	-1
210483	2	1	0
210483	1	0	-1
210483	2	1	0
210483	2	1	0
210483	4	0	1
210483	2	1	0
210483	2	1	1
210483	2	0	-1
210483	4	1	0
210483	4	0	1
210483	4	1	0
210483	2	1	1
210483	2	0	-1
210483	4	1	0
210483	1	1	1
210483	2	1	0
210483	1	1	1
210483	4	1	0
210483	2	1	1
210483	2	1	0
210483	2	1	1
210483	1	1	1
210483	3	1	0
210483	2	1	0
210483	3	1	-1
210483	2	1	0
210483	2	1	0
210483	2	1	0
210483	1	1	0
210483	2	1	0
210483	4	1	0
210483	4	1	0
210483	2	0	-1
210483	2	0	-1
210483	1	1	1
210483	4	1	0
210483	4	1	0
210483	3	1	0
210483	2	1	0
210483	2	1	1
210483	2	1	0
210483	4	1	0
210483	2	1	1
210483	2	1	0
210483	3	1	-1
210483	3	1	-1
210483	2	1	0
210483	2	1	0
210483	3	1	-1
210483	3	1	-1
210483	3	1	-1
210483	2	1	0
210483	2	0	-1
210483	3	1	0
210483	4	1	0
210483	1	1	0
210483	4	1	0
210483	3	1	0
210483	4	1	0
210483	4	1	0
210483	3	1	-1
210483	1	1	0
210483	2	1	0
210483	1	1	1
210483	1	1	1
210483	2	1	0
210483	3	1	-1
210483	3	1	0
210483	1	1	1
210483	3	1	-1
210483	1	0	0
210483	3	1	-1
210483	1	1	0
210483	3	1	-1
210483	2	1	0
210483	2	1	0
210483	4	0	1
210483	2	0	-1
210483	1	1	0
210483	3	1	-1
210483	3	1	0
210483	3	1	-1
210483	1	0	0
210483	4	0	1
210483	1	1	0
210483	1	0	0
210483	1	0	0
210483	1	0	0
210483	1	0	0
210483	1	0	-1
210483	1	0	0
210483	2	1	0
210483	3	1	-1
210483	3	1	-1
210483	1	1	1
210483	4	1	-1
210483	1	0	0
210483	4	1	-1
210483	3	1	-1
210483	1	1	1
210483	2	0	0
210483	3	1	-1
210483	4	0	1
210483	1	0	-1
210483	3	1	0
210483	3	1	-1
210483	3	1	-1
210483	2	1	0
210483	1	1	0
210483	2	1	0
210483	3	1	-1
210483	1	1	0
210483	4	0	0
210483	3	0	1
210483	3	1	-1
210483	4	0	1
210483	1	0	0
210483	2	1	0
210483	1	1	1
210483	3	1	-1
210483	3	1	0
210483	3	1	-1
210483	1	0	0
210483	4	0	1
210483	3	1	-1
210483	1	1	1
210483	3	1	-1
210483	1	1	1
210483	3	1	-1
210483	1	1	1
210578	2	0	-1
210578	2	0	-1
210578	4	0	1
210578	4	0	1
210578	3	0	0
210578	3	0	0
210578	4	0	0
210578	4	0	0
210578	3	0	0
210578	3	0	0
210578	2	0	0
210578	2	0	0
210578	1	1	1
210578	1	1	1
210578	4	0	1
210578	4	0	1
210578	3	0	0
210578	3	0	0
210578	2	0	-1
210578	2	0	-1
210578	2	1	0
210578	2	1	0
210578	4	0	1
210578	4	0	1
210578	4	0	0
210578	4	0	0
210578	1	1	1
210578	1	1	1
210578	2	0	-1
210578	2	0	-1
210578	1	1	1
210578	1	1	1
210578	3	0	0
210578	3	0	0
210578	4	1	0
210578	4	1	0
210578	4	1	-1
210578	4	1	-1
210578	2	0	0
210578	2	0	0
210578	4	0	1
210578	4	0	1
210578	2	1	1
210578	2	1	1
210578	1	0	0
210578	1	0	0
210578	3	0	0
210578	3	0	0
210578	2	1	0
210578	2	1	0
210578	2	1	0
210578	2	1	0
210578	2	1	1
210578	2	1	1
210578	2	1	0
210578	2	1	0
210578	3	0	0
210578	3	0	0
210578	3	1	-1
210578	3	1	-1
210578	4	1	0
210578	4	1	0
210578	4	0	0
210578	4	0	0
210578	2	1	0
210578	2	1	0
210578	4	0	1
210578	4	0	1
210578	4	0	1
210578	4	0	1
210578	2	0	-1
210578	2	0	-1
210578	2	1	0
210578	2	1	0
210578	1	1	0
210578	1	1	0
210578	4	0	1
210578	4	0	1
210578	2	0	0
210578	2	0	0
210578	2	0	0
210578	2	0	0
210578	4	1	0
210578	4	1	0
210578	4	0	1
210578	4	0	1
210578	1	1	0
210578	1	1	0
210578	3	1	-1
210578	3	1	-1
210578	2	1	0
210578	2	1	0
210578	1	1	1
210578	1	1	1
210578	2	0	0
210578	2	0	0
210578	4	1	0
210578	4	1	0
210578	3	0	0
210578	3	0	0
210578	2	0	-1
210578	2	0	-1
210578	3	1	-1
210578	3	1	-1
210578	1	1	1
210578	1	1	1
210578	1	1	0
210578	1	1	0
210578	2	0	-1
210578	2	0	-1
210578	4	1	0
210578	4	1	0
210578	2	1	0
210578	2	1	0
210578	1	1	1
210578	1	1	1
210578	2	0	-1
210578	2	0	-1
210578	2	1	0
210578	2	1	0
210578	3	0	0
210578	3	0	0
210578	2	1	0
210578	2	1	0
210578	3	0	1
210578	3	0	1
210578	3	0	0
210578	3	0	0
210578	4	1	0
210578	4	1	0
210578	2	0	-1
210578	2	0	-1
210578	3	1	-1
210578	3	1	-1
210578	1	1	1
210578	1	1	1
210578	2	0	-1
210578	2	0	-1
210578	4	1	0
210578	4	1	0
210578	3	1	-1
210578	3	1	-1
210578	1	1	1
210578	1	1	1
210578	3	0	0
210578	3	0	0
210578	1	1	1
210578	1	1	1
210578	2	0	0
210578	2	0	0
210578	2	0	-1
210578	2	0	-1
210578	2	1	0
210578	2	1	0
210578	3	1	-1
210578	3	1	-1
210578	4	1	0
210578	4	1	0
210578	1	1	1
210578	1	1	1
210578	3	0	0
210578	3	0	0
210578	4	1	0
210578	4	1	0
210578	1	1	1
210578	1	1	1
210578	1	1	1
210578	1	1	1
210578	2	0	-1
210578	2	0	-1
210578	1	1	1
210578	1	1	1
210578	2	1	0
210578	2	1	0
210578	3	0	0
210578	3	0	0
210578	3	0	0
210578	3	0	0
210578	1	1	1
210578	1	1	1
210578	4	1	0
210578	4	1	0
210578	1	1	1
210578	1	1	1
210578	1	1	1
210578	1	1	1
210578	3	0	0
210578	3	0	0
210578	2	1	1
210578	2	1	1
210578	3	0	0
210578	3	0	0
210578	2	1	0
210578	2	1	0
210578	4	0	1
210578	4	0	1
210578	3	0	0
210578	3	0	0
210578	4	0	1
210578	4	0	1
210578	4	0	0
210578	4	0	0
210578	1	0	0
210578	1	0	0
210578	4	0	1
210578	4	0	1
210578	2	0	-1
210578	2	0	-1
210578	2	1	0
210578	2	1	0
210578	1	1	1
210578	1	1	1
210578	1	1	1
210578	1	1	1
210578	3	0	0
210578	3	0	0
210578	2	1	0
210578	2	1	0
210578	4	0	1
210578	4	0	1
210578	3	0	0
210578	3	0	0
210578	4	0	1
210578	4	0	1
210578	4	0	0
210578	4	0	0
210578	4	0	1
210578	4	0	1
210578	3	0	0
210578	3	0	0
210578	4	0	1
210578	4	0	1
210578	4	0	1
210578	4	0	1
210578	1	1	1
210578	1	1	1
210578	3	0	1
210578	3	0	1
210578	4	0	1
210578	4	0	1
210578	1	1	1
210578	1	1	1
210578	2	0	0
210578	2	0	0
210578	2	1	0
210578	2	1	0
210578	4	0	1
210578	4	0	1
210578	2	1	0
210578	2	1	0
210578	4	0	1
210578	4	0	1
210578	4	1	0
210578	4	1	0
210578	1	1	1
210578	1	1	1
210578	4	1	0
210578	4	1	0
210578	1	1	1
210578	1	1	1
210578	4	1	-1
210578	4	1	-1
210578	1	1	1
210578	1	1	1
210578	3	0	0
210578	3	0	0
210578	3	0	0
210578	3	0	0
210578	1	1	0
210578	1	1	0
210578	4	0	1
210578	4	0	1
210578	3	0	0
210578	3	0	0
210578	1	1	0
210578	1	1	0
210578	4	0	0
210578	4	0	0
210578	3	0	1
210578	3	0	1
210578	2	1	1
210578	2	1	1
210578	1	0	0
210578	1	0	0
210578	3	1	-1
210578	3	1	-1
210578	3	0	0
210578	3	0	0
210578	2	1	0
210578	2	1	0
210578	4	0	1
210578	4	0	1
210578	4	0	1
210578	4	0	1
210578	2	1	0
210578	2	1	0
210578	4	0	1
210578	4	0	1
210578	3	0	0
210578	3	0	0
210578	4	0	1
210578	4	0	1
210578	4	0	1
210578	4	0	1
210578	3	1	-1
210578	3	1	-1
210578	4	0	1
210578	4	0	1
210578	4	0	1
210578	4	0	1
210578	3	0	0
210578	3	0	0
210578	3	1	-1
210578	3	1	-1
210578	4	0	1
210578	4	0	1
210578	4	0	1
210578	4	0	1
210578	1	0	0
210578	1	0	0
210578	4	0	1
210578	4	0	1
210578	2	1	0
210578	2	1	0
210578	2	1	0
210578	2	1	0
210578	1	1	1
210578	1	1	1
210578	2	1	1
210578	2	1	1
210578	2	1	0
210578	2	1	0
210578	4	0	1
210578	4	0	1
210578	2	1	0
210578	2	1	0
210578	4	0	0
210578	4	0	0
210578	4	0	0
210578	4	0	0
210578	4	0	0
210578	4	0	0
210578	3	1	-1
210578	3	1	-1
210578	2	1	1
210578	2	1	1
210578	4	0	0
210578	4	0	0
210578	4	0	1
210578	4	0	1
210578	2	1	0
210578	2	1	0
210578	4	0	1
210578	4	0	1
210578	2	0	-1
210578	2	0	-1
210578	4	1	0
210578	4	1	0
210578	1	1	1
210578	1	1	1
210578	4	1	0
210578	4	1	0
210578	4	1	0
210578	4	1	0
210578	4	1	0
210578	4	1	0
210578	4	1	-1
210578	4	1	-1
210578	4	0	1
210578	4	0	1
210578	4	0	1
210578	4	0	1
210578	4	0	1
210578	4	0	1
210578	4	1	-1
210578	4	1	-1
210578	4	1	0
210578	4	1	0
210578	2	1	1
210578	2	1	1
210578	1	1	1
210578	1	1	1
210578	3	0	0
210578	3	0	0
210578	4	0	1
210578	4	0	1
210578	2	0	-1
210578	2	0	-1
210578	1	1	1
210578	1	1	1
210578	2	1	0
210578	2	1	0
210578	1	1	1
210578	1	1	1
210578	1	1	1
210578	1	1	1
210578	1	1	1
210578	1	1	1
210578	2	1	0
210578	2	1	0
210578	2	1	0
210578	2	1	0
210578	2	1	0
210578	2	1	0
210578	2	1	0
210578	2	1	0
210578	1	0	0
210578	1	0	0
210578	4	1	0
210578	4	1	0
210578	2	0	-1
210578	2	0	-1
210578	4	1	0
210578	4	1	0
210578	4	0	1
210578	4	0	1
210578	4	0	1
210578	4	0	1
210578	4	0	1
210578	4	0	1
210578	4	0	0
210578	4	0	0
210578	2	1	0
210578	2	1	0
210578	4	0	1
210578	4	0	1
210578	4	0	1
210578	4	0	1
210578	4	0	1
210578	4	0	1
210578	4	0	0
210578	4	0	0
210578	2	1	0
210578	2	1	0
210578	3	0	1
210578	3	0	1
210578	4	1	0
210578	4	1	0
210578	4	1	0
210578	4	1	0
210578	2	0	-1
210578	2	0	-1
210578	1	1	0
210578	1	1	0
210578	3	0	1
210578	3	0	1
210578	2	1	0
210578	2	1	0
210578	3	0	1
210578	3	0	1
210578	2	0	-1
210578	2	0	-1
210578	3	0	0
210578	3	0	0
210578	4	0	1
210578	4	0	1
210578	4	0	1
210578	4	0	1
210578	2	0	-1
210578	2	0	-1
210578	3	0	1
210578	3	0	1
210578	4	0	1
210578	4	0	1
210578	2	1	1
210578	2	1	1
210578	2	1	0
210578	2	1	0
210578	1	0	0
210578	1	0	0
210578	4	0	1
210578	4	0	1
210578	1	1	1
210578	1	1	1
210578	4	0	1
210578	4	0	1
210578	2	1	0
210578	2	1	0
210578	2	1	0
210578	2	1	0
210578	2	1	0
210578	2	1	0
210578	3	0	0
210578	3	0	0
210578	3	0	0
210578	3	0	0
210578	2	0	-1
210578	2	0	-1
210578	1	1	0
210578	1	1	0
210578	4	1	-1
210578	4	1	-1
210578	4	1	0
210578	4	1	0
210578	4	0	1
210578	4	0	1
210578	4	0	1
210578	4	0	1
210578	4	0	1
210578	4	0	1
210578	1	1	1
210578	1	1	1
210578	4	1	0
210578	4	1	0
210578	4	0	1
210578	4	0	1
210578	1	1	1
210578	1	1	1
210578	1	1	1
210578	1	1	1
210578	4	0	1
210578	4	0	1
210578	4	0	0
210578	4	0	0
210578	2	1	0
210578	2	1	0
210578	2	1	0
210578	2	1	0
210578	2	1	0
210578	2	1	0
210578	3	0	1
210578	3	0	1
210578	2	1	0
210578	2	1	0
210578	4	0	1
210578	4	0	1
210578	1	1	1
210578	1	1	1
210578	1	1	1
210578	1	1	1
210578	3	0	0
210578	3	0	0
210578	2	1	0
210578	2	1	0
210578	3	0	0
210578	3	0	0
210578	3	0	0
210578	3	0	0
210578	1	1	0
210578	1	1	0
210578	1	1	0
210578	1	1	0
210578	4	0	1
210578	4	0	1
210578	1	1	0
210578	1	1	0
210578	1	1	1
210578	1	1	1
210578	1	1	1
210578	1	1	1
210578	3	0	0
210578	3	0	0
210578	2	1	0
210578	2	1	0
210578	3	0	0
210578	3	0	0
210578	3	0	1
210578	3	0	1
210578	2	1	0
210578	2	1	0
210578	3	0	0
210578	3	0	0
210578	4	0	1
210578	4	0	1
210578	3	0	0
210578	3	0	0
210578	3	0	0
210578	3	0	0
210578	3	0	0
210578	3	0	0
210578	4	1	0
210578	4	1	0
210578	3	0	0
210578	3	0	0
210578	3	0	0
210578	3	0	0
210578	1	1	1
210578	1	1	1
210578	3	0	0
210578	3	0	0
210578	1	1	1
210578	1	1	1
210578	1	1	1
210578	1	1	1
210578	1	1	1
210578	1	1	1
210578	1	1	0
210578	1	1	0
210578	1	1	1
210578	1	1	1
210578	2	1	0
210578	2	1	0
210578	2	1	0
210578	2	1	0
210578	1	1	1
210578	1	1	1
210578	3	0	0
210578	3	0	0
210578	2	1	0
210578	2	1	0
210578	3	0	0
210578	3	0	0
210578	3	0	0
210578	3	0	0
210578	1	1	1
210578	1	1	1
210578	1	1	1
210578	1	1	1
210578	1	1	1
210578	1	1	1
210578	3	1	0
210578	3	1	0
210578	1	1	1
210578	1	1	1
210578	3	0	0
210578	3	0	0
210578	4	0	0
210578	4	0	0
210578	4	0	1
210578	4	0	1
210578	1	1	1
210578	1	1	1
210578	3	0	0
210578	3	0	0
210578	4	0	1
210578	4	0	1
210578	4	0	1
210578	4	0	1
210578	1	1	1
210578	1	1	1
210578	3	0	0
210578	3	0	0
210578	1	1	0
210578	1	1	0
210578	4	0	1
210578	4	0	1
210578	1	1	1
210578	1	1	1
210578	3	0	0
210578	3	0	0
210578	2	1	0
210578	2	1	0
210578	1	0	0
210578	1	0	0
210578	2	1	1
210578	2	1	1
210578	2	1	0
210578	2	1	0
210578	3	0	0
210578	3	0	0
210578	2	0	-1
210578	2	0	-1
210578	3	0	0
210578	3	0	0
210578	4	0	1
210578	4	0	1
210578	4	0	0
210578	4	0	0
210578	1	1	1
210578	1	1	1
210578	4	0	1
210578	4	0	1
210578	4	0	1
210578	4	0	1
210578	4	0	1
210578	4	0	1
210578	3	1	0
210578	3	1	0
210578	4	0	1
210578	4	0	1
210578	4	0	1
210578	4	0	1
210578	4	0	1
210578	4	0	1
210578	4	0	0
210578	4	0	0
210578	3	1	0
210578	3	1	0
210578	4	0	1
210578	4	0	1
210578	2	0	-1
210578	2	0	-1
210578	3	0	0
210578	3	0	0
210578	1	1	1
210578	1	1	1
210578	2	1	0
210578	2	1	0
210578	1	1	0
210578	1	1	0
210578	4	0	1
210578	4	0	1
210578	2	1	0
210578	2	1	0
210578	4	0	1
210578	4	0	1
210578	4	0	1
210578	4	0	1
210578	3	0	0
210578	3	0	0
210578	3	0	1
210578	3	0	1
210578	1	1	1
210578	1	1	1
210578	1	1	1
210578	1	1	1
210578	1	1	1
210578	1	1	1
210578	1	1	1
210578	1	1	1
210578	1	1	0
210578	1	1	0
210578	3	1	-1
210578	3	1	-1
210578	1	1	1
210578	1	1	1
210578	1	1	1
210578	1	1	1
210578	2	1	0
210578	2	1	0
210578	2	1	0
210578	2	1	0
210578	3	0	0
210578	3	0	0
210578	1	1	0
210578	1	1	0
210578	1	1	0
210578	1	1	0
210578	2	1	0
210578	2	1	0
210578	3	0	1
210578	3	0	1
210578	3	0	0
210578	3	0	0
210578	4	0	1
210578	4	0	1
210578	3	0	0
210578	3	0	0
210578	4	0	1
210578	4	0	1
210578	4	0	1
210578	4	0	1
210578	4	0	0
210578	4	0	0
210578	4	0	0
210578	4	0	0
210578	2	1	0
210578	2	1	0
210578	4	0	0
210578	4	0	0
210578	3	0	0
210578	3	0	0
210578	3	0	1
210578	3	0	1
210578	4	0	0
210578	4	0	0
210578	3	0	0
210578	3	0	0
210578	3	0	1
210578	3	0	1
210578	2	1	1
210578	2	1	1
210578	4	0	1
210578	4	0	1
210578	4	0	1
210578	4	0	1
210578	3	0	1
210578	3	0	1
210578	3	0	1
210578	3	0	1
210578	2	1	0
210578	2	1	0
210578	3	0	1
210578	3	0	1
210578	2	0	-1
210578	2	0	-1
210578	3	0	0
210578	3	0	0
210578	1	1	1
210578	1	1	1
210578	1	1	0
210578	1	1	0
210578	3	0	0
210578	3	0	0
210578	1	1	1
210578	1	1	1
210578	1	1	1
210578	1	1	1
210578	2	1	0
210578	2	1	0
210578	3	0	0
210578	3	0	0
210578	1	1	0
210578	1	1	0
210578	1	1	1
210578	1	1	1
210578	1	1	0
210578	1	1	0
210578	1	1	1
210578	1	1	1
210916	3	0	0
210916	1	1	1
210916	3	1	-1
210916	1	1	1
210916	3	1	0
210916	4	0	0
210916	4	0	0
210916	2	1	0
210916	1	1	1
210916	2	1	0
210916	1	1	1
210916	2	0	-1
210916	2	1	0
210916	1	1	1
210916	1	1	1
210916	2	0	-1
210916	3	1	0
210916	2	1	0
210916	1	1	0
210916	1	1	1
210916	4	1	0
210916	4	1	0
210916	3	1	-1
210916	2	0	-1
210916	3	1	-1
210916	3	1	-1
210916	1	1	1
210916	3	0	1
210916	3	1	-1
210916	3	1	0
210916	1	0	0
210916	1	1	1
210916	4	1	0
210916	4	1	0
210916	1	1	1
210916	1	1	1
210916	4	1	0
210916	1	1	1
210916	2	1	0
210916	1	1	0
210916	2	1	0
210916	2	1	0
210916	2	1	0
210916	1	1	1
210916	3	1	-1
210916	2	1	1
210916	3	1	-1
210916	4	1	0
210916	2	1	0
210916	3	1	-1
210916	1	1	0
210916	3	1	-1
210916	1	1	1
210916	1	1	1
210916	1	0	0
210916	3	1	-1
210916	4	1	0
210916	3	0	0
210916	3	1	-1
210916	3	1	-1
210916	3	1	-1
210916	3	1	-1
210916	2	0	-1
210916	2	1	0
210916	1	1	1
210916	2	1	0
210916	4	1	0
210916	1	1	1
210916	3	0	0
210916	1	1	1
210916	1	1	1
210916	1	1	1
210916	1	1	1
210916	1	1	1
210916	1	1	1
210916	3	1	0
210916	3	1	-1
210916	3	0	0
210916	4	1	0
210916	3	0	0
210916	3	0	0
210916	1	1	1
210916	2	0	-1
210916	1	1	0
210916	3	1	0
210916	4	1	0
210916	1	1	1
210916	4	1	0
210916	4	1	0
210916	2	0	-1
210916	4	1	0
210916	4	1	0
210916	2	1	1
210916	4	1	0
210916	2	1	0
210916	4	1	0
210916	2	1	0
210916	2	0	-1
210916	1	1	1
210916	4	1	0
210916	1	1	1
210916	4	0	0
210916	2	1	0
210916	1	0	-1
210916	3	1	-1
210916	1	1	1
210916	1	1	0
210916	2	1	0
210916	1	1	1
210916	4	0	1
210916	1	1	1
210916	1	0	0
210916	2	0	-1
210916	3	1	-1
210916	4	1	0
210916	2	1	0
210916	2	1	0
210916	4	1	0
210916	4	0	1
210916	4	1	0
210916	2	0	-1
210916	4	0	1
210916	2	1	0
210916	2	0	-1
210916	1	1	1
210916	4	1	0
210916	3	1	-1
210916	2	1	0
210916	2	1	0
210916	4	1	0
210916	1	1	1
210916	4	1	0
210916	1	1	1
210916	4	1	0
210916	2	1	0
210916	3	1	0
210916	3	1	-1
210916	2	0	0
210916	3	0	0
210916	2	0	-1
210916	3	1	0
210916	2	1	0
210916	4	1	0
210916	4	1	0
210916	2	0	0
210916	3	0	0
210916	2	0	-1
210916	3	1	-1
210916	3	1	0
210916	4	1	0
210916	4	1	0
210916	1	1	1
210916	2	1	1
210916	1	1	1
210916	4	1	-1
210916	3	1	-1
210916	4	1	0
210916	2	1	0
210916	3	0	1
210916	2	1	0
210916	1	1	1
210916	3	0	0
210916	2	0	-1
210916	1	1	1
210916	3	1	-1
210916	3	1	-1
210916	4	1	0
210916	4	1	0
210916	1	1	1
210916	1	1	0
210916	2	0	-1
210916	2	0	-1
210916	1	1	1
210916	3	1	-1
210916	1	1	1
210916	2	0	-1
210916	1	1	1
210916	1	1	1
210916	2	0	-1
210916	4	1	0
210916	4	1	0
210916	2	0	-1
210916	1	1	1
210916	3	1	-1
210916	3	0	1
210916	2	0	-1
210916	3	0	0
210916	4	1	-1
210916	4	1	0
210916	3	0	1
210916	1	1	1
210916	4	1	-1
210916	2	0	-1
210916	1	1	1
210916	2	0	0
210916	3	0	0
210916	3	0	0
210916	4	1	0
210916	4	1	-1
210916	1	1	1
210916	4	1	-1
210916	1	1	1
210916	3	0	0
210916	2	0	0
210916	4	1	0
210916	3	1	-1
210916	4	1	0
210916	2	0	-1
210916	1	1	1
210916	1	0	0
210916	3	1	0
210916	1	1	0
210916	3	1	-1
210916	2	0	-1
210916	4	0	1
210916	4	1	0
210916	4	1	0
210916	4	1	0
210916	2	1	1
210916	1	1	1
210916	1	1	1
210916	3	1	-1
210916	4	1	-1
210916	4	1	0
210916	4	1	0
210916	4	1	-1
210916	3	1	-1
210916	4	1	0
210916	2	1	0
210916	1	1	0
210916	3	1	-1
210916	4	1	0
210916	3	1	-1
210916	1	1	0
210916	4	0	1
210916	1	0	0
210916	4	0	1
210916	4	0	1
210916	3	1	-1
210916	2	1	0
210916	4	0	1
210916	4	0	0
210916	4	0	1
210916	4	0	1
210916	2	1	0
210916	3	1	-1
210916	4	0	0
210916	4	1	0
210916	4	1	0
210916	2	1	0
210916	2	1	0
210916	4	1	0
210916	4	1	0
210916	2	1	0
210916	4	1	-1
210916	4	0	1
210916	4	1	0
210916	3	1	-1
210916	2	0	-1
210916	4	1	-1
210916	2	0	-1
210916	1	0	0
210916	4	0	1
210916	4	1	0
210916	4	1	-1
210916	2	1	1
210916	2	1	0
210916	2	1	0
210916	2	1	0
210916	4	1	0
210916	4	1	0
210916	4	1	0
210916	4	0	1
210916	4	0	1
210916	3	1	0
210916	1	0	-1
210916	4	1	0
210916	3	0	0
210916	3	1	-1
210916	2	0	0
210916	2	0	-1
210916	3	0	0
210916	2	0	0
210916	4	1	0
210916	4	1	0
210916	4	0	0
210916	3	1	-1
210916	1	0	0
210916	4	0	1
210916	1	0	0
210916	3	0	0
210916	3	0	0
210916	1	1	1
210916	3	0	0
210916	3	1	-1
210916	3	0	0
210916	4	1	-1
210916	4	0	0
210916	4	0	1
210916	2	1	0
210916	3	1	-1
210916	4	0	0
210916	2	1	0
210916	1	0	0
210916	4	0	1
210916	2	1	0
210916	4	0	1
210916	2	1	0
210916	4	0	1
210916	4	0	1
210916	4	0	1
210916	2	1	0
210916	4	0	1
210916	3	1	-1
210916	4	0	1
210916	2	0	-1
210916	4	0	1
210916	4	0	1
210916	2	1	0
210916	1	1	1
210931	1	1	1
210931	4	1	0
210931	2	1	1
210931	4	0	1
210931	2	1	0
210931	2	1	0
210931	2	1	0
210931	3	0	1
210931	2	1	0
210931	2	1	0
210931	3	0	0
210931	1	1	1
210931	1	1	1
210931	2	1	0
210931	4	0	1
210931	2	1	1
210931	2	1	0
210931	4	0	1
210931	4	0	1
210931	4	0	1
210931	4	0	1
210931	4	0	1
210931	3	0	1
210931	4	0	1
210931	2	1	0
210931	2	1	0
210931	3	0	0
210931	2	1	0
210931	4	0	0
210931	2	1	0
210931	4	0	1
210931	4	0	1
210931	3	0	0
210931	4	0	1
210931	4	0	1
210931	3	0	0
210931	2	1	0
210931	2	1	0
210931	4	0	0
210931	4	0	1
210931	2	0	-1
210931	2	1	0
210931	3	0	0
210931	2	1	0
210931	3	0	0
210931	1	1	1
210931	4	0	1
210931	2	1	0
210931	1	1	1
210931	2	1	0
210931	4	1	0
210931	4	0	0
210931	4	0	1
210931	1	1	1
210931	3	0	1
210931	2	1	0
210931	4	0	1
210931	4	0	1
210931	1	1	1
210931	2	1	0
210931	1	1	1
210931	1	1	1
210931	3	0	0
210931	2	1	0
210931	2	1	0
210931	4	0	1
210931	3	0	0
210931	3	0	0
210931	3	0	0
210931	4	0	0
210931	3	0	0
210931	2	1	0
210931	4	0	0
210931	4	0	1
210931	4	0	1
210931	3	0	0
210931	1	1	1
210931	1	1	1
210931	1	1	1
210931	2	1	0
210931	2	1	0
210931	3	0	0
210931	2	1	1
210931	1	0	0
210931	4	0	1
210931	1	1	1
210931	4	0	1
210931	2	1	0
210931	4	0	0
210931	4	0	1
210931	2	1	0
210931	2	1	0
210931	3	0	0
210931	1	1	1
210931	2	1	0
210931	4	0	1
210931	3	0	1
210931	4	1	0
210931	1	1	0
210931	1	0	0
210931	3	1	-1
210931	2	1	0
210931	2	0	0
210931	4	1	-1
210931	3	1	-1
210931	1	1	1
210931	1	1	1
210931	3	0	0
210931	3	0	0
210931	2	1	0
210931	4	1	0
210931	1	1	0
210931	1	1	0
210931	4	1	-1
210931	4	0	1
210931	4	0	1
210931	2	1	0
210931	4	0	1
210931	4	0	1
210931	4	0	1
210931	1	1	1
210931	4	0	1
210931	1	1	1
210931	1	1	1
210931	3	1	-1
210931	4	0	1
210931	2	1	0
210931	2	0	-1
210931	2	1	1
210931	3	0	0
210931	4	0	1
210931	4	0	0
210931	3	0	0
210931	4	0	1
210931	1	1	1
210931	3	0	1
210931	4	1	0
210931	3	0	0
210931	2	1	1
210931	2	1	1
210931	2	1	0
210931	3	0	0
210931	4	0	1
210931	3	1	-1
210931	3	1	0
210931	1	1	1
210931	2	1	0
210931	3	1	-1
210931	1	1	0
210931	2	1	0
210931	4	0	1
210931	3	0	0
210931	3	1	0
210931	3	1	-1
210931	4	0	1
210931	3	0	0
210931	3	0	0
210931	1	1	1
210931	1	1	1
210931	1	1	1
210931	4	0	1
210931	2	1	0
210931	4	0	1
210931	1	1	0
210931	4	0	1
210931	3	0	0
210931	1	1	1
210931	4	0	1
210931	3	0	0
210931	2	1	0
210931	2	1	0
210931	3	0	0
210931	4	0	0
210931	4	0	1
210931	1	1	1
210931	2	0	-1
210931	1	1	1
210931	1	1	1
210931	3	0	0
210931	2	1	0
210931	1	1	1
210931	4	0	1
210931	2	1	0
210931	3	0	0
210931	2	1	1
210931	2	1	0
210931	2	1	0
210931	4	0	1
210931	2	1	0
210931	1	1	1
210931	3	0	0
210931	1	1	1
210931	2	1	0
210931	1	1	0
210931	2	1	0
210931	2	1	0
210931	2	1	0
210931	4	0	1
210931	2	1	0
210931	2	0	-1
210931	2	1	1
210931	1	1	0
210931	1	1	1
210931	4	0	1
210931	2	1	0
210931	4	0	0
210931	1	1	0
210931	2	1	0
210931	2	1	0
210931	2	1	0
210931	3	0	0
210931	4	1	0
210931	2	1	1
210931	2	1	0
210931	4	0	1
210931	4	0	1
210931	2	1	0
210931	4	0	1
210931	2	1	0
210931	2	1	0
210931	1	1	1
210931	1	1	1
210931	2	1	0
210931	2	1	0
210931	4	0	0
210931	2	1	0
210931	2	1	0
210931	1	1	0
210931	2	1	0
210931	4	0	1
210931	2	1	0
210931	1	1	1
210931	3	0	0
210931	1	1	1
210931	2	1	0
210931	2	1	0
210931	2	1	0
210931	2	1	0
210931	3	0	0
210931	2	1	0
210931	1	1	1
210931	3	0	0
210931	4	0	1
210931	2	1	0
210931	2	1	0
210931	2	1	0
210931	1	1	0
210931	2	1	1
210931	4	0	1
210931	2	1	0
210931	2	1	0
210931	1	1	1
210931	4	0	1
210931	2	1	0
210931	3	0	0
210931	2	1	0
210931	1	1	1
210931	2	1	0
210931	2	1	0
210931	1	1	1
210931	4	1	0
210931	2	1	0
210931	1	1	1
210931	4	0	1
210931	2	1	1
210931	2	1	0
210931	3	0	0
210931	2	1	0
210931	2	1	0
210931	1	1	1
210931	2	1	0
210931	4	0	1
210931	4	0	1
210931	2	1	0
210931	2	1	1
210931	3	0	0
210931	4	0	0
210931	1	1	1
210931	3	0	0
210931	4	0	1
210931	2	1	0
210931	3	0	0
210931	1	1	1
210931	4	0	0
210931	3	0	0
210931	1	1	1
210931	2	1	0
210931	2	1	0
210931	2	0	-1
210931	1	1	0
210931	3	0	0
210931	2	1	0
210931	2	1	1
210931	1	1	1
210931	4	0	0
210931	4	0	0
210931	1	1	1
210931	3	0	0
210931	1	1	1
210931	1	1	1
210931	4	0	1
210931	1	1	1
210931	1	1	1
210931	1	1	1
210931	3	0	0
210931	4	0	1
210931	1	1	0
210931	1	1	1
210931	2	1	1
210931	1	1	0
210931	1	1	1
210931	1	1	1
210931	2	1	1
210931	2	1	0
210931	4	0	1
210931	2	1	1
210931	3	0	0
210931	3	0	0
210931	4	0	1
210931	3	0	0
210931	4	0	0
210931	2	1	1
210931	3	0	1
210931	3	0	0
210931	1	1	1
210931	3	0	0
210931	3	0	0
210931	3	0	0
210931	1	1	1
210931	3	0	1
210931	3	0	0
210931	3	0	1
210931	1	1	1
210931	3	0	1
210931	2	1	0
210931	4	0	1
210931	2	1	0
210931	3	0	0
210931	3	0	1
210931	2	1	0
210931	4	0	0
210931	2	1	0
210931	2	1	1
210931	1	1	1
210931	3	0	1
210931	1	1	0
210931	1	1	1
210931	3	0	0
210931	2	1	0
210931	3	0	0
210931	1	1	0
210931	1	1	0
210931	1	1	1
210931	3	0	1
210931	4	0	1
210931	1	1	0
210931	3	0	0
210931	1	1	0
210931	3	0	0
210931	3	0	1
210931	2	1	0
210931	2	1	0
210931	3	0	0
210931	4	0	0
210931	4	0	1
210931	3	0	0
210931	1	1	1
210931	3	0	0
210931	1	1	0
210931	1	1	1
210931	1	1	1
210931	3	0	0
210931	4	0	1
210931	1	1	1
210931	1	1	1
210931	3	0	0
210931	3	0	0
210931	2	1	0
210931	4	0	0
210931	4	0	0
210931	3	0	0
210931	4	0	1
210931	3	0	1
210931	3	0	0
210931	2	1	0
210931	3	0	1
210931	1	1	1
210931	2	1	1
210931	3	0	0
210931	2	1	1
210931	2	1	0
210931	1	1	1
210931	2	1	1
210931	3	0	0
210931	3	0	0
210931	4	1	0
210931	3	0	0
210931	2	1	1
210931	1	1	1
210931	4	0	1
211169	4	1	0
211169	4	0	1
211169	2	1	0
211169	2	1	0
211169	2	1	0
211169	1	1	1
211169	1	1	1
211169	4	0	1
211169	4	0	1
211169	4	0	1
211169	4	0	1
211169	1	1	1
211169	2	1	1
211169	2	1	0
211169	4	0	0
211169	3	0	0
211169	1	1	1
211169	4	0	1
211169	4	0	1
211169	4	0	0
211169	4	0	1
211169	1	1	1
211169	2	1	0
211169	2	1	0
211169	3	0	0
211169	3	0	0
211169	3	0	1
211169	1	1	1
211169	3	0	0
211169	2	1	0
211169	2	0	-1
211169	2	1	0
211169	1	1	1
211169	2	1	0
211169	2	1	0
211169	3	0	0
211169	4	0	1
211169	2	1	0
211169	1	1	0
211169	2	1	1
211169	1	1	1
211169	3	0	0
211169	2	1	0
211169	4	0	1
211169	4	0	1
211169	1	1	0
211169	4	0	0
211169	2	1	0
211169	4	0	0
211169	2	1	0
211169	4	0	1
211169	2	1	0
211169	3	0	0
211169	2	1	0
211169	4	0	1
211169	3	0	0
211169	1	1	1
211169	1	1	1
211169	4	0	1
211169	2	1	0
211169	2	1	0
211169	4	1	0
211169	2	1	0
211169	4	0	1
211169	3	0	1
211169	4	0	1
211169	3	0	1
211169	4	0	1
211169	2	1	1
211169	2	1	0
211169	2	1	0
211169	4	0	1
211169	3	0	0
211169	3	1	-1
211169	2	1	1
211169	4	1	0
211169	2	1	0
211169	2	1	1
211169	3	0	0
211169	4	0	1
211169	2	1	0
211169	4	0	0
211169	3	0	0
211169	4	0	1
211169	1	1	0
211169	2	1	0
211169	1	1	0
211169	2	1	1
211169	2	1	0
211169	1	1	1
211169	4	0	1
211169	1	1	1
211169	4	0	1
211169	4	0	1
211169	2	1	1
211169	4	0	1
211169	1	1	0
211169	2	1	0
211169	2	0	-1
211169	4	0	1
211169	3	0	0
211169	1	1	1
211169	3	0	0
211169	2	1	0
211169	4	0	1
211169	1	1	0
211169	2	1	1
211169	2	1	0
211169	4	0	1
211169	2	1	1
211169	2	1	0
211169	2	1	0
211169	4	0	1
211169	2	1	1
211169	2	1	0
211169	2	1	0
211169	2	1	0
211169	1	1	1
211169	2	1	0
211169	2	1	0
211169	2	1	1
211169	3	0	0
211169	4	1	0
211169	4	0	1
211169	3	0	0
211169	2	1	0
211169	4	0	1
211169	3	0	0
211169	4	0	0
211169	1	1	0
211169	4	0	1
211169	4	0	1
211169	4	0	1
211169	1	1	1
211169	3	0	0
211169	1	1	1
211169	2	1	0
211169	1	1	1
211169	1	1	0
211169	4	1	0
211169	1	0	0
211169	4	1	0
211169	1	0	0
211169	3	1	0
211169	1	0	0
211169	2	1	1
211169	2	1	0
211169	3	0	0
211169	3	0	0
211169	1	1	0
211169	2	0	0
211169	2	1	0
211169	3	1	-1
211169	3	1	-1
211169	1	1	1
211169	4	0	1
211169	1	1	1
211169	4	1	0
211169	1	1	1
211169	1	1	0
211169	1	1	1
211169	3	0	0
211169	2	0	-1
211169	3	1	-1
211169	3	0	0
211169	4	1	0
211169	4	1	0
211169	1	1	1
211169	1	1	1
211169	2	1	0
211169	4	1	0
211169	1	0	0
211169	4	1	-1
211169	3	1	-1
211169	2	1	1
211169	2	1	0
211169	4	1	-1
211169	1	1	1
211169	2	1	0
211169	3	0	1
211169	4	1	0
211169	3	1	-1
211169	1	1	1
211169	1	1	1
211169	4	0	1
211169	4	0	1
211169	1	1	0
211169	2	1	0
211169	4	0	1
211169	4	0	1
211169	2	1	0
211169	4	0	1
211169	2	1	0
211169	4	0	0
211169	3	1	-1
211169	3	0	1
211169	2	0	-1
211169	2	1	0
211169	4	1	0
211169	2	1	0
211169	2	0	0
211169	2	0	-1
211169	4	1	0
211169	4	1	0
211169	3	1	-1
211169	4	0	1
211169	1	1	0
211169	4	0	0
211169	1	1	1
211169	4	0	1
211169	3	1	-1
211169	3	1	-1
211169	2	1	0
211169	1	1	1
211169	3	0	0
211169	4	0	1
211169	3	0	0
211169	3	0	0
211169	3	0	0
211169	2	1	0
211169	2	1	0
211169	1	1	0
211169	2	0	-1
211169	3	0	0
211169	1	1	0
211169	3	0	0
211169	1	1	1
211169	1	1	1
211169	3	0	0
211169	3	0	0
211169	3	0	0
211169	3	0	0
211169	4	0	0
211169	1	1	1
211169	2	1	0
211169	4	0	1
211169	2	1	0
211169	1	1	0
211169	1	1	1
211169	3	0	1
211169	2	1	0
211169	3	0	0
211169	3	0	0
211169	3	0	0
211169	2	1	0
211169	1	1	1
211169	2	1	0
211169	2	1	0
211169	4	0	1
211169	2	1	0
211169	4	0	1
211169	2	1	0
211169	4	0	1
211169	2	1	0
211169	2	1	0
211169	1	1	1
211169	2	1	0
211169	3	0	1
211169	3	0	0
211169	2	1	1
211169	2	1	0
211169	2	1	0
211169	1	1	0
211169	2	1	0
211169	2	1	0
211169	3	0	0
211169	2	1	0
211169	2	1	0
211169	4	0	1
211169	2	1	0
211169	2	1	0
211169	2	1	0
211169	2	1	1
211169	3	0	0
211169	2	0	-1
211169	2	1	0
211169	2	1	0
211169	4	0	1
211169	4	0	0
211169	2	1	0
211169	4	0	1
211169	1	1	1
211169	2	1	0
211169	2	1	0
211169	2	1	0
211169	4	0	1
211169	4	0	1
211169	2	1	0
211169	1	1	1
211169	2	1	1
211169	2	1	0
211169	2	1	0
211169	2	1	0
211169	2	1	0
211169	3	0	0
211169	2	1	0
211169	3	0	0
211169	1	1	1
211169	3	0	0
211169	3	0	0
211169	3	0	0
211169	4	0	1
211169	1	1	0
211169	4	0	1
211169	3	0	0
211169	1	1	0
211169	2	1	0
211169	3	0	0
211169	3	0	1
211169	4	0	1
211169	2	1	0
211169	2	1	0
211169	2	1	1
211169	3	0	1
211169	1	1	1
211169	1	1	1
211169	3	0	0
211169	1	1	1
211169	4	1	0
211169	4	1	0
211169	1	1	1
211169	4	0	1
211169	1	1	1
211169	3	0	0
211169	3	0	0
211169	4	0	1
211169	3	0	0
211169	1	1	1
211169	1	1	1
211169	1	1	1
211169	2	1	0
211169	2	1	1
211169	1	1	1
211169	4	0	1
211169	3	0	0
211169	3	0	0
211169	1	1	1
211169	4	0	0
211169	3	0	0
211169	1	1	1
211169	1	1	0
211169	3	0	0
211169	1	1	1
211169	4	0	1
211169	2	1	0
211169	4	0	1
211169	3	0	0
211169	4	0	1
211169	2	1	0
211169	2	1	0
211169	4	0	1
211169	2	1	1
211169	3	0	0
211169	1	1	1
211169	4	0	0
211169	1	1	0
211169	3	0	0
211169	3	1	-1
211169	3	0	0
211169	1	1	1
211169	1	1	0
211169	2	1	0
211169	3	0	0
211169	3	0	0
211169	1	1	1
211169	3	0	0
211169	2	1	1
211169	4	0	0
211169	1	1	1
211169	4	1	0
211169	3	0	0
211169	3	1	-1
211169	2	1	0
211169	1	1	1
211169	3	0	0
211169	3	0	0
211169	1	1	0
211169	1	1	1
211169	1	1	1
211169	1	1	0
211169	3	0	0
211169	2	1	0
211169	1	1	0
211169	1	1	1
211169	2	1	0
211169	2	1	1
211169	3	0	0
211169	4	0	1
211169	1	1	1
211169	2	1	0
211169	3	0	0
211169	3	0	0
211169	1	1	1
211169	3	0	0
211169	1	1	1
211169	4	0	1
211169	1	1	1
211169	3	0	0
211169	1	1	1
211169	2	1	0
220088	2	1	0
220088	2	1	0
220088	2	1	0
220088	2	1	0
220088	2	1	0
220088	2	1	0
220088	2	1	0
220088	4	0	1
220088	2	1	0
220088	2	1	1
220088	1	1	1
220088	2	1	0
220088	3	0	1
220088	2	1	0
220088	2	1	0
220088	2	1	0
220088	4	0	1
220088	2	1	0
220088	2	1	0
220088	2	1	0
220088	3	0	1
220088	2	1	0
220088	2	1	0
220088	2	1	0
220088	2	1	1
220088	1	1	1
220088	2	1	0
220088	1	1	1
220088	1	1	0
220088	4	0	1
220088	3	0	1
220088	4	0	1
220088	2	1	0
220088	4	0	1
220088	3	0	0
220088	4	0	1
220088	1	1	1
220088	1	1	0
220088	1	1	1
220088	4	0	1
220088	4	0	1
220088	2	1	1
220088	2	1	0
220088	3	0	0
220088	2	1	0
220088	4	1	0
220088	3	0	0
220088	2	1	0
220088	4	0	1
220088	4	1	0
220088	3	0	1
220088	3	1	0
220088	1	0	0
220088	3	1	-1
220088	2	0	-1
220088	2	1	1
220088	3	0	1
220088	4	1	-1
220088	1	0	0
220088	4	0	1
220088	4	1	0
220088	1	0	0
220088	4	1	0
220088	3	0	1
220088	2	0	-1
220088	3	1	-1
220088	1	1	1
220088	2	1	0
220088	4	0	1
220088	2	0	0
220088	2	1	0
220088	1	0	0
220088	2	1	0
220088	3	0	0
220088	1	1	0
220088	3	1	-1
220088	4	0	1
220088	3	1	-1
220088	3	0	1
220088	4	0	1
220088	1	1	1
220088	3	0	0
220088	2	0	-1
220088	1	1	1
220088	1	0	0
220088	2	1	0
220088	4	0	1
220088	1	0	0
220088	2	1	1
220088	2	0	-1
220088	1	1	1
220088	4	1	0
220088	4	1	0
220088	1	0	0
220088	1	0	0
220088	3	1	-1
220088	2	0	-1
220088	3	1	-1
220088	2	0	-1
220088	3	1	-1
220088	1	1	1
220088	1	0	0
220088	4	0	0
220088	2	1	0
220088	1	0	0
220088	2	1	0
220088	2	0	-1
220088	3	1	0
220088	4	0	1
220088	4	0	0
220088	3	0	1
220088	1	1	1
220088	4	0	1
220088	2	1	0
220088	2	0	-1
220088	1	1	1
220088	4	0	1
220088	4	1	0
220088	4	0	1
220088	3	0	0
220088	3	1	0
220088	1	0	0
220088	1	1	0
220088	2	0	-1
220088	3	1	-1
220088	4	0	1
220088	4	1	0
220088	4	0	1
220088	4	1	0
220088	1	0	0
220088	1	1	1
220088	4	0	0
220088	2	1	0
220088	4	0	1
220088	4	0	1
220088	1	0	0
220088	2	1	0
220088	2	0	-1
220088	3	1	-1
220088	4	1	-1
220088	2	0	-1
220088	4	1	-1
220088	2	1	0
220088	4	0	1
220088	2	1	1
220088	2	0	0
220088	2	1	0
220088	1	0	0
220088	2	1	0
220088	3	1	-1
220088	2	0	0
220088	2	1	1
220088	1	0	0
220088	1	0	0
220088	4	1	0
220088	4	0	0
220088	4	1	-1
220088	3	1	-1
220088	3	0	0
220088	2	0	-1
220088	4	1	0
220088	1	0	-1
220088	4	1	-1
220088	2	0	-1
220088	4	1	0
220088	2	1	0
220088	1	1	0
220088	2	1	0
220088	2	1	1
220088	4	0	1
220088	4	0	0
220088	4	0	1
220088	3	1	-1
220088	4	0	1
220088	2	1	0
220088	1	0	0
220088	1	0	0
220088	4	0	1
220088	2	1	0
220088	4	0	1
220088	2	1	1
220088	3	1	-1
220088	3	0	0
220088	2	1	0
220088	2	1	0
220088	2	1	1
220088	3	0	0
220088	2	1	0
220088	4	0	1
220088	2	1	0
220088	4	0	1
220088	4	0	1
220088	2	1	0
220088	1	0	0
220088	3	0	0
220088	1	1	1
220088	2	1	0
220088	3	0	0
220088	3	0	0
220088	2	1	0
220088	4	0	1
220088	2	1	0
220088	4	0	1
220088	3	0	0
220088	4	0	1
220088	2	1	0
220088	1	1	1
220088	2	1	0
220088	4	0	1
220088	1	1	1
220088	2	1	0
220088	4	0	0
220088	3	0	0
220088	3	0	0
220088	2	1	0
220088	2	1	0
220088	4	0	1
220088	2	1	0
220088	2	1	0
220088	1	1	0
220088	4	0	1
220088	3	0	0
220088	2	1	1
220088	2	1	0
220088	3	0	0
220088	2	1	1
220088	4	0	1
220088	2	1	1
220088	4	0	1
220088	3	0	0
220088	3	1	0
220088	2	1	1
220088	3	0	0
220088	1	1	1
220088	1	1	1
220088	1	1	0
220088	3	0	1
220088	1	1	1
220088	1	1	1
220088	3	0	1
220088	2	1	0
220088	1	1	1
220088	4	0	1
220088	2	1	0
220088	3	0	0
220088	3	0	0
220088	4	0	1
220088	2	1	0
220088	4	0	1
220088	3	0	0
220088	1	1	1
220088	3	0	0
220088	3	0	0
220088	1	1	1
220088	1	1	0
220088	3	0	0
220088	4	0	1
220088	4	0	1
220088	3	1	0
220088	3	0	0
220088	2	1	1
220088	1	1	1
220088	1	1	1
220088	1	1	1
220088	3	0	0
220088	1	1	1
220088	3	0	1
220088	3	0	1
220088	1	1	1
220088	1	1	0
220088	4	0	1
220088	2	1	1
220088	2	1	0
220088	3	0	0
220088	4	0	1
220088	2	1	0
220088	2	1	1
220088	1	1	1
220088	4	0	0
220088	3	0	0
220088	4	0	1
220088	1	1	1
220088	2	1	0
220088	3	0	1
220088	3	0	0
220088	1	1	1
220088	2	1	1
220088	2	1	0
220088	3	0	0
220088	1	1	0
220088	3	0	0
220088	4	0	1
220088	1	1	0
220088	1	1	1
220088	3	0	1
220088	4	0	1
220088	1	1	1
220088	2	1	0
220088	3	0	0
220088	1	1	0
220088	1	1	1
220088	3	0	1
220088	3	0	1
220088	1	1	0
220088	3	0	0
220088	2	1	0
220088	4	0	1
220088	1	1	1
220088	1	1	0
220088	2	1	0
220088	1	1	0
220088	2	1	0
220088	3	0	0
220088	1	1	1
220088	4	0	1
220088	3	0	0
220088	4	0	1
220088	3	0	0
220088	3	0	0
220088	1	1	1
220109	3	0	0
220109	3	1	-1
220109	3	1	-1
220109	3	1	0
220109	2	1	0
220109	1	1	1
220109	1	1	1
220109	2	1	0
220109	1	1	0
220109	1	1	1
220109	3	1	-1
220109	1	0	0
220109	3	0	1
220109	4	1	0
220109	1	1	1
220109	3	1	-1
220109	2	1	0
220109	1	1	1
220109	4	1	0
220109	4	1	0
220109	3	1	-1
220109	3	1	-1
220109	1	1	1
220109	1	1	1
220109	1	1	1
220109	1	1	1
220109	1	1	1
220109	1	1	1
220109	3	1	-1
220109	3	0	0
220109	1	1	1
220109	4	1	0
220109	1	1	0
220109	2	0	-1
220109	3	1	-1
220109	2	0	0
220109	3	0	0
220109	2	1	0
220109	2	1	0
220109	2	1	0
220109	2	1	1
220109	3	1	-1
220109	3	1	-1
220109	1	1	1
220109	4	1	0
220109	2	0	-1
220109	3	1	-1
220109	4	1	0
220109	4	0	1
220109	1	1	1
220109	1	1	0
220109	2	0	0
220109	3	1	-1
220109	1	1	1
220109	1	1	0
220109	3	1	0
220109	2	1	0
220109	2	1	0
220109	4	1	0
220109	3	1	0
220109	3	1	-1
220109	2	1	0
220109	2	1	0
220109	1	1	1
220109	4	1	0
220109	1	1	0
220109	1	1	1
220109	3	1	-1
220109	1	1	1
220109	1	1	1
220109	1	1	1
220109	3	1	-1
220109	3	1	0
220109	3	1	-1
220109	2	1	0
220109	2	1	0
220109	1	1	1
220109	4	1	0
220109	1	1	1
220109	2	1	0
220109	1	1	1
220109	1	1	1
220109	4	1	0
220109	3	1	-1
220109	4	1	0
220109	4	1	-1
220109	2	0	-1
220109	4	0	1
220109	2	1	0
220109	2	0	-1
220109	1	1	0
220109	3	1	-1
220109	2	0	-1
220109	2	1	0
220109	4	1	0
220109	4	1	0
220109	3	1	-1
220109	2	1	0
220109	3	1	-1
220109	1	1	1
220109	2	1	0
220109	4	1	0
220109	1	1	1
220109	3	1	0
220109	2	1	0
220109	2	1	1
220109	4	1	0
220109	1	1	1
220109	3	1	-1
220109	4	0	1
220109	3	0	0
220109	1	0	0
220109	4	0	1
220109	4	0	1
220109	3	0	0
220109	4	0	0
220109	4	0	0
220109	4	0	1
220109	3	0	0
220109	2	0	-1
220109	3	0	0
220109	3	0	0
220109	1	1	1
220109	2	1	0
220109	4	1	0
220109	1	1	1
220109	1	0	0
220109	4	0	1
220109	2	0	-1
220109	1	0	-1
220109	4	0	1
220109	2	1	0
220109	4	0	1
220109	1	1	0
220109	4	0	1
220109	1	1	0
220109	1	0	0
220109	4	1	-1
220109	2	0	-1
220109	2	0	-1
220109	2	1	0
220109	4	0	1
220109	2	0	-1
220109	2	0	0
220109	4	0	1
220109	3	1	0
220109	2	1	0
220109	3	1	-1
220109	2	0	-1
220109	2	1	0
220109	2	0	-1
220109	4	1	0
220109	2	0	-1
220109	2	1	0
220109	3	1	-1
220109	3	1	0
220109	2	0	-1
220109	4	1	0
220109	3	0	0
220109	3	1	-1
220109	2	1	0
220109	1	1	1
220109	4	1	0
220109	4	1	0
220109	2	0	-1
220109	1	1	0
220109	2	0	-1
220109	2	0	0
220109	3	0	0
220109	2	0	-1
220109	4	1	0
220109	4	1	0
220109	4	1	0
220109	4	1	0
220109	3	1	0
220109	2	0	0
220109	2	0	0
220109	4	0	0
220109	2	1	0
220109	4	1	0
220109	1	0	0
220109	3	1	-1
220109	4	0	1
220109	4	1	0
220109	4	1	0
220109	4	0	1
220109	1	0	0
220109	3	1	-1
220109	4	0	1
220109	4	1	0
220109	3	0	0
220109	1	1	1
220109	2	1	0
220109	2	1	0
220109	4	1	0
220109	3	0	1
220109	1	1	1
220109	4	1	0
220109	2	0	-1
220109	2	0	-1
220109	4	1	-1
220109	2	0	0
220109	4	1	0
220109	2	1	0
220109	2	1	0
220109	3	1	-1
220109	2	1	0
220109	2	1	0
220109	3	1	-1
220109	4	1	0
220109	2	1	0
220109	2	1	0
220109	4	1	-1
220109	2	0	-1
220109	2	1	1
220109	3	0	1
220109	4	1	0
220109	2	1	0
220109	2	0	-1
220109	3	0	0
220109	2	0	-1
220109	4	1	-1
220109	2	0	-1
220109	2	1	0
220109	4	1	0
220109	4	1	0
220109	2	1	1
220109	1	1	1
220109	4	1	0
220109	1	1	1
220109	1	1	0
220109	3	1	-1
220109	2	0	-1
220109	1	1	1
220109	2	1	1
220109	4	1	-1
220109	1	0	0
220109	4	1	0
220109	2	1	0
220109	1	1	1
220109	2	1	0
220109	4	0	1
220109	1	1	1
220109	2	1	0
220109	2	0	0
220109	3	1	-1
220109	2	0	-1
220109	3	1	-1
220109	4	0	1
220109	2	0	-1
220109	2	1	0
220109	1	1	1
220109	2	1	0
220109	2	1	0
220109	3	1	-1
220109	3	0	0
220109	4	1	-1
220109	2	1	0
220109	2	1	1
220109	2	1	0
220109	1	1	0
220109	2	1	0
220109	2	0	-1
220109	4	1	0
220109	2	1	0
220109	4	1	0
220109	2	0	-1
220109	4	1	0
220109	2	0	-1
220109	4	0	0
220109	2	0	0
220109	2	1	1
220109	3	0	1
220109	1	1	1
220109	1	1	1
220109	1	1	1
220109	1	1	0
220109	2	1	1
220109	1	1	1
220109	1	1	1
220109	3	0	0
220109	2	0	-1
220109	3	0	0
220109	1	1	1
220109	3	1	-1
220109	1	0	-1
220109	4	1	0
220109	2	0	-1
220109	1	1	1
220109	3	0	0
220109	4	1	0
220109	4	1	0
220109	4	1	-1
220109	2	1	0
220109	4	0	1
220109	1	0	0
220109	3	0	0
220109	2	1	0
220109	1	1	1
220109	4	1	-1
220109	4	1	0
220109	2	1	0
220109	1	1	0
220109	2	1	0
220109	1	1	0
220109	3	1	-1
220109	3	1	-1
220109	1	0	0
220109	3	0	0
220109	3	1	0
220109	1	1	1
220109	4	1	0
220109	2	1	0
220109	3	1	0
220109	3	1	-1
220109	3	0	0
220109	3	1	0
220109	2	1	0
220109	3	1	0
220109	3	1	-1
220218	2	0	-1
220218	4	1	0
220218	4	0	0
220218	2	0	-1
220218	2	1	0
220218	2	1	0
220218	2	1	0
220218	2	0	-1
220218	4	1	-1
220218	2	1	0
220218	2	1	0
220218	3	0	0
220218	1	1	0
220218	4	1	0
220218	4	0	1
220218	2	1	1
220218	4	0	1
220218	3	0	1
220218	4	1	0
220218	4	1	0
220218	2	0	-1
220218	1	1	1
220218	2	1	0
220218	4	0	1
220218	3	0	1
220218	2	1	0
220218	1	1	1
220218	2	0	-1
220218	3	0	0
220218	3	0	0
220218	2	1	0
220218	3	0	0
220218	1	1	1
220218	4	0	0
220218	4	1	0
220218	3	0	0
220218	1	1	1
220218	4	0	1
220218	4	1	0
220218	4	0	0
220218	4	1	0
220218	2	1	0
220218	1	1	1
220218	3	0	0
220218	4	0	1
220218	4	1	0
220218	1	1	1
220218	4	1	0
220218	1	1	1
220218	3	0	0
220218	4	1	0
220218	1	1	1
220218	2	1	0
220218	2	0	-1
220218	2	1	0
220218	2	1	0
220218	1	1	0
220218	3	0	0
220218	2	0	-1
220218	1	1	1
220218	2	1	0
220218	4	1	-1
220218	2	0	-1
220218	3	0	1
220218	1	1	1
220218	2	1	0
220218	4	1	0
220218	1	1	1
220218	2	1	0
220218	3	0	0
220218	3	0	1
220218	2	1	0
220218	3	0	0
220218	2	1	1
220218	2	1	0
220218	4	1	0
220218	3	0	0
220218	4	0	1
220218	4	1	-1
220218	4	0	1
220218	4	1	0
220218	2	0	-1
220218	2	1	0
220218	2	0	-1
220218	3	1	-1
220218	2	1	0
220218	1	1	1
220218	3	0	0
220218	3	0	1
220218	1	1	1
220218	3	0	0
220218	1	1	1
220218	2	0	-1
220218	4	1	0
220218	2	1	0
220218	4	1	0
220218	3	0	0
220218	1	1	1
220218	2	1	0
220218	4	0	1
220218	4	0	0
220218	3	0	1
220218	2	1	0
220218	2	1	0
220218	4	1	-1
220218	4	0	1
220218	1	1	1
220218	4	0	1
220218	4	0	1
220218	4	0	1
220218	3	0	0
220218	4	0	0
220218	2	1	0
220218	4	0	0
220218	3	0	1
220218	3	0	0
220218	4	0	1
220218	1	1	1
220218	4	0	1
220218	2	0	-1
220218	2	1	1
220218	1	1	0
220218	3	0	0
220218	3	0	0
220218	1	1	1
220218	1	1	1
220218	2	1	0
220218	3	0	0
220218	3	0	0
220218	1	1	1
220218	2	1	0
220218	1	1	1
220218	1	1	1
220218	1	1	1
220218	4	1	0
220218	2	1	0
220218	2	1	1
220218	2	1	0
220218	2	0	-1
220218	4	1	0
220218	2	0	-1
220218	4	1	0
220218	4	0	1
220218	2	1	0
220218	4	0	1
220218	4	0	1
220218	1	1	1
220218	4	0	1
220218	1	1	1
220218	3	0	0
220218	1	1	1
220218	2	1	0
220218	2	1	0
220218	2	1	0
220218	3	0	0
220218	1	1	1
220218	3	0	0
220218	2	0	0
220218	1	1	1
220218	2	0	-1
220218	4	1	0
220218	1	1	1
220218	2	1	0
220218	3	0	0
220218	4	1	0
220218	1	1	1
220218	4	0	1
220218	2	1	0
220218	3	0	0
220218	2	1	0
220218	3	0	0
220218	4	0	1
220218	2	1	0
220218	3	0	1
220218	2	1	1
220218	4	0	1
220218	3	1	-1
220218	4	0	1
220218	2	1	0
220218	4	1	0
220218	4	0	1
220218	4	0	1
220218	1	1	1
220218	3	0	0
220218	1	1	0
220218	1	1	1
220218	3	0	0
220218	2	1	0
220218	4	0	1
220218	2	1	1
220218	4	0	1
220218	3	0	0
220218	3	0	0
220218	2	1	0
220218	4	0	1
220218	2	1	0
220218	2	1	1
220218	4	0	1
220218	4	0	1
220218	2	1	1
220218	1	1	0
220218	2	1	0
220218	4	0	1
220218	2	1	0
220218	2	1	0
220218	2	1	0
220218	2	1	1
220218	2	1	1
220218	2	1	0
220218	4	0	1
220218	2	1	0
220218	4	0	1
220218	1	1	1
220218	3	0	0
220218	1	1	1
220218	2	1	0
220218	2	1	0
220218	4	0	1
220218	1	1	1
220218	4	0	1
220218	2	1	0
220218	3	0	0
220218	2	1	0
220218	1	1	0
220218	3	0	0
220218	1	1	1
220218	2	1	1
220218	2	1	0
220218	1	1	0
220218	2	1	0
220218	4	1	0
220218	2	1	1
220218	1	1	1
220218	2	1	0
220218	1	1	1
220218	1	1	1
220218	2	1	0
220218	2	1	0
220218	2	1	1
220218	2	1	1
220218	1	1	1
220218	3	0	0
220218	3	0	0
220218	2	1	0
220218	2	1	0
220218	4	0	1
220218	3	0	0
220218	3	0	1
220218	4	0	1
220218	3	0	0
220218	2	1	0
220218	3	0	0
220218	1	1	1
220218	4	1	0
220218	3	0	0
220218	3	0	1
220218	2	1	0
220218	2	1	0
220218	4	0	1
220218	1	1	1
220218	4	0	0
220218	2	1	0
220218	2	1	0
220218	2	1	0
220218	2	1	1
220218	2	1	0
220218	3	0	0
220218	4	0	1
220218	2	1	0
220218	4	0	1
220218	3	0	0
220218	2	1	0
220218	1	1	1
220218	2	1	0
220218	2	1	1
220218	4	0	1
220218	2	1	0
220218	4	0	1
220218	4	0	1
220218	3	1	0
220218	2	1	1
220218	4	0	1
220218	4	0	0
220218	2	1	0
220218	1	1	1
220218	3	0	0
220218	1	1	1
220218	1	1	1
220218	1	1	1
220218	2	1	0
220218	1	1	1
220218	2	1	0
220218	2	1	0
220218	3	0	0
220218	3	0	1
220218	1	1	1
220218	3	0	0
220218	3	0	0
220218	4	0	1
220218	3	0	0
220218	2	1	0
220218	2	1	0
220218	2	1	0
220218	2	1	0
220218	2	1	1
220218	3	0	0
220218	2	1	0
220218	2	1	1
220218	1	1	0
220218	3	0	0
220218	3	0	0
220218	1	1	1
220218	1	1	1
220218	4	0	1
220218	1	1	1
220218	3	0	0
220218	1	1	1
220218	3	0	0
220218	1	1	0
220218	1	1	1
220218	3	0	0
220218	1	1	0
220218	4	0	0
220218	1	1	1
220218	2	1	0
220218	4	0	1
220218	1	1	1
220218	4	0	1
220218	3	0	1
220218	1	1	0
220218	1	1	1
220218	3	0	0
220218	4	0	1
220218	4	0	0
220218	3	0	0
220218	2	1	0
220218	1	1	1
220218	4	0	1
220218	1	1	1
220218	3	0	0
220218	1	1	1
220218	1	1	1
220218	4	0	1
220218	1	1	1
220218	4	0	1
220218	3	0	0
220218	3	0	0
220218	2	1	1
220218	2	1	0
220218	3	0	0
220218	3	0	0
220218	3	0	0
220218	1	1	1
220218	3	0	1
220218	4	0	1
220218	1	1	1
220218	1	1	1
220218	1	1	1
220218	3	0	0
220218	2	1	0
220218	1	1	1
220218	1	1	1
220218	4	0	1
220218	4	0	1
220218	1	1	1
220218	4	0	0
220218	2	1	0
220218	3	0	1
220218	2	1	0
220218	3	0	0
220218	1	1	1
220218	3	0	0
220218	1	1	0
220218	3	0	0
220218	2	1	0
220218	3	0	1
220218	1	1	1
220218	1	1	1
220218	4	0	1
220218	2	1	0
220218	3	0	1
220218	3	0	0
220218	1	1	1
220218	2	1	0
220218	1	1	1
220218	1	1	1
220218	3	0	1
220218	3	0	0
220218	2	1	0
220218	3	0	0
220218	4	0	1
220218	3	0	0
220218	3	0	0
220218	2	1	1
220218	1	1	1
220218	1	1	0
220218	1	1	1
220218	4	1	0
220218	2	1	0
220218	3	0	0
220232	2	1	1
220232	2	0	-1
220232	3	1	-1
220232	4	0	0
220232	2	0	-1
220232	3	1	0
220232	2	1	0
220232	1	1	1
220232	1	1	0
220232	1	0	0
220232	2	1	1
220232	4	1	0
220232	4	1	0
220232	2	1	0
220232	3	1	-1
220232	2	1	0
220232	4	1	0
220232	2	1	0
220232	4	1	-1
220232	2	1	0
220232	1	1	1
220232	2	1	0
220232	2	1	1
220232	4	1	0
220232	3	0	0
220232	4	1	0
220232	2	1	0
220232	1	0	-1
220232	3	0	0
220232	3	0	1
220232	1	1	1
220232	2	1	0
220232	3	0	0
220232	1	1	1
220232	1	1	1
220232	1	1	1
220232	1	1	0
220232	1	1	1
220232	4	0	1
220232	1	1	1
220232	4	0	1
220232	1	1	1
220232	2	0	-1
220232	3	0	0
220232	3	0	0
220232	2	1	0
220232	1	1	1
220232	3	0	0
220232	3	0	0
220232	4	1	-1
220232	2	1	0
220232	1	1	1
220232	3	0	0
220232	4	1	0
220232	3	0	0
220232	3	0	0
220232	3	0	0
220232	1	1	0
220232	2	1	0
220232	3	0	1
220232	1	1	1
220232	3	0	0
220232	4	0	0
220232	1	1	1
220232	2	1	0
220232	1	1	1
220232	3	0	0
220232	3	0	0
220232	4	0	1
220232	3	1	-1
220232	4	0	1
220232	1	1	0
220232	1	1	0
220232	3	0	0
220232	3	0	0
220232	4	0	1
220232	4	0	0
220232	2	1	0
220232	2	1	0
220232	1	1	0
220232	3	0	0
220232	2	1	0
220232	4	0	1
220232	3	0	1
220232	1	1	0
220232	4	0	1
220232	4	0	1
220232	4	0	1
220232	2	1	0
220232	4	0	1
220232	1	1	1
220232	1	1	1
220232	2	1	0
220232	4	0	1
220232	1	1	1
220232	4	0	1
220232	3	0	0
220232	1	1	1
220232	2	1	0
220232	4	0	1
220232	4	0	1
220232	2	1	0
220232	2	1	0
220232	2	1	0
220232	4	0	1
220232	2	1	0
220232	4	0	1
220232	1	1	1
220232	2	1	0
220232	4	0	1
220232	2	1	1
220232	1	1	1
220232	3	0	1
220232	4	0	1
220232	4	0	1
220232	4	0	1
220232	4	0	0
220232	3	0	0
220232	3	1	-1
220232	2	1	0
220232	4	1	0
220232	4	0	1
220232	2	1	0
220232	3	0	0
220232	4	1	0
220232	4	1	0
220232	2	1	0
220232	4	1	0
220232	3	1	-1
220232	2	1	0
220232	4	1	0
220232	4	0	1
220232	3	0	0
220232	2	1	0
220232	2	1	0
220232	1	1	1
220232	4	0	1
220232	1	1	1
220232	1	1	1
220232	2	1	1
220232	4	0	1
220232	2	0	-1
220232	4	0	1
220232	2	1	0
220232	4	1	0
220232	4	1	0
220232	1	1	1
220232	2	1	0
220232	4	1	-1
220232	1	1	1
220232	4	0	0
220232	2	1	0
220232	4	0	0
220232	2	1	0
220232	2	1	0
220232	3	0	1
220232	4	0	1
220232	4	0	0
220232	4	0	1
220232	3	0	1
220232	2	1	0
220232	1	1	1
220232	2	1	1
220232	4	0	1
220232	2	1	0
220232	3	0	0
220232	2	1	0
220232	2	1	1
220232	4	0	1
220232	3	0	1
220232	1	1	1
220232	2	1	1
220232	3	0	1
220232	4	1	0
220232	4	0	0
220232	2	1	0
220232	3	0	1
220232	1	1	1
220232	3	0	0
220232	2	1	0
220232	3	0	0
220232	2	1	0
220232	2	1	1
220232	2	1	1
220232	2	1	0
220232	3	0	0
220232	1	1	0
220232	2	1	0
220232	1	1	1
220232	2	1	1
220232	2	1	0
220232	3	0	0
220232	2	1	0
220232	4	1	0
220232	4	1	0
220232	2	1	1
220232	2	1	0
220232	2	1	0
220232	2	1	0
220232	3	0	0
220232	1	1	0
220232	4	0	1
220232	3	0	0
220232	4	0	1
220232	2	1	0
220232	2	1	0
220232	2	1	1
220232	2	1	0
220232	4	0	1
220232	4	0	1
220232	2	1	0
220232	3	0	0
220232	1	1	1
220232	3	0	0
220232	2	1	0
220232	4	0	1
220232	3	0	0
220232	4	0	1
220232	4	0	1
220232	3	0	0
220232	1	1	0
220232	1	1	1
220232	1	1	1
220232	2	1	0
220232	1	1	1
220232	3	0	0
220232	3	0	0
220232	3	0	0
220232	3	0	0
220232	1	1	1
220232	4	0	1
220232	2	1	0
220232	1	1	1
220232	3	0	0
220232	4	0	1
220232	3	0	0
220232	1	1	1
220232	4	0	0
220232	1	1	1
220232	1	1	1
220232	3	0	0
220232	2	1	0
220232	1	1	1
220232	3	0	0
220232	3	0	0
220232	3	0	0
220232	3	0	0
220232	2	1	0
220232	1	1	1
220232	3	0	0
220232	3	0	0
220232	3	0	0
220232	1	1	1
220232	2	1	0
220232	4	0	1
220232	2	1	0
220232	2	1	0
220232	2	1	0
220232	1	1	1
220232	4	0	1
220232	2	1	0
220232	2	1	1
220232	2	1	0
220232	1	1	0
220232	2	1	0
220232	2	1	1
220232	3	0	0
220232	4	0	0
220232	3	0	0
220232	4	0	1
220232	2	1	0
220232	2	0	-1
220232	1	1	1
220232	2	1	0
220232	4	0	1
220232	4	0	1
220232	4	0	0
220232	1	1	1
220232	1	1	1
220232	2	1	0
220232	3	0	0
220232	1	1	1
220232	4	0	0
220232	1	1	1
220232	2	1	0
220232	3	0	0
220232	3	0	0
220232	3	0	1
220232	3	0	0
220232	3	0	0
220232	1	1	1
220232	1	1	1
220232	3	0	0
220232	1	1	0
220232	2	1	1
220232	2	1	0
220232	1	1	1
220232	2	1	1
220232	2	1	1
220232	4	0	1
220232	4	0	1
220232	1	1	1
220232	3	0	0
220232	2	1	0
220232	4	0	0
220232	3	0	1
220232	1	1	1
220232	2	1	0
220232	4	0	0
220232	3	0	0
220232	3	0	0
220232	1	1	0
220232	1	1	1
220232	3	0	0
220232	2	1	1
220232	1	1	1
220232	3	0	0
220232	1	1	1
220232	3	0	0
220232	3	0	0
220232	3	0	0
220232	4	1	0
220232	3	0	0
220232	1	1	1
220232	4	0	1
220232	1	1	1
220232	3	0	0
220232	1	1	1
220232	4	0	1
220232	1	1	1
220232	3	0	1
220232	4	0	1
220232	1	1	0
220232	1	1	1
220232	4	0	0
220232	1	1	1
220232	1	1	1
220232	1	1	1
220232	4	0	1
220232	1	1	1
220232	2	1	0
220232	2	1	0
220232	2	1	0
220232	2	1	0
220232	4	0	1
220232	2	1	0
220232	4	0	1
220232	2	1	0
220232	2	1	0
220232	3	0	0
220232	2	1	0
220232	1	1	1
220232	4	1	0
220232	1	1	1
220232	3	0	0
220232	2	1	0
220232	2	1	0
220232	2	1	1
220232	3	0	1
220232	4	0	1
220232	3	0	0
220232	2	1	0
220232	1	1	1
220232	2	1	0
220232	1	1	0
220232	3	0	0
220232	4	1	0
220232	2	1	0
220232	2	1	1
220232	2	1	0
220232	2	1	1
220232	3	0	0
220232	1	1	1
220232	2	0	0
220232	2	1	1
220232	3	0	0
220232	1	1	1
220232	4	0	1
220232	2	1	0
220232	1	1	1
220232	2	1	0
220232	2	1	0
220232	4	0	1
220232	2	1	0
220232	2	1	0
220232	2	1	0
220232	1	1	1
220232	4	0	1
220232	1	1	0
220232	4	1	0
220232	2	1	0
220232	2	1	0
220232	2	1	0
220232	1	1	1
220232	2	1	0
220232	2	1	0
220232	3	0	0
220232	4	0	1
220232	2	1	1
220232	4	0	1
220245	3	1	0
220245	1	1	1
220245	3	1	-1
220245	3	1	-1
220245	4	1	0
220245	2	1	0
220245	3	1	-1
220245	1	1	1
220245	4	1	0
220245	1	1	1
220245	4	1	0
220245	3	1	-1
220245	3	0	0
220245	4	1	0
220245	3	0	0
220245	2	1	0
220245	1	1	1
220245	4	1	0
220245	2	0	-1
220245	3	1	-1
220245	1	1	1
220245	2	0	-1
220245	3	0	0
220245	3	0	0
220245	1	1	1
220245	4	1	0
220245	3	1	-1
220245	3	0	0
220245	2	1	0
220245	2	0	-1
220245	4	1	-1
220245	1	1	1
220245	1	1	1
220245	2	0	-1
220245	3	1	-1
220245	2	1	0
220245	4	1	0
220245	1	1	1
220245	1	1	1
220245	4	1	0
220245	3	1	-1
220245	2	0	-1
220245	2	1	0
220245	1	1	1
220245	2	1	0
220245	1	1	0
220245	4	1	0
220245	1	1	1
220245	3	1	0
220245	4	1	0
220245	4	1	-1
220245	1	1	0
220245	3	1	-1
220245	2	1	0
220245	4	1	0
220245	3	1	-1
220245	3	1	-1
220245	1	1	1
220245	1	1	1
220245	1	1	1
220245	3	1	0
220245	1	1	1
220245	2	1	0
220245	3	1	-1
220245	1	1	1
220245	1	1	1
220245	2	1	0
220245	3	1	-1
220245	3	1	0
220245	3	1	-1
220245	1	1	1
220245	3	1	-1
220245	1	1	1
220245	3	1	-1
220245	3	1	-1
220245	3	1	-1
220245	1	1	0
220245	4	1	0
220245	4	1	0
220245	3	1	0
220245	3	1	0
220245	3	1	-1
220245	3	1	-1
220245	1	1	1
220245	2	1	0
220245	1	1	1
220245	3	1	-1
220245	1	1	1
220245	3	1	-1
220245	2	1	0
220245	1	1	1
220245	3	1	-1
220245	3	1	-1
220245	2	1	0
220245	2	1	0
220245	1	1	0
220245	3	1	-1
220245	1	1	1
220245	4	1	0
220245	2	1	0
220245	4	1	0
220245	1	1	1
220245	3	1	-1
220245	3	1	-1
220245	1	1	0
220245	2	1	0
220245	4	1	0
220245	2	1	0
220245	4	1	0
220245	2	1	0
220245	1	1	0
220245	2	0	-1
220245	1	0	-1
220245	4	1	-1
220245	3	1	-1
220245	4	1	0
220245	4	1	0
220245	2	1	0
220245	3	1	-1
220245	2	1	0
220245	3	1	-1
220245	3	1	-1
220245	2	1	0
220245	2	0	-1
220245	4	1	0
220245	2	1	0
220245	4	1	0
220245	4	1	-1
220245	4	1	0
220245	2	0	-1
220245	3	1	-1
220245	4	1	0
220245	4	1	0
220245	1	1	1
220245	1	1	0
220245	4	1	0
220245	4	1	0
220245	2	1	1
220245	1	1	0
220245	4	1	-1
220245	4	1	0
220245	2	1	0
220245	4	1	0
220245	4	1	0
220245	2	1	0
220245	2	1	0
220245	4	1	-1
220245	2	1	1
220245	2	1	0
220245	1	1	1
220245	2	1	0
220245	2	1	1
220245	4	1	0
220245	2	0	-1
220245	4	1	0
220245	4	1	0
220245	2	1	0
220245	2	1	0
220245	3	1	-1
220245	1	1	1
220245	4	1	0
220245	3	1	-1
220245	3	1	-1
220245	3	1	-1
220245	3	1	-1
220245	2	1	0
220245	2	1	0
220245	4	1	0
220245	4	1	0
220245	1	1	1
220245	2	1	0
220245	4	1	-1
220245	2	0	-1
220245	4	1	0
220245	3	1	-1
220245	1	1	0
220245	4	1	0
220245	2	1	0
220245	4	1	0
220245	4	1	0
220245	3	1	-1
220245	4	1	0
220245	2	1	0
220245	4	1	0
220245	4	1	0
220245	4	1	0
220245	2	1	0
220245	4	1	-1
220245	2	1	1
220245	4	1	0
220245	4	1	0
220245	1	1	1
220245	2	1	1
220245	1	1	1
220245	1	1	1
220245	1	1	1
220245	4	1	0
220245	1	1	1
220245	2	1	0
220245	4	1	0
220245	4	1	0
220245	4	1	0
220245	4	1	0
220245	3	0	1
220245	1	1	1
220245	3	0	0
220245	1	1	1
220245	2	1	0
220245	2	1	1
220245	2	1	1
220245	2	1	0
220245	2	1	1
220245	3	1	-1
220245	1	1	1
220245	4	1	0
220245	2	1	0
220245	1	1	1
220245	2	1	1
220245	2	1	0
220245	1	1	1
220245	3	1	-1
220245	4	1	-1
220245	3	1	-1
220245	1	1	1
220245	4	1	0
220245	4	1	0
220245	2	1	0
220245	4	1	0
220245	3	1	-1
220245	3	1	-1
220245	3	1	-1
220245	4	1	-1
220245	4	1	0
220245	2	1	1
220245	1	1	0
220245	1	1	1
220245	4	1	-1
220245	2	1	0
220245	1	1	1
220245	1	1	1
220245	4	1	0
220245	4	1	0
220245	4	1	0
220245	2	1	1
220245	4	1	-1
220245	1	1	1
220245	1	1	1
220245	2	1	0
220245	2	1	0
220245	2	1	0
220245	1	1	1
220245	4	1	0
220245	1	1	1
220245	1	1	0
220245	2	1	0
220245	1	1	1
220245	1	1	1
220245	4	1	0
220245	1	1	1
220245	2	1	0
220245	3	1	-1
220245	4	1	0
220245	4	1	0
220245	1	1	1
220245	4	1	0
220245	1	1	1
220245	1	1	1
220245	3	1	-1
220245	2	1	0
220245	1	1	0
220245	2	1	0
220245	3	1	0
220245	4	1	0
220245	3	1	0
220245	4	1	0
220245	3	1	-1
220245	1	1	0
220245	3	1	-1
220245	3	1	-1
220245	3	1	-1
220245	2	1	0
220245	4	1	-1
220245	2	1	0
220245	1	1	1
220245	3	1	-1
220245	4	1	-1
220245	4	1	0
220245	1	1	1
220245	4	1	-1
220245	4	1	0
220245	4	1	0
220245	4	1	0
220245	4	1	0
220245	4	1	0
220245	2	1	0
220245	4	1	0
220245	2	1	0
220245	4	1	0
220245	4	1	0
220245	4	1	0
220245	3	1	0
220245	4	1	0
220245	4	1	0
220245	2	1	0
220245	4	1	0
220245	3	1	0
220245	4	1	0
220245	2	1	1
220245	1	1	1
220245	3	1	-1
220245	4	1	0
220245	4	1	0
220245	1	1	1
220245	4	1	0
220245	4	1	-1
220245	4	1	0
220245	3	1	-1
220245	2	1	0
220245	4	1	0
220245	3	1	-1
220317	3	0	1
220317	4	1	-1
220317	3	0	0
220317	3	0	0
220317	1	0	0
220317	1	0	0
220317	2	1	0
220317	3	1	-1
220317	4	1	-1
220317	4	1	0
220317	1	1	1
220317	1	1	0
220317	3	1	-1
220317	1	1	1
220317	1	1	1
220317	3	1	-1
220317	1	1	1
220317	3	0	0
220317	2	0	-1
220317	2	0	-1
220317	1	1	1
220317	3	0	0
220317	4	1	-1
220317	2	0	-1
220317	2	1	0
220317	3	1	0
220317	4	1	0
220317	4	1	0
220317	3	1	-1
220317	2	1	0
220317	4	1	0
220317	2	1	0
220317	4	1	0
220317	3	1	-1
220317	1	0	0
220317	2	1	1
220317	2	1	0
220317	1	1	1
220317	3	1	-1
220317	2	1	0
220317	1	1	0
220317	4	1	0
220317	3	0	1
220317	4	1	0
220317	3	0	0
220317	1	1	1
220317	2	0	-1
220317	3	0	1
220317	4	1	-1
220317	2	0	-1
220317	2	0	0
220317	4	1	0
220317	1	1	1
220317	1	1	1
220317	2	0	-1
220317	2	0	-1
220317	4	1	0
220317	2	1	0
220317	1	1	1
220317	1	1	1
220317	2	0	-1
220317	4	1	0
220317	3	1	0
220317	4	1	0
220317	4	1	0
220317	1	0	0
220317	4	1	0
220317	4	1	0
220317	1	1	1
220317	3	0	0
220317	2	0	-1
220317	1	1	1
220317	2	1	1
220317	4	1	0
220317	4	1	0
220317	2	1	0
220317	2	1	0
220317	4	1	0
220317	4	0	0
220317	4	1	0
220317	3	1	-1
220317	4	1	0
220317	1	1	1
220317	2	1	0
220317	2	1	0
220317	4	1	0
220317	3	1	-1
220317	2	1	0
220317	3	1	0
220317	4	1	0
220317	3	1	-1
220317	3	1	-1
220317	4	1	0
220317	3	1	-1
220317	2	0	-1
220317	1	1	1
220317	2	1	0
220317	1	1	1
220317	3	1	-1
220317	2	1	0
220317	1	1	1
220317	1	1	1
220317	2	0	-1
220317	1	1	1
220317	2	1	0
220317	2	1	1
220317	4	1	0
220317	2	1	0
220317	1	1	1
220317	4	1	0
220317	4	1	0
220317	4	1	0
220317	4	1	0
220317	2	1	0
220317	3	1	-1
220317	4	1	0
220317	2	1	0
220317	4	1	0
220317	1	1	1
220317	4	1	0
220317	4	1	0
220317	4	1	0
220317	2	0	-1
220317	3	1	-1
220317	2	1	1
220317	4	0	1
220317	2	1	0
220317	1	0	0
220317	1	0	0
220317	2	1	1
220317	3	1	-1
220317	2	1	0
220317	4	1	0
220317	4	0	0
220317	4	0	1
220317	4	0	1
220317	4	0	1
220317	2	1	0
220317	3	1	-1
220317	3	1	0
220317	1	0	0
220317	2	0	-1
220317	2	1	0
220317	4	1	0
220317	2	1	1
220317	2	1	0
220317	1	0	0
220317	2	1	0
220317	2	1	1
220317	4	0	1
220317	2	1	0
220317	4	0	1
220317	4	1	0
220317	4	1	0
220317	4	0	0
220317	4	0	1
220317	4	0	1
220317	4	0	0
220317	4	0	1
220317	3	1	0
220317	2	1	1
220317	4	0	1
220317	4	0	1
220317	4	0	1
220317	2	1	0
220317	4	0	1
220317	1	0	0
220317	3	1	-1
220317	4	1	0
220317	4	0	1
220317	4	0	0
220317	4	0	0
220317	4	0	1
220317	1	0	0
220317	2	1	0
220317	4	1	0
220317	2	1	0
220317	4	0	1
220317	2	1	0
220317	3	1	-1
220317	1	0	-1
220317	2	1	1
220317	2	1	0
220317	1	0	0
220317	4	0	0
220317	4	0	1
220317	4	0	1
220317	3	1	-1
220317	1	1	1
220317	2	1	1
220317	3	1	-1
220317	4	1	-1
220317	4	1	0
220317	2	0	-1
220317	3	0	0
220317	2	1	0
220317	4	0	1
220317	1	0	0
220317	4	0	0
220317	3	1	0
220317	4	0	1
220317	2	1	1
220317	2	1	0
220317	3	1	0
220317	4	0	1
220317	3	1	-1
220317	1	0	-1
220317	2	1	0
220317	3	1	-1
220317	4	0	1
220317	3	0	0
220317	1	0	0
220317	2	0	-1
220317	4	0	1
220317	4	0	1
220317	4	0	1
220317	4	0	1
220317	2	1	0
220317	2	1	1
220317	4	0	1
220317	4	0	1
220317	4	0	1
220317	4	0	1
220317	4	0	0
220317	3	1	0
220317	3	1	0
220317	4	0	1
220317	4	0	1
220317	4	0	0
220317	2	1	0
220317	4	0	1
220317	1	0	0
220317	1	0	0
220317	3	1	-1
220317	4	0	1
220317	1	0	0
220317	1	0	0
220317	2	0	-1
220317	1	0	0
220317	3	1	-1
220317	3	1	0
220317	2	1	1
220317	3	1	-1
220317	1	1	1
220317	3	1	-1
220317	4	1	-1
220317	3	1	-1
220317	1	1	1
220317	4	1	0
220317	1	1	1
220317	1	1	1
220317	3	0	0
220317	2	0	-1
220317	4	1	0
220317	1	1	1
220317	4	1	0
220317	2	1	0
220317	3	0	0
220317	3	0	0
220317	1	1	0
220317	1	1	1
220317	1	1	1
220317	2	1	0
220317	4	1	0
220317	1	1	1
220317	3	0	0
220317	2	0	-1
220317	3	0	0
220317	1	1	1
220317	4	1	0
220317	3	1	0
220317	3	1	-1
220317	3	1	-1
220317	1	1	1
220317	1	1	0
220317	3	0	0
220317	1	1	1
220317	3	0	0
220317	3	0	0
220317	1	1	1
220317	1	1	1
220317	2	0	-1
220317	1	1	0
220317	2	1	1
220317	3	1	0
220317	1	1	1
220317	2	1	0
220317	4	1	-1
220317	3	1	0
220317	2	0	-1
220317	3	1	0
220317	4	1	0
220317	1	1	1
220317	3	1	-1
220317	1	1	0
220317	1	1	0
220317	1	1	1
220317	3	1	-1
220317	2	0	0
220317	3	0	0
220317	2	0	0
220317	3	1	-1
220317	3	1	-1
220317	1	1	1
220317	4	1	-1
220317	1	1	1
220317	3	0	0
220317	1	1	1
220317	3	0	0
220317	3	0	0
220317	1	1	1
220317	4	1	0
220317	4	1	0
220317	2	0	-1
220317	1	1	1
220317	1	1	0
220317	3	1	-1
220317	1	1	0
220317	3	0	0
220317	4	1	0
220328	1	1	0
220328	4	1	0
220328	4	1	-1
220328	2	0	-1
220328	2	1	0
220328	2	1	0
220328	4	1	0
220328	3	1	-1
220328	4	1	0
220328	2	1	0
220328	2	1	0
220328	3	1	-1
220328	2	1	0
220328	2	1	0
220328	4	1	0
220328	1	1	0
220328	3	1	-1
220328	4	1	0
220328	1	1	0
220328	4	1	0
220328	1	1	1
220328	1	0	0
220328	3	1	0
220328	2	1	0
220328	3	1	-1
220328	3	1	-1
220328	3	1	-1
220328	2	1	1
220328	3	1	-1
220328	3	1	0
220328	3	1	-1
220328	1	1	1
220328	4	1	0
220328	4	1	-1
220328	3	1	-1
220328	4	1	0
220328	2	1	0
220328	1	0	-1
220328	3	1	-1
220328	2	1	0
220328	1	1	1
220328	2	0	0
220328	1	1	1
220328	2	1	1
220328	2	0	0
220328	3	1	-1
220328	2	1	0
220328	2	1	0
220328	2	1	0
220328	2	0	-1
220328	3	1	-1
220328	4	1	0
220328	4	1	0
220328	3	1	-1
220328	1	1	1
220328	3	1	-1
220328	1	1	0
220328	2	0	0
220328	4	1	-1
220328	2	1	0
220328	4	1	0
220328	4	1	0
220328	2	1	0
220328	4	1	-1
220328	4	1	0
220328	4	0	0
220328	3	0	1
220328	1	1	1
220328	4	1	0
220328	4	0	0
220328	3	1	-1
220328	2	1	0
220328	2	1	0
220328	3	1	-1
220328	3	1	-1
220328	2	0	-1
220328	4	1	-1
220328	2	1	0
220328	4	1	-1
220328	2	1	0
220328	1	1	1
220328	4	1	0
220328	4	0	1
220328	2	1	0
220328	2	1	1
220328	2	1	0
220328	1	1	1
220328	2	0	-1
220328	4	1	-1
220328	1	1	1
220328	3	0	0
220328	4	1	0
220328	2	0	-1
220328	1	1	1
220328	1	1	1
220328	3	0	1
220328	2	1	1
220328	4	0	1
220328	1	1	0
220328	3	1	0
220328	4	0	1
220328	2	1	0
220328	2	0	-1
220328	4	1	0
220328	4	1	-1
220328	4	0	1
220328	1	0	0
220328	3	1	-1
220328	1	1	0
220328	2	1	0
220328	4	0	1
220328	4	1	0
220328	1	0	0
220328	1	1	1
220328	3	0	0
220328	3	1	-1
220328	1	1	0
220328	4	1	-1
220328	4	1	0
220328	4	1	0
220328	4	0	1
220328	3	1	0
220328	4	0	1
220328	4	1	0
220328	2	1	0
220328	2	0	-1
220328	2	1	1
220328	1	1	1
220328	2	0	-1
220328	4	1	0
220328	1	1	1
220328	2	1	0
220328	3	1	-1
220328	4	1	0
220328	1	0	0
220328	3	1	0
220328	2	1	0
220328	4	1	0
220328	2	1	0
220328	2	1	1
220328	3	1	-1
220328	1	1	1
220328	1	1	0
220328	4	1	-1
220328	1	1	0
220328	4	1	-1
220328	4	1	-1
220328	4	1	0
220328	4	1	0
220328	4	1	0
220328	3	1	-1
220328	3	0	0
220328	4	1	0
220328	3	0	0
220328	4	0	1
220328	4	0	1
220328	1	0	-1
220328	3	1	-1
220328	4	1	0
220328	4	1	0
220328	2	1	0
220328	1	1	1
220328	4	1	-1
220328	2	1	0
220328	4	1	0
220328	2	1	1
220328	1	0	0
220328	3	1	-1
220328	4	1	0
220328	4	0	1
220328	4	1	-1
220328	1	1	0
220328	4	1	0
220328	4	1	0
220328	1	0	0
220328	4	1	0
220328	4	1	0
220328	4	1	0
220328	2	1	0
220328	2	1	1
220328	2	0	-1
220328	2	1	0
220328	4	1	0
220328	4	1	-1
220328	4	1	0
220328	1	1	1
220328	4	0	1
220328	2	1	0
220328	4	1	0
220328	3	1	-1
220328	4	1	-1
220328	4	1	0
220328	4	1	0
220328	4	1	0
220328	2	1	0
220328	1	1	1
220328	3	1	0
220328	3	1	0
220328	2	1	0
220328	1	1	1
220328	4	1	-1
220328	2	1	0
220328	2	1	0
220328	3	1	-1
220328	4	1	0
220328	4	0	1
220328	2	0	-1
220328	3	1	-1
220328	3	1	-1
220328	4	1	0
220328	3	1	-1
220328	2	1	0
220328	2	1	0
220328	4	1	0
220328	1	1	1
220328	3	1	-1
220328	1	1	1
220328	1	1	1
220328	1	1	1
220328	2	1	0
220328	3	1	-1
220328	1	1	1
220328	4	1	0
220328	2	1	0
220328	3	1	-1
220328	3	1	-1
220328	4	1	0
220328	3	1	0
220328	1	1	0
220328	2	1	0
220328	2	1	0
220328	1	1	1
220328	2	1	0
220328	2	1	0
220328	1	1	0
220328	2	1	0
220328	4	1	0
220328	4	1	0
220328	4	1	0
220328	4	1	0
220328	2	0	-1
220328	3	1	-1
220328	2	1	0
220328	1	1	0
220328	1	1	1
220328	4	1	0
220328	4	1	-1
220328	3	1	-1
220328	4	1	-1
220328	4	1	-1
220328	1	1	1
220328	2	1	0
220328	4	1	0
220328	1	0	-1
220328	4	1	0
220328	2	1	0
220328	3	1	0
220328	4	1	0
220328	4	1	0
220328	3	1	-1
220328	3	1	-1
220328	1	1	1
220328	4	1	0
220328	2	1	0
220328	1	1	0
220328	1	1	1
220328	3	1	-1
220328	1	1	0
220328	2	1	0
220328	1	1	1
220328	3	1	-1
220328	4	1	0
220328	1	1	0
220328	3	1	-1
220328	3	1	-1
220328	2	1	0
220328	1	1	1
220328	1	1	1
220328	2	1	0
220328	2	1	0
220328	4	1	0
220328	3	1	-1
220328	4	1	-1
220328	1	1	1
220328	1	1	1
220328	1	1	1
220328	3	1	-1
220328	2	1	1
220328	1	0	0
220328	4	1	0
220328	1	1	1
220328	2	1	1
220328	1	1	1
220328	1	1	1
220328	3	0	0
220328	3	1	-1
220328	4	1	0
220328	1	1	1
220328	3	1	-1
220328	1	1	1
220328	3	1	-1
220328	1	1	1
220328	3	0	0
220328	3	1	-1
220328	3	1	-1
220328	4	1	0
220328	1	1	0
220328	3	1	-1
220328	1	1	1
220328	3	1	0
220328	3	0	0
220328	4	1	0
220328	3	1	-1
220328	3	1	-1
220328	1	1	1
220328	1	0	0
220328	3	1	-1
220328	3	1	0
220328	4	1	0
220328	1	1	1
220333	2	1	1
220333	4	1	0
220333	1	1	1
220333	4	1	0
220333	2	1	1
220333	4	1	0
220333	4	1	0
220333	2	1	0
220333	3	1	-1
220333	4	1	0
220333	4	1	0
220333	1	1	0
220333	2	1	0
220333	2	1	0
220333	2	1	0
220333	4	1	0
220333	2	1	0
220333	4	1	-1
220333	2	1	0
220333	1	1	1
220333	1	1	1
220333	2	1	0
220333	4	1	0
220333	4	1	-1
220333	2	1	0
220333	2	1	0
220333	2	1	0
220333	2	1	1
220333	3	1	-1
220333	1	1	0
220333	3	1	-1
220333	4	1	0
220333	2	1	0
220333	2	1	0
220333	2	1	0
220333	3	1	-1
220333	4	1	0
220333	2	1	0
220333	3	1	-1
220333	2	1	1
220333	2	1	1
220333	4	1	0
220333	3	1	-1
220333	3	1	-1
220333	1	1	1
220333	1	1	1
220333	2	1	0
220333	2	1	0
220333	2	1	1
220333	2	1	0
220333	2	1	1
220333	4	1	0
220333	2	1	0
220333	1	1	1
220333	4	1	0
220333	2	1	0
220333	4	1	0
220333	4	1	0
220333	2	1	0
220333	3	1	-1
220333	2	1	1
220333	2	1	0
220333	1	1	1
220333	1	1	0
220333	2	1	0
220333	2	1	1
220333	2	1	0
220333	2	1	0
220333	3	1	-1
220333	2	1	0
220333	2	1	0
220333	2	1	0
220333	3	1	-1
220333	2	1	0
220333	3	1	0
220333	1	1	1
220333	3	1	-1
220333	4	1	0
220333	1	1	1
220333	2	1	0
220333	2	1	0
220333	4	1	0
220333	2	1	0
220333	4	1	-1
220333	2	1	0
220333	4	1	0
220333	3	1	0
220333	4	1	0
220333	1	1	0
220333	4	1	-1
220333	1	1	1
220333	1	1	1
220333	2	1	1
220333	1	1	0
220333	2	1	0
220333	2	1	0
220333	2	1	0
220333	2	1	0
220333	2	1	0
220333	2	1	0
220333	1	1	0
220333	2	1	0
220333	3	1	-1
220333	2	1	0
220333	2	1	0
220333	2	1	0
220333	2	1	0
220333	4	1	-1
220333	4	1	0
220333	3	1	-1
220333	2	1	0
220333	2	1	0
220333	4	1	0
220333	4	1	-1
220333	1	1	1
220333	1	1	1
220333	2	1	1
220333	2	1	0
220333	3	1	-1
220333	2	1	0
220333	4	1	0
220333	2	1	0
220333	4	1	0
220333	4	1	0
220333	3	1	-1
220333	3	1	-1
220333	3	1	-1
220333	3	1	0
220333	1	1	1
220333	1	1	1
220333	3	1	-1
220333	2	1	0
220333	1	1	1
220333	2	1	0
220333	4	1	-1
220333	3	1	0
220333	3	1	-1
220333	3	1	0
220333	4	1	0
220333	2	1	1
220333	3	1	0
220333	3	1	-1
220333	1	1	1
220333	3	1	-1
220333	4	1	-1
220333	4	1	0
220333	3	1	-1
220333	4	1	0
220333	4	1	0
220333	3	1	0
220333	2	1	0
220333	3	1	-1
220333	1	1	1
220333	3	1	0
220333	1	1	1
220333	1	1	1
220333	2	1	1
220333	1	1	1
220333	3	1	-1
220333	1	1	1
220333	3	1	-1
220333	1	1	1
220333	3	1	-1
220333	3	1	-1
220333	1	1	1
220333	1	1	1
220333	1	1	1
220333	1	1	0
220333	1	1	0
220333	4	1	0
220333	2	1	0
220333	1	1	1
220333	2	1	1
220333	3	1	-1
220333	3	1	-1
220333	4	1	0
220333	3	1	-1
220333	1	1	1
220333	1	1	1
220333	3	1	-1
220333	1	1	1
220333	1	1	0
220333	3	1	-1
220333	2	1	0
220333	3	1	-1
220333	2	1	0
220333	4	1	0
220333	1	1	1
220333	2	0	0
220333	1	1	0
220333	1	1	1
220333	4	1	0
220333	2	1	0
220333	2	1	0
220333	4	1	0
220333	1	1	1
220333	2	1	0
220333	1	1	1
220333	2	1	0
220333	2	1	0
220333	4	1	0
220333	2	1	0
220333	1	1	1
220333	2	1	0
220333	3	1	-1
220333	2	1	0
220333	3	0	0
220333	2	1	0
220333	3	1	-1
220333	1	1	1
220333	2	1	0
220333	1	1	0
220333	4	1	0
220333	3	1	-1
220333	1	1	0
220333	1	1	1
220333	4	1	0
220333	1	1	1
220333	3	1	-1
220333	1	1	1
220333	2	1	0
220333	3	1	-1
220333	4	1	0
220333	2	1	0
220333	4	1	0
220333	4	1	0
220333	3	1	0
220333	3	1	-1
220333	3	1	-1
220333	3	1	0
220333	3	1	-1
220333	4	1	0
220333	4	1	0
220333	4	1	0
220333	1	1	0
220333	3	0	1
220333	4	1	0
220333	1	1	1
220333	4	1	0
220333	2	1	0
220333	1	1	1
220333	4	1	0
220333	2	1	0
220333	3	1	-1
220333	1	1	1
220333	3	1	-1
220333	1	1	1
220333	3	1	0
220333	3	1	-1
220333	4	1	0
220333	4	1	0
220333	1	1	1
220333	4	1	0
220333	2	1	0
220333	4	1	0
220333	3	1	-1
220333	2	0	0
220333	4	1	0
220333	1	1	0
220333	4	1	-1
220333	2	1	0
220333	2	1	0
220333	2	1	0
220333	3	1	-1
220333	4	1	0
220333	4	1	0
220333	1	1	1
220333	3	0	0
220333	3	1	0
220333	2	1	1
220333	4	1	0
220333	2	1	0
220333	4	1	0
220333	3	1	-1
220333	4	1	0
220333	1	1	1
220333	3	1	-1
220333	3	1	0
220333	1	1	1
220333	2	1	0
220333	3	1	-1
220333	3	1	-1
220333	2	1	1
220333	2	1	0
220333	1	1	1
220333	1	1	1
220333	1	1	1
220333	4	1	0
220333	3	1	-1
220333	3	1	-1
220333	2	1	1
220333	4	1	0
220333	4	1	0
220333	4	1	-1
220333	1	1	1
220333	2	1	0
220333	2	1	0
220333	2	1	0
220333	2	1	0
220333	2	1	0
220333	3	1	0
220333	2	1	0
220333	3	1	-1
220333	2	1	1
220333	4	1	0
220333	4	1	0
220333	3	1	-1
220333	3	1	0
220333	4	1	0
220333	4	0	0
220333	4	1	0
220333	3	1	-1
220333	4	1	0
220333	1	1	1
220333	4	1	-1
220333	1	1	1
220333	2	1	1
220333	3	0	1
220333	4	1	0
220333	1	1	1
220333	2	1	0
220333	2	1	1
220333	4	1	-1
220333	1	1	1
220333	2	1	0
220333	2	1	0
220333	3	1	-1
220333	2	1	1
220333	4	0	1
220333	2	1	0
220333	4	1	0
220333	4	1	0
220333	4	1	0
220333	2	1	0
220333	2	1	0
220333	2	0	-1
220333	4	1	0
220333	4	1	0
220333	4	1	-1
220333	4	1	0
220333	4	1	-1
220333	4	1	-1
220333	1	1	1
220333	2	1	0
220333	4	1	0
220333	3	1	-1
220333	1	1	1
220333	2	1	0
220333	1	1	1
220333	4	1	0
220333	3	1	-1
220333	1	1	0
220333	1	1	0
220333	3	1	-1
220333	2	1	0
220333	2	1	0
220333	3	1	-1
220333	2	1	1
220333	2	1	1
220333	1	1	1
220333	3	1	-1
220333	2	1	1
220333	4	1	-1
220333	2	1	0
220333	1	1	1
220333	4	1	0
220333	2	1	0
220333	3	1	-1
220333	3	1	-1
220333	2	1	0
220333	3	1	-1
220333	3	1	0
220333	2	1	1
220333	1	1	0
220333	3	1	-1
220333	1	1	1
220333	4	1	0
220333	3	1	-1
220333	2	1	0
220333	1	1	1
220333	1	1	1
220333	1	1	0
220333	3	1	-1
220333	1	1	1
220333	4	1	0
220333	1	1	1
220333	3	1	-1
220333	1	1	1
220333	3	1	-1
220333	4	1	-1
220333	1	1	1
220333	4	1	-1
220333	1	1	0
220333	1	1	1
220333	1	1	1
220333	3	1	0
220333	1	1	1
220333	2	1	1
220333	2	1	0
220333	1	1	1
220352	1	1	1
220352	3	1	-1
220352	2	0	0
220352	4	1	0
220352	1	1	0
220352	3	1	-1
220352	1	1	0
220352	3	1	-1
220352	1	1	1
220352	3	0	0
220352	4	1	0
220352	1	1	1
220352	2	1	0
220352	1	1	1
220352	3	0	1
220352	4	0	1
220352	3	1	-1
220352	2	1	0
220352	2	0	0
220352	4	1	0
220352	3	0	0
220352	1	0	0
220352	4	1	0
220352	2	0	0
220352	1	1	1
220352	3	0	0
220352	3	0	0
220352	1	1	0
220352	4	1	-1
220352	2	1	1
220352	3	0	0
220352	3	0	0
220352	1	1	1
220352	2	1	0
220352	2	1	0
220352	2	0	0
220352	4	1	0
220352	4	0	1
220352	1	1	1
220352	1	1	1
220352	2	0	0
220352	1	1	1
220352	3	0	0
220352	2	1	0
220352	4	1	0
220352	4	1	-1
220352	2	0	-1
220352	3	1	0
220352	2	1	0
220352	4	1	0
220352	3	0	0
220352	4	1	0
220352	1	1	1
220352	4	0	1
220352	2	1	0
220352	1	1	1
220352	1	1	1
220352	2	1	0
220352	3	0	0
220352	4	1	0
220352	1	1	1
220352	2	1	0
220352	4	0	1
220352	4	0	0
220352	2	1	0
220352	4	1	0
220352	1	1	1
220352	4	0	1
220352	3	0	0
220352	4	0	1
220352	4	0	1
220352	2	1	1
220352	1	1	0
220352	4	0	0
220352	3	1	-1
220352	2	1	0
220352	3	0	0
220352	4	1	-1
220352	4	0	0
220352	4	0	1
220352	2	0	-1
220352	1	1	1
220352	2	1	0
220352	4	0	0
220352	3	0	0
220352	1	1	1
220352	1	1	1
220352	2	1	0
220352	1	1	1
220352	1	1	1
220352	1	1	1
220352	2	1	0
220352	1	1	1
220352	3	1	-1
220352	3	0	0
220352	3	0	0
220352	1	1	1
220352	3	0	0
220352	2	1	0
220352	4	0	1
220352	1	1	1
220352	4	0	1
220352	1	1	1
220352	1	1	1
220352	1	1	1
220352	1	1	0
220352	4	0	0
220352	4	1	0
220352	4	1	0
220352	2	1	0
220352	2	1	0
220352	3	1	-1
220352	3	1	-1
220352	3	0	0
220352	3	0	0
220352	1	1	1
220352	3	0	0
220352	3	0	0
220352	3	0	0
220352	3	0	0
220352	1	1	1
220352	3	0	0
220352	4	0	1
220352	2	1	0
220352	4	0	0
220352	1	1	0
220352	3	0	0
220352	2	1	0
220352	1	1	0
220352	3	0	1
220352	1	1	1
220352	1	1	1
220352	3	0	0
220352	3	0	1
220352	4	0	1
220352	1	1	1
220352	3	0	0
220352	2	0	-1
220352	4	0	1
220352	1	1	1
220352	3	0	0
220352	4	0	1
220352	1	1	1
220352	3	1	0
220352	1	1	0
220352	2	0	-1
220352	2	1	0
220352	3	1	0
220352	4	0	0
220352	2	1	1
220352	1	1	1
220352	2	1	0
220352	4	0	1
220352	1	1	1
220352	3	0	0
220352	2	1	0
220352	4	0	1
220352	2	1	0
220352	3	1	-1
220352	2	0	-1
220352	4	0	1
220352	2	1	0
220352	4	0	1
220352	4	0	1
220352	2	1	0
220352	2	1	0
220352	2	0	-1
220352	4	0	1
220352	4	0	0
220352	2	1	0
220352	1	1	1
220352	2	1	1
220352	1	1	0
220352	1	1	1
220352	2	1	0
220352	2	1	0
220352	3	1	0
220352	3	1	-1
220352	1	1	1
220352	2	1	0
220352	4	0	0
220352	3	0	0
220352	4	0	1
220352	2	0	-1
220352	4	0	0
220352	1	1	1
220352	1	1	1
220352	2	1	0
220352	3	0	1
220352	1	1	0
220352	1	1	1
220352	1	1	1
220352	3	0	0
220352	4	0	1
220352	1	1	1
220352	4	0	1
220352	4	0	1
220352	2	1	0
220352	1	1	0
220352	3	0	1
220352	1	1	1
220352	3	0	0
220352	1	1	0
220352	3	0	0
220352	1	1	1
220352	3	0	0
220352	1	1	1
220352	2	1	0
220352	1	1	1
220352	4	0	1
220352	3	0	0
220352	4	0	1
220352	2	1	0
220352	2	1	1
220352	1	1	0
220352	3	0	0
220352	2	1	1
220352	4	0	1
220352	2	1	0
220352	4	1	0
220352	3	1	-1
220352	1	1	1
220352	3	0	0
220352	2	0	-1
220352	1	1	1
220352	2	0	-1
220352	4	1	0
220352	4	1	0
220352	2	1	0
220352	4	0	1
220352	2	0	-1
220352	4	0	1
220352	3	1	-1
220352	2	0	-1
220352	3	0	0
220352	4	0	1
220352	3	0	0
220352	3	0	0
220352	2	1	0
220352	4	0	0
220352	4	0	1
220352	4	0	1
220352	4	0	0
220352	2	0	-1
220352	1	1	1
220352	2	0	-1
220352	4	1	0
220352	4	0	1
220352	4	0	1
220352	4	0	0
220352	1	1	0
220352	2	0	-1
220352	1	1	1
220352	2	1	0
220352	2	1	0
220352	2	1	0
220352	4	0	0
220352	2	1	0
220352	2	1	1
220352	1	1	1
220352	4	0	1
220352	3	0	0
220352	1	1	1
220352	3	0	0
220352	4	0	1
220352	4	0	0
220352	2	1	0
220352	2	1	0
220352	2	1	0
220352	4	1	0
220352	2	1	1
220352	2	1	0
220352	1	1	1
220352	1	1	1
220352	2	1	0
220352	4	1	0
220352	3	0	0
220352	1	1	1
220352	3	0	0
220352	2	1	0
220352	1	1	1
220352	1	1	1
220352	3	0	0
220352	3	0	0
220352	1	1	1
220352	2	1	0
220352	3	0	0
220352	2	1	1
220352	3	0	1
220352	2	1	1
220352	1	1	1
220352	3	0	1
220352	2	1	1
220352	4	0	1
220352	1	1	1
220352	3	0	0
220352	2	1	1
220352	2	1	0
220352	3	0	1
220352	3	0	0
220352	3	0	0
220352	3	0	0
220352	4	1	0
220352	1	1	1
220352	3	0	0
220352	4	0	1
220352	3	1	-1
220352	2	1	0
220352	2	1	0
220352	4	0	1
220352	2	1	1
220352	2	1	0
220352	2	1	0
220352	1	1	0
220352	2	1	0
220352	4	0	1
220352	3	0	0
220352	1	1	1
220352	3	1	0
220352	3	1	-1
220352	2	1	0
220352	2	1	0
220352	2	1	0
220352	4	0	1
220352	2	0	-1
220352	2	1	0
220352	2	1	1
220352	4	1	0
220352	4	0	1
220352	4	0	0
220352	2	1	0
220352	4	0	1
220352	2	0	-1
220352	4	1	0
220352	2	0	-1
220352	2	1	1
220352	4	1	0
220352	3	0	0
220352	1	1	1
220352	4	0	1
220352	2	1	0
220352	2	1	0
220352	4	0	0
220352	3	0	0
220352	2	1	0
220352	2	1	0
220352	1	1	0
220352	2	1	1
220352	4	0	1
220352	1	1	0
220352	2	1	0
220352	1	1	1
220352	3	0	1
220352	3	0	0
220352	4	0	1
220352	2	1	0
220352	2	1	0
220352	4	0	1
220352	2	1	0
220352	2	1	0
220352	4	0	1
220352	4	0	1
220352	4	0	1
220352	2	1	0
220352	2	1	1
220352	2	1	0
220352	2	1	1
220352	3	0	0
220352	1	1	1
220352	2	1	0
220352	1	1	1
220352	2	1	1
220352	4	0	1
220352	2	1	0
220352	3	0	0
220352	2	1	1
220352	4	0	1
220352	2	1	1
220352	2	1	0
220352	1	1	1
220352	2	1	0
220352	4	0	1
220352	1	1	1
220352	3	0	1
220352	1	1	1
220352	2	1	0
220352	2	0	0
220352	2	1	1
220352	3	1	-1
220352	3	0	0
220352	2	1	0
220352	3	1	-1
220352	3	0	0
220352	1	1	1
220352	1	1	0
220352	2	1	0
220352	2	1	0
220352	3	0	0
220352	2	1	0
220352	2	1	0
220413	1	1	0
220413	1	1	1
220413	2	1	1
220413	2	1	0
220413	3	0	0
220413	4	0	1
220413	2	1	1
220413	4	0	1
220413	1	1	1
220413	2	1	0
220413	1	1	1
220413	1	1	1
220413	4	0	1
220413	2	1	0
220413	2	1	1
220413	4	0	1
220413	2	1	0
220413	3	0	0
220413	4	0	1
220413	3	0	1
220413	1	1	1
220413	3	0	0
220413	2	1	0
220413	2	1	0
220413	4	0	1
220413	3	0	0
220413	4	0	1
220413	4	0	1
220413	4	0	1
220413	1	1	1
220413	1	1	0
220413	2	1	0
220413	3	0	0
220413	2	1	0
220413	1	1	1
220413	4	0	0
220413	2	1	1
220413	3	0	1
220413	3	0	0
220413	3	0	0
220413	4	0	0
220413	2	1	0
220413	3	0	0
220413	4	0	1
220413	1	1	1
220413	2	1	0
220413	1	1	0
220413	2	1	0
220413	2	1	0
220413	1	1	0
220413	4	0	0
220413	3	1	-1
220413	1	1	1
220413	1	1	1
220413	3	0	0
220413	1	1	1
220413	4	0	1
220413	3	0	0
220413	3	0	0
220413	1	1	1
220413	2	1	0
220413	3	0	0
220413	4	0	1
220413	1	1	0
220413	4	0	1
220413	3	1	0
220413	4	0	1
220413	1	1	1
220413	1	1	0
220413	3	1	-1
220413	3	1	-1
220413	4	0	1
220413	2	1	0
220413	3	0	1
220413	2	1	0
220413	4	0	1
220413	3	0	0
220413	2	1	0
220413	2	0	-1
220413	3	0	0
220413	4	0	1
220413	2	1	0
220413	3	0	0
220413	3	0	0
220413	4	0	1
220413	3	0	1
220413	1	1	1
220413	1	1	1
220413	4	0	1
220413	4	0	1
220413	4	0	1
220413	2	1	0
220413	2	1	0
220413	4	0	1
220413	4	0	0
220413	1	1	1
220413	4	0	1
220413	4	0	1
220413	3	0	1
220413	1	1	1
220413	2	1	0
220413	1	1	1
220413	2	1	0
220413	2	1	0
220413	3	0	0
220413	4	0	0
220413	1	1	1
220413	1	1	1
220413	4	0	1
220413	4	0	1
220413	2	1	0
220413	3	0	0
220413	2	1	0
220413	2	1	1
220413	2	1	1
220413	3	0	1
220413	1	1	0
220413	2	1	0
220413	4	0	1
220413	1	1	1
220413	1	1	0
220413	2	1	0
220413	1	1	1
220413	2	1	0
220413	4	0	0
220413	2	1	0
220413	1	1	0
220413	4	0	1
220413	1	1	1
220413	3	0	0
220413	4	0	1
220413	3	0	0
220413	2	1	1
220413	4	0	1
220413	3	0	0
220413	1	1	0
220413	2	1	1
220413	2	1	0
220413	3	0	0
220413	4	0	1
220413	2	1	0
220413	2	1	1
220413	4	0	1
220413	4	0	1
220413	4	0	1
220413	1	1	1
220413	4	0	1
220413	1	1	1
220413	4	0	1
220413	4	0	1
220413	3	0	0
220413	1	1	1
220413	4	0	0
220413	4	0	1
220413	4	0	0
220413	1	1	1
220413	3	0	0
220413	4	0	1
220413	4	0	1
220413	4	0	1
220413	4	0	1
220413	2	1	0
220413	4	0	1
220413	4	0	1
220413	2	1	0
220413	4	0	1
220413	2	1	0
220413	2	1	1
220413	1	1	1
220413	3	0	0
220413	1	1	1
220413	4	0	1
220413	1	1	1
220413	2	1	0
220413	2	1	0
220413	2	1	0
220413	2	1	0
220413	2	1	1
220413	4	0	1
220413	4	0	0
220413	2	1	1
220413	3	0	0
220413	2	1	0
220413	2	1	0
220413	2	1	0
220413	2	1	0
220413	3	0	0
220413	2	1	0
220413	1	1	1
220413	1	1	1
220413	3	0	0
220413	2	1	0
220413	4	0	1
220413	2	1	0
220413	2	1	1
220413	3	0	0
220413	4	0	1
220413	3	0	0
220413	1	1	0
220413	4	0	1
220413	4	0	1
220413	3	0	0
220413	4	0	1
220413	2	1	1
220413	4	0	1
220413	4	0	0
220413	2	1	1
220413	3	0	0
220413	2	1	0
220413	2	1	0
220413	3	0	1
220413	2	1	0
220413	1	1	1
220413	4	0	1
220413	1	1	1
220413	2	1	1
220413	4	0	1
220413	2	1	1
220413	2	1	1
220413	1	1	1
220413	4	0	1
220413	4	0	0
220413	4	0	1
220413	4	0	0
220413	3	0	0
220413	4	0	0
220413	4	0	0
220413	3	0	0
220413	3	0	0
220413	1	1	1
220413	4	0	1
220413	3	0	1
220413	1	1	1
220413	4	0	1
220413	3	0	1
220413	3	0	0
220413	1	1	1
220413	1	1	1
220413	3	0	1
220413	3	0	0
220413	3	0	0
220413	4	0	1
220413	3	0	0
220413	1	1	1
220413	1	1	0
220413	3	0	1
220413	4	0	1
220413	1	1	1
220413	1	1	1
220413	3	0	0
220413	1	1	1
220413	1	1	1
220413	3	0	1
220413	1	1	1
220413	3	0	1
220413	1	1	1
220413	2	1	1
220413	4	0	1
220413	3	0	0
220413	1	1	1
220413	3	0	0
220413	1	1	1
220413	2	1	0
220413	1	1	1
220413	2	1	0
220413	4	0	1
220413	3	0	0
220413	3	0	0
220413	1	1	0
220413	3	0	0
220413	1	1	1
220413	2	1	0
220413	1	1	1
220413	4	0	0
220413	2	1	0
220413	4	0	1
220413	3	0	1
220413	4	0	1
220413	4	0	1
220413	1	1	1
220413	4	0	1
220413	4	0	1
220413	3	0	0
220413	2	1	0
220413	3	0	0
220413	3	0	0
220413	4	0	1
220413	4	0	0
220413	1	1	1
220413	2	1	0
220413	4	0	1
220413	2	1	0
220413	3	0	1
220413	4	0	1
220413	3	0	0
220413	4	0	1
220413	4	0	1
220413	4	0	1
220413	4	0	1
220413	4	0	1
220413	4	0	1
220413	1	1	1
220413	1	1	1
220413	3	0	0
220413	4	0	1
220413	4	0	1
220413	2	1	0
220413	3	0	0
220413	4	0	1
220413	2	1	0
220413	1	1	1
220413	4	0	0
220413	2	1	0
220413	4	0	1
220413	3	0	0
220413	4	0	1
220413	4	0	1
220413	2	1	0
220413	4	0	1
220413	4	0	1
220413	2	1	1
220413	3	0	0
220413	4	0	1
220413	2	1	0
220413	4	0	1
220413	4	0	1
220413	4	0	1
220413	4	0	1
220413	1	1	1
220413	4	0	1
220413	2	1	0
220413	4	0	0
220413	1	1	0
220413	2	1	0
220413	2	1	0
220413	2	1	0
220413	4	1	0
220413	4	0	1
220413	4	0	0
220413	1	1	1
220413	4	0	1
220413	4	0	0
220413	1	1	1
220413	4	0	0
220413	4	0	1
220413	3	0	0
220413	1	1	1
220413	1	1	0
220413	1	1	1
220413	4	0	1
220413	1	1	1
220413	1	1	1
220413	3	0	0
220413	1	1	0
220413	2	1	1
220413	3	0	0
220413	4	0	0
220413	2	1	0
220413	3	0	1
220413	3	0	1
220413	1	1	0
220413	2	1	1
220413	3	0	0
220413	1	1	1
220413	3	0	0
220413	2	1	1
220413	4	0	1
220413	1	1	1
220413	4	0	1
220413	1	1	0
220413	2	1	1
220413	4	0	0
220413	1	1	1
220413	2	1	1
220413	2	1	0
220413	4	0	1
220413	3	0	0
220413	3	0	0
220413	4	0	0
220413	2	1	0
220413	3	0	0
220413	1	1	1
220413	1	1	1
220413	1	1	1
220413	3	0	0
220413	2	1	0
220413	4	0	1
220413	3	0	0
220413	2	1	1
220413	1	1	1
220413	3	0	0
220413	3	0	0
220413	1	1	0
220413	3	0	1
220413	3	0	0
220413	4	0	1
220413	1	1	0
220413	3	0	0
220413	3	0	0
220413	2	1	0
220493	1	1	1
220493	3	0	1
220493	3	0	1
220493	3	0	1
220493	3	0	0
220493	3	0	0
220493	4	1	0
220493	4	0	1
220493	2	0	0
220493	1	1	1
220493	1	1	0
220493	3	0	0
220493	3	0	0
220493	2	0	0
220493	2	0	-1
220493	4	1	0
220493	1	0	-1
220493	1	0	-1
220493	2	1	0
220493	4	1	0
220493	4	0	1
220493	1	0	0
220493	1	1	1
220493	1	0	-1
220493	1	0	-1
220493	4	1	0
220493	2	0	-1
220493	3	1	0
220493	4	0	1
220493	2	1	0
220493	4	0	0
220493	2	0	-1
220493	3	1	-1
220493	2	0	0
220493	3	0	0
220493	4	1	0
220493	4	0	1
220493	3	0	0
220493	3	0	0
220493	3	1	0
220493	4	1	0
220493	3	0	0
220493	4	0	1
220493	3	1	-1
220493	1	1	1
220493	2	0	0
220493	4	1	0
220493	1	0	0
220493	1	0	0
220493	3	0	0
220493	2	1	1
220493	1	0	0
220493	4	0	1
220493	1	1	1
220493	2	0	0
220493	4	0	1
220493	4	1	0
220493	3	0	0
220493	3	1	-1
220493	4	1	-1
220493	2	1	0
220493	1	1	0
220493	1	1	1
220493	3	0	0
220493	4	1	0
220493	3	0	0
220493	3	0	0
220493	3	0	0
220493	1	0	0
220493	2	0	-1
220493	1	1	1
220493	2	0	-1
220493	2	1	0
220493	2	0	-1
220493	1	1	1
220493	1	0	0
220493	2	0	-1
220493	2	0	-1
220493	4	0	1
220493	4	1	0
220493	1	1	0
220493	1	0	0
220493	3	0	1
220493	1	0	-1
220493	3	0	0
220493	4	0	1
220493	1	1	1
220493	2	0	-1
220493	2	0	0
220493	4	0	0
220493	3	0	0
220493	3	0	0
220493	1	1	0
220493	3	0	0
220493	4	1	0
220493	1	0	-1
220493	1	1	1
220493	3	0	0
220493	2	1	0
220493	1	1	1
220493	1	1	1
220493	4	0	1
220493	4	1	-1
220493	1	1	1
220493	1	0	0
220493	1	0	0
220493	3	1	-1
220493	3	1	-1
220493	2	1	0
220493	3	1	-1
220493	3	0	1
220493	4	1	0
220493	3	1	-1
220493	1	0	0
220493	3	1	-1
220493	3	0	0
220493	4	0	1
220493	2	1	0
220493	4	1	-1
220493	4	1	-1
220493	1	0	0
220493	3	1	-1
220493	1	1	1
220493	3	1	-1
220493	2	0	0
220493	4	0	1
220493	2	1	0
220493	4	0	1
220493	4	1	0
220493	3	1	-1
220493	3	0	0
220493	2	0	-1
220493	2	0	-1
220493	2	0	-1
220493	4	0	1
220493	4	1	0
220493	4	0	1
220493	2	1	0
220493	2	0	-1
220493	3	0	0
220493	1	0	0
220493	4	0	1
220493	2	1	0
220493	3	0	0
220493	2	1	0
220493	3	1	-1
220493	3	0	0
220493	1	0	0
220493	3	0	0
220493	2	0	-1
220493	2	0	-1
220493	2	0	-1
220493	4	1	0
220493	2	0	0
220493	1	1	0
220493	1	0	0
220493	1	0	-1
220493	3	0	0
220493	1	0	-1
220493	2	0	0
220493	1	1	0
220493	3	0	0
220493	3	0	0
220493	1	1	0
220493	3	0	0
220493	3	0	0
220493	3	0	0
220493	1	1	1
220493	3	0	1
220493	1	0	0
220493	1	0	0
220493	3	0	0
220493	1	1	1
220493	3	0	0
220493	1	1	0
220493	4	1	0
220493	2	0	-1
220493	3	0	1
220493	1	1	1
220493	2	0	-1
220493	4	0	1
220493	3	0	0
220493	2	0	-1
220493	2	0	0
220493	1	0	-1
220493	1	0	0
220493	4	0	1
220493	2	1	1
220493	2	0	0
220493	3	0	1
220493	1	1	1
220493	2	0	-1
220493	2	0	0
220493	3	0	0
220493	3	0	0
220493	1	0	0
220493	4	0	1
220493	2	1	0
220493	1	0	0
220493	3	0	0
220493	2	0	-1
220493	2	0	0
220493	3	0	0
220493	2	0	-1
220493	3	0	0
220493	4	0	1
220493	1	1	1
220493	2	0	-1
220493	2	0	-1
220493	1	0	0
220493	2	0	-1
220493	4	0	1
220493	2	1	0
220493	2	0	-1
220493	2	0	-1
220493	3	0	0
220493	4	0	1
220493	4	1	0
220493	4	0	1
220493	2	0	-1
220493	4	0	1
220493	4	1	0
220493	4	1	0
220493	1	1	1
220493	2	0	-1
220493	3	0	0
220493	1	0	-1
220493	2	0	-1
220493	3	0	1
220493	3	1	0
220493	4	1	0
220493	4	1	-1
220493	2	0	-1
220493	4	0	1
220493	4	1	0
220493	2	1	1
220493	2	0	-1
220493	4	0	1
220493	2	1	0
220493	2	1	0
220493	4	1	-1
220493	2	0	-1
220493	4	0	1
220493	4	1	0
220493	4	1	0
220493	1	1	0
220493	2	0	-1
220493	4	0	1
220493	4	1	0
220493	2	1	0
220493	4	1	0
220493	1	0	0
220493	4	1	0
220493	4	1	0
220493	4	1	0
220493	3	0	1
220493	4	1	0
220493	2	0	-1
220493	3	0	0
220493	2	0	0
220493	1	1	1
220493	1	0	-1
220493	2	0	-1
220493	2	0	0
220493	1	1	1
220493	2	0	-1
220493	2	0	-1
220493	1	1	1
220493	4	0	1
220493	4	0	1
220493	3	0	1
220493	1	0	0
220493	3	0	0
220493	1	0	0
220493	4	1	0
220493	1	0	-1
220493	4	0	1
220493	2	1	0
220493	3	1	-1
220493	1	0	0
220493	4	1	0
220493	3	0	0
220493	3	0	1
220493	1	1	1
220493	2	0	-1
220493	4	0	1
220493	3	1	-1
220493	4	1	0
220493	4	0	1
220493	1	1	1
220493	1	0	0
220493	2	0	0
220493	3	0	0
220493	3	0	0
220493	1	0	-1
220493	1	0	0
220493	3	0	0
220493	4	1	-1
220493	2	0	0
220493	4	0	1
220493	1	0	-1
220493	4	1	-1
220493	4	0	1
220493	4	0	0
220493	2	0	-1
220493	1	0	0
220493	1	0	-1
220493	2	0	-1
220493	1	0	0
220493	4	1	0
220493	2	0	-1
220493	3	0	0
220493	2	0	-1
220493	3	0	0
220493	4	0	1
220493	1	1	1
220493	2	0	-1
220493	4	1	0
220493	1	0	0
220493	2	0	0
220493	2	0	-1
220493	4	0	1
220493	3	1	-1
220493	2	0	-1
220493	4	1	0
220493	1	1	1
220493	2	0	0
220493	2	0	-1
220493	2	0	0
220493	3	0	1
220493	4	1	0
220493	2	0	-1
220493	2	0	-1
220493	4	1	0
220493	3	0	0
220493	1	1	0
220493	2	0	0
220493	2	0	-1
220493	1	0	0
220493	2	0	-1
220493	3	0	1
220493	2	1	0
220493	4	1	0
220493	4	0	1
220493	2	0	-1
220493	2	0	-1
220493	3	0	0
220493	2	0	0
220493	2	0	-1
220493	2	0	0
220493	2	0	-1
220493	2	0	-1
220493	2	0	-1
220493	2	0	-1
220493	2	0	0
220493	4	1	0
220493	2	0	-1
220493	2	0	-1
220493	2	0	-1
220493	2	0	-1
220493	1	1	1
220493	3	0	0
220493	2	0	-1
220493	4	1	0
220493	2	0	0
220493	2	0	0
220493	2	0	-1
220493	2	0	-1
220493	1	1	0
220493	2	0	-1
220493	3	0	1
220493	3	1	0
220493	3	0	1
220493	2	0	-1
220493	2	0	-1
220493	3	0	0
220493	1	0	0
220493	4	0	1
220493	2	1	0
220493	2	0	0
220493	4	1	0
220493	1	0	0
220493	2	0	-1
220493	4	1	0
220493	2	0	-1
220493	3	0	0
220493	2	0	-1
220493	1	1	0
220493	4	1	0
220493	2	0	-1
220493	4	1	0
220493	4	1	0
220493	1	1	1
220493	1	0	0
220493	2	0	-1
220493	2	0	0
220493	2	0	0
220493	3	0	0
220493	1	1	1
220493	2	0	-1
220500	3	1	-1
220500	4	1	0
220500	4	1	-1
220500	3	0	0
220500	1	0	0
220500	4	0	1
220500	4	1	0
220500	2	0	0
220500	2	0	-1
220500	3	1	-1
220500	4	1	0
220500	4	0	0
220500	3	1	-1
220500	4	1	0
220500	2	1	0
220500	3	1	-1
220500	2	0	-1
220500	2	0	-1
220500	3	0	0
220500	3	0	0
220500	4	0	0
220500	4	1	0
220500	2	1	0
220500	2	0	-1
220500	2	1	0
220500	1	1	1
220500	4	1	0
220500	3	1	-1
220500	1	0	0
220500	2	0	-1
220500	4	1	0
220500	1	1	1
220500	4	0	0
220500	3	0	0
220500	4	0	1
220500	2	1	0
220500	4	0	0
220500	1	0	0
220500	1	1	1
220500	2	1	0
220500	2	1	0
220500	2	1	0
220500	4	1	-1
220500	2	1	0
220500	3	0	0
220500	1	1	1
220500	1	0	-1
220500	3	1	-1
220500	1	1	1
220500	3	0	0
220500	1	1	1
220500	1	1	1
220500	1	0	0
220500	2	1	0
220500	4	0	1
220500	1	0	0
220500	1	1	1
220500	1	0	0
220500	2	1	0
220500	1	0	0
220500	4	0	1
220500	1	1	1
220500	1	1	1
220500	2	1	1
220500	3	1	-1
220500	2	1	0
220500	4	1	0
220500	3	1	-1
220500	2	1	0
220500	3	1	0
220500	3	0	0
220500	2	0	-1
220500	1	1	1
220500	3	0	1
220500	4	1	0
220500	4	0	1
220500	4	1	0
220500	2	1	0
220500	4	0	1
220500	3	1	-1
220500	4	1	0
220500	2	1	0
220500	4	0	1
220500	2	0	-1
220500	2	1	0
220500	3	0	0
220500	2	0	-1
220500	3	0	0
220500	2	1	1
220500	3	1	-1
220500	2	1	0
220500	2	1	0
220500	1	0	0
220500	2	1	0
220500	4	1	0
220500	4	1	0
220500	3	1	0
220500	3	1	-1
220500	3	1	-1
220500	4	1	0
220500	1	0	-1
220500	1	0	-1
220500	4	1	0
220500	2	1	0
220500	3	1	0
220500	1	0	0
220500	2	0	-1
220500	2	0	-1
220500	1	0	0
220500	4	0	0
220500	2	1	0
220500	4	1	0
220500	3	1	0
220500	3	1	-1
220500	1	0	0
220500	4	1	0
220500	3	1	-1
220500	4	1	-1
220500	3	1	-1
220500	4	1	0
220500	2	1	1
220500	4	1	0
220500	4	1	0
220500	1	1	1
220500	2	1	1
220500	3	0	0
220500	2	0	-1
220500	2	1	1
220500	4	1	0
220500	1	1	1
220500	2	1	0
220500	4	1	0
220500	3	1	0
220500	4	1	0
220500	4	1	0
220500	4	1	-1
220500	2	0	0
220500	4	0	0
220500	1	0	0
220500	4	0	0
220500	2	0	0
220500	4	1	-1
220500	4	1	-1
220500	4	0	1
220500	3	0	0
220500	2	0	-1
220500	4	0	1
220500	3	1	-1
220500	3	1	0
220500	4	0	1
220500	4	0	0
220500	4	0	0
220500	1	0	0
220500	2	1	1
220500	2	0	-1
220500	4	0	1
220500	2	1	0
220500	2	1	0
220500	4	1	0
220500	4	0	1
220500	3	1	-1
220500	4	0	1
220500	4	0	1
220500	4	0	1
220500	4	0	1
220500	4	0	0
220500	2	1	0
220500	4	0	1
220500	4	0	1
220500	2	1	1
220500	1	0	0
220500	4	0	0
220500	2	1	1
220500	1	0	0
220500	3	1	0
220500	3	1	-1
220500	1	0	0
220500	1	0	-1
220500	1	1	1
220500	4	1	0
220500	2	0	-1
220500	3	0	0
220500	2	0	-1
220500	4	0	1
220500	4	0	1
220500	2	0	-1
220500	2	1	0
220500	2	1	1
220500	2	1	1
220500	4	0	0
220500	1	1	1
220500	4	1	0
220500	4	0	1
220500	2	1	1
220500	2	0	-1
220500	4	1	0
220500	1	1	1
220500	4	0	1
220500	4	0	0
220500	2	0	0
220500	1	1	1
220500	4	0	1
220500	1	1	1
220500	2	1	0
220500	1	1	1
220500	4	1	0
220500	4	1	0
220500	1	1	1
220500	3	1	0
220500	4	1	-1
220500	1	0	0
220500	2	0	-1
220500	3	0	0
220500	4	1	0
220500	1	0	0
220500	4	0	1
220500	2	1	0
220500	4	0	1
220500	2	1	0
220500	3	0	0
220500	1	1	1
220500	4	1	0
220500	4	1	0
220500	2	1	0
220500	3	1	-1
220500	4	1	0
220500	2	1	0
220500	1	0	0
220500	3	0	1
220500	4	0	1
220500	1	1	1
220500	1	0	-1
220500	4	0	1
220500	2	0	-1
220500	3	0	0
220500	4	1	0
220500	4	0	0
220500	4	1	0
220500	4	1	0
220500	2	1	0
220500	2	1	0
220500	1	1	1
220500	4	0	1
220500	4	1	0
220500	4	1	0
220500	4	1	0
220500	3	0	1
220500	2	1	1
220500	1	0	0
220500	3	1	-1
220500	4	0	1
220500	4	1	0
220500	4	1	0
220500	1	0	0
220500	4	0	1
220500	1	1	1
220500	3	0	0
220500	3	0	0
220500	1	1	1
220500	1	1	1
220500	3	1	-1
220500	1	1	1
220500	3	1	-1
220500	3	0	0
220500	3	0	0
220500	1	1	1
220500	1	1	1
220500	4	1	-1
220500	3	0	0
220500	3	0	0
220500	4	1	0
220500	3	1	0
220500	3	1	0
220500	1	1	1
220500	2	0	-1
220500	1	1	1
220500	2	1	0
220500	3	1	-1
220500	1	1	1
220500	3	0	0
220500	3	0	0
220500	3	0	0
220500	1	1	1
220500	1	1	1
220500	1	0	0
220500	3	0	0
220500	4	1	0
220500	3	0	0
220500	2	0	0
220500	3	0	0
220500	3	0	0
220500	1	1	1
220500	3	0	0
220500	3	0	0
220500	2	0	-1
220500	2	1	0
220500	3	1	-1
220500	4	1	0
220500	1	1	0
220500	1	1	0
220500	2	0	-1
220500	1	1	1
220500	1	1	1
220500	1	1	1
220500	1	1	1
220500	2	1	0
220500	1	1	1
220500	1	1	1
220500	3	0	0
220500	1	1	1
220500	4	1	0
220500	3	0	0
220500	4	0	1
220500	3	0	0
220500	4	1	0
220500	3	0	1
220500	1	1	1
220500	2	0	0
220500	3	1	-1
220500	2	0	-1
220519	3	0	0
220519	3	0	0
220519	1	1	1
220519	3	0	0
220519	3	0	0
220519	3	0	0
220519	2	1	0
220519	2	1	0
220519	4	0	1
220519	1	1	1
220519	2	1	0
220519	1	1	1
220519	3	0	0
220519	1	1	1
220519	3	0	0
220519	4	0	1
220519	1	1	1
220519	1	1	1
220519	4	0	1
220519	4	0	1
220519	1	1	1
220519	4	0	1
220519	1	1	0
220519	3	0	0
220519	4	0	0
220519	1	1	0
220519	4	0	1
220519	1	1	0
220519	3	0	0
220519	1	1	1
220519	3	0	0
220519	3	0	0
220519	2	1	0
220519	1	1	1
220519	4	0	0
220519	3	0	0
220519	3	0	0
220519	1	1	0
220519	1	1	1
220519	1	1	1
220519	3	0	1
220519	3	0	0
220519	3	0	0
220519	3	0	1
220519	4	1	-1
220519	4	1	0
220519	2	1	0
220519	4	1	0
220519	3	1	-1
220519	1	1	1
220519	1	1	1
220519	3	0	0
220519	1	1	1
220519	4	1	0
220519	3	0	1
220519	4	1	-1
220519	2	1	0
220519	4	1	0
220519	2	1	0
220519	3	0	0
220519	2	0	-1
220519	2	1	0
220519	4	1	0
220519	3	1	-1
220519	3	1	-1
220519	3	1	-1
220519	3	1	-1
220519	4	1	-1
220519	2	0	0
220519	1	1	1
220519	2	0	-1
220519	4	1	0
220519	3	1	-1
220519	2	1	1
220519	4	1	0
220519	1	1	0
220519	1	1	1
220519	2	0	-1
220519	1	1	1
220519	1	1	1
220519	2	1	1
220519	2	0	-1
220519	1	1	0
220519	4	1	0
220519	1	1	1
220519	1	1	1
220519	1	1	0
220519	2	1	0
220519	2	1	1
220519	2	1	0
220519	1	1	1
220519	1	1	1
220519	3	0	0
220519	2	1	0
220519	4	1	0
220519	4	1	0
220519	2	0	-1
220519	2	1	0
220519	3	1	-1
220519	4	1	0
220519	3	1	-1
220519	4	1	-1
220519	3	1	0
220519	1	1	1
220519	4	1	0
220519	3	0	0
220519	1	1	1
220519	3	1	-1
220519	3	1	-1
220519	2	1	1
220519	1	1	1
220519	2	0	-1
220519	4	1	0
220519	4	1	0
220519	3	0	0
220519	1	1	0
220519	4	1	0
220519	3	1	0
220519	1	1	1
220519	2	0	-1
220519	3	1	-1
220519	3	1	-1
220519	4	1	-1
220519	1	1	1
220519	3	1	-1
220519	4	1	-1
220519	1	1	0
220519	4	1	-1
220519	1	1	1
220519	4	1	0
220519	4	1	0
220519	2	0	-1
220519	2	0	-1
220519	2	1	0
220519	4	1	0
220519	2	1	0
220519	4	1	0
220519	2	1	1
220519	2	0	-1
220519	4	1	0
220519	3	0	0
220519	4	1	0
220519	1	1	1
220519	3	0	1
220519	2	1	0
220519	3	0	0
220519	4	1	0
220519	2	1	0
220519	3	0	0
220519	1	1	1
220519	4	1	0
220519	4	1	0
220519	2	0	-1
220519	2	1	0
220519	3	1	0
220519	3	0	0
220519	2	1	0
220519	2	1	0
220519	2	1	0
220519	4	1	0
220519	4	1	0
220519	4	1	0
220519	4	1	0
220519	3	0	0
220519	2	1	0
220519	1	1	1
220519	2	0	-1
220519	2	1	1
220519	2	1	0
220519	4	1	0
220519	2	1	0
220519	4	1	0
220519	2	1	0
220519	4	1	0
220519	3	1	0
220519	1	1	0
220519	1	1	1
220519	4	1	0
220519	2	1	0
220519	1	1	1
220519	4	1	-1
220519	2	1	0
220519	2	1	0
220519	3	1	-1
220519	4	1	0
220519	1	1	1
220519	4	1	0
220519	4	1	0
220519	2	1	0
220519	1	1	1
220519	4	1	0
220519	4	1	0
220519	2	1	0
220519	1	1	1
220519	4	1	0
220519	3	1	-1
220519	2	1	1
220519	2	1	0
220519	3	0	0
220519	4	1	0
220519	1	1	1
220519	2	1	0
220519	2	1	0
220519	4	0	1
220519	4	1	0
220519	2	1	0
220519	2	0	-1
220519	2	1	0
220519	2	1	1
220519	1	0	0
220519	2	1	0
220519	1	1	1
220519	3	0	0
220519	2	1	0
220519	4	1	0
220519	1	1	1
220519	3	0	1
220519	2	1	1
220519	2	1	0
220519	1	1	1
220519	3	0	0
220519	4	0	1
220519	2	1	0
220519	2	1	0
220519	2	1	0
220519	4	0	1
220519	3	0	0
220519	4	0	1
220519	2	1	0
220519	3	0	0
220519	2	1	0
220519	2	1	0
220519	1	0	0
220519	2	1	0
220519	4	1	0
220519	1	1	1
220519	1	1	1
220519	3	0	0
220519	2	1	0
220519	2	1	1
220519	2	1	0
220519	4	1	0
220519	1	1	1
220519	2	1	0
220519	1	1	1
220519	2	1	0
220519	2	1	0
220519	4	0	1
220519	2	1	1
220519	1	1	1
220519	2	1	0
220519	1	1	0
220519	4	0	1
220519	2	1	0
220519	2	1	0
220519	2	1	0
220519	4	0	1
220519	3	0	0
220519	2	1	1
220519	2	1	0
220519	2	1	0
220519	2	1	0
220519	4	0	1
220519	2	1	1
220519	2	1	0
220519	3	0	1
220519	3	0	0
220519	3	0	1
220519	4	0	1
220519	3	0	1
220519	4	0	0
220519	4	0	0
220519	2	1	0
220519	2	1	1
220519	2	1	0
220519	2	1	0
220519	2	1	0
220519	1	1	1
220519	2	1	0
220519	2	1	1
220519	4	0	1
220519	2	1	0
220519	3	0	0
220519	4	0	1
220519	3	0	0
220519	3	0	1
220519	1	1	1
220519	3	0	0
220519	1	1	0
220519	2	1	0
220519	2	1	0
220519	4	0	1
220519	3	0	0
220519	1	1	1
220519	1	1	0
220519	2	1	1
220519	1	1	0
220519	3	0	1
220519	2	1	0
220519	1	1	1
220519	2	1	0
220519	1	1	1
220519	2	1	1
220519	3	0	0
220519	1	1	1
220519	3	0	0
220519	3	0	0
220519	1	1	0
220519	1	1	1
220519	4	0	0
220519	4	0	1
220519	1	1	0
220519	3	0	0
220519	3	0	1
220519	1	1	1
220519	2	1	0
220519	2	1	0
220519	1	1	1
220519	4	0	1
220519	3	0	0
220550	1	1	1
220550	3	1	-1
220550	4	0	0
220550	4	0	1
220550	1	0	0
220550	2	0	-1
220550	1	1	0
220550	4	1	-1
220550	2	1	0
220550	2	0	-1
220550	2	1	0
220550	4	1	0
220550	3	1	0
220550	3	0	0
220550	1	1	1
220550	1	1	1
220550	2	1	1
220550	4	1	0
220550	2	1	0
220550	2	1	0
220550	2	1	1
220550	2	1	0
220550	4	1	0
220550	4	0	1
220550	3	1	-1
220550	4	0	1
220550	4	0	1
220550	1	0	0
220550	4	0	0
220550	4	0	1
220550	4	0	1
220550	2	1	0
220550	4	1	0
220550	2	1	0
220550	4	1	0
220550	4	0	1
220550	4	1	-1
220550	3	0	0
220550	2	1	0
220550	4	0	1
220550	1	1	1
220550	2	0	-1
220550	3	1	0
220550	4	1	0
220550	2	1	0
220550	4	1	0
220550	1	0	0
220550	4	1	-1
220550	2	1	1
220550	2	1	0
220550	4	1	-1
220550	2	1	0
220550	4	0	1
220550	4	0	1
220550	4	0	0
220550	2	1	0
220550	1	0	0
220550	1	0	0
220550	2	1	0
220550	1	0	0
220550	4	0	1
220550	2	1	0
220550	4	0	1
220550	4	0	1
220550	4	0	1
220550	4	1	0
220550	2	0	-1
220550	4	1	0
220550	2	1	1
220550	2	1	1
220550	3	1	-1
220550	3	1	0
220550	1	1	0
220550	1	1	1
220550	4	1	0
220550	4	1	0
220550	2	1	0
220550	2	1	1
220550	2	1	1
220550	4	0	1
220550	1	1	1
220550	4	0	0
220550	4	1	-1
220550	1	1	1
220550	4	1	0
220550	2	1	1
220550	4	1	0
220550	4	1	0
220550	1	1	1
220550	2	1	0
220550	4	0	1
220550	1	1	1
220550	2	1	0
220550	4	0	1
220550	2	1	0
220550	1	0	0
220550	4	1	0
220550	4	1	0
220550	3	0	0
220550	4	1	0
220550	1	1	1
220550	2	0	-1
220550	1	1	1
220550	2	1	0
220550	4	1	-1
220550	3	1	-1
220550	1	1	0
220550	3	0	0
220550	1	1	1
220550	4	1	0
220550	1	0	0
220550	4	1	0
220550	3	1	0
220550	1	0	0
220550	4	1	0
220550	3	1	0
220550	1	1	1
220550	1	1	1
220550	1	1	1
220550	2	1	0
220550	3	1	0
220550	3	0	0
220550	1	1	1
220550	2	0	-1
220550	1	1	1
220550	2	1	0
220550	4	1	-1
220550	4	1	0
220550	3	1	-1
220550	2	1	1
220550	4	1	0
220550	3	0	1
220550	4	1	0
220550	2	1	0
220550	1	0	0
220550	3	1	-1
220550	3	1	-1
220550	2	1	0
220550	3	0	0
220550	4	1	-1
220550	3	1	-1
220550	2	1	0
220550	4	1	-1
220550	1	1	1
220550	3	1	-1
220550	4	1	0
220550	1	0	0
220550	3	1	-1
220550	2	0	-1
220550	4	1	0
220550	2	1	0
220550	2	1	1
220550	1	1	1
220550	2	0	-1
220550	2	1	1
220550	1	1	1
220550	3	1	0
220550	1	1	1
220550	4	0	1
220550	3	1	0
220550	3	1	0
220550	3	1	-1
220550	2	1	0
220550	4	1	-1
220550	3	0	0
220550	2	1	0
220550	2	0	-1
220550	4	1	0
220550	3	1	-1
220550	3	0	0
220550	4	1	0
220550	2	1	0
220550	2	1	0
220550	3	0	0
220550	2	1	1
220550	3	1	-1
220550	4	1	-1
220550	1	1	1
220550	2	0	-1
220550	2	1	0
220550	2	1	1
220550	2	1	1
220550	4	0	1
220550	4	0	1
220550	1	1	1
220550	4	1	0
220550	2	1	0
220550	2	1	0
220550	3	1	-1
220550	4	0	0
220550	1	0	0
220550	2	1	0
220550	4	0	1
220550	3	1	-1
220550	2	1	0
220550	4	0	1
220550	2	1	1
220550	4	0	1
220550	1	0	0
220550	3	1	-1
220550	4	0	1
220550	4	0	1
220550	1	0	-1
220550	3	1	-1
220550	4	0	1
220550	2	1	0
220550	4	0	1
220550	3	0	0
220550	3	1	-1
220550	2	0	0
220550	3	0	0
220550	4	1	-1
220550	3	1	0
220550	3	1	-1
220550	3	0	0
220550	1	1	0
220550	3	0	0
220550	1	1	1
220550	4	1	0
220550	1	1	1
220550	1	1	1
220550	2	0	0
220550	2	0	-1
220550	1	1	0
220550	4	1	0
220550	4	1	0
220550	1	1	1
220550	3	0	0
220550	1	1	1
220550	1	1	1
220550	1	1	0
220550	4	1	0
220550	4	1	0
220550	2	0	-1
220550	3	0	0
220550	3	0	0
220550	3	0	0
220550	2	0	-1
220550	4	1	0
220550	3	1	-1
220550	2	0	-1
220550	3	0	0
220550	2	0	0
220550	1	1	1
220550	1	1	1
220550	2	0	-1
220550	1	1	1
220550	1	1	0
220550	1	1	1
220550	1	1	1
220550	3	0	0
220550	1	1	1
220550	1	1	1
220550	1	1	1
220550	3	0	1
220550	4	1	0
220550	1	1	1
220550	3	0	0
220550	4	1	-1
220550	3	0	0
220550	1	1	1
220550	3	0	0
220550	3	0	1
220550	3	0	0
220550	1	1	0
220550	3	0	0
220550	3	0	0
220550	4	1	-1
220550	2	0	-1
220550	3	1	-1
220550	1	1	1
220550	3	0	0
220550	3	0	0
220550	4	1	0
220550	4	1	0
220550	1	1	1
220550	4	0	1
220550	2	1	0
220550	2	1	0
220550	3	1	-1
220550	3	1	-1
220550	1	1	0
220550	4	1	0
220550	1	1	1
220550	4	1	0
220550	2	0	-1
220550	1	1	1
220550	4	1	0
220550	4	1	0
220550	4	1	0
220550	4	1	0
220550	2	0	-1
220550	4	1	0
220550	4	0	1
220550	4	0	1
220550	3	1	-1
220550	3	1	-1
220550	3	0	1
220550	3	0	0
220550	4	0	1
220550	4	0	1
220550	1	0	0
220550	4	0	1
220550	3	1	0
220550	4	0	1
220550	4	0	1
220550	4	0	1
220550	4	0	0
220550	2	0	-1
220550	1	1	0
220550	2	0	0
220550	3	1	-1
220550	1	1	1
220550	1	1	1
220550	3	0	1
220550	3	0	0
220550	3	0	0
220550	1	1	1
220550	1	1	1
220550	2	0	-1
220583	2	1	0
220583	2	1	0
220583	2	1	0
220583	3	0	1
220583	4	1	0
220583	4	1	0
220583	3	0	0
220583	1	1	1
220583	1	1	1
220583	2	1	0
220583	1	1	1
220583	4	0	1
220583	4	0	0
220583	3	0	0
220583	3	1	-1
220583	1	1	1
220583	1	1	1
220583	1	1	1
220583	4	1	0
220583	2	1	0
220583	1	1	1
220583	1	1	1
220583	3	0	1
220583	3	0	0
220583	2	1	0
220583	4	0	1
220583	1	1	1
220583	2	1	0
220583	1	1	1
220583	4	0	1
220583	2	1	0
220583	2	1	0
220583	2	1	0
220583	1	1	0
220583	4	0	0
220583	3	0	0
220583	1	1	1
220583	2	1	0
220583	3	0	0
220583	4	0	1
220583	4	0	1
220583	4	0	1
220583	2	1	1
220583	4	1	-1
220583	3	0	0
220583	3	0	1
220583	1	1	1
220583	3	0	0
220583	2	1	0
220583	4	0	1
220583	3	0	0
220583	1	1	1
220583	3	0	0
220583	3	0	0
220583	2	1	1
220583	1	1	1
220583	3	0	0
220583	4	1	0
220583	3	0	1
220583	3	0	0
220583	4	0	1
220583	1	1	1
220583	1	1	1
220583	1	1	1
220583	3	0	0
220583	3	0	1
220583	2	1	0
220583	4	0	1
220583	1	1	1
220583	1	1	1
220583	2	1	0
220583	3	0	0
220583	3	0	0
220583	4	0	0
220583	3	0	0
220583	2	1	1
220583	1	1	1
220583	3	0	1
220583	4	0	1
220583	3	0	0
220583	3	0	0
220583	3	0	0
220583	3	0	0
220583	1	1	0
220583	3	0	1
220583	3	0	0
220583	3	0	0
220583	1	1	1
220583	2	1	0
220583	3	0	0
220583	3	0	0
220583	1	1	1
220583	1	1	1
220583	3	0	0
220583	1	1	1
220583	3	0	0
220583	3	0	0
220583	2	1	0
220583	2	1	0
220583	4	0	1
220583	3	0	0
220583	1	1	0
220583	4	0	1
220583	1	1	1
220583	1	1	1
220583	3	0	0
220583	4	0	0
220583	1	1	1
220583	1	1	1
220583	2	1	0
220583	3	0	1
220583	4	0	1
220583	1	1	1
220583	1	1	0
220583	3	0	0
220583	3	0	0
220583	4	0	1
220583	2	1	1
220583	2	1	0
220583	2	1	0
220583	1	1	1
220583	4	0	1
220583	2	1	0
220583	1	1	1
220583	2	1	0
220583	4	0	1
220583	4	0	0
220583	1	1	1
220583	2	1	0
220583	2	1	0
220583	4	0	1
220583	2	1	0
220583	1	1	1
220583	2	1	1
220583	2	1	0
220583	2	1	0
220583	4	0	1
220583	3	0	0
220583	2	1	1
220583	3	0	0
220583	2	1	0
220583	2	1	1
220583	4	0	1
220583	2	1	1
220583	2	1	0
220583	1	1	1
220583	1	1	1
220583	2	1	0
220583	2	1	0
220583	1	1	1
220583	4	0	1
220583	2	1	0
220583	4	0	0
220583	1	1	0
220583	3	0	0
220583	4	0	1
220583	1	1	1
220583	3	0	0
220583	3	0	0
220583	1	1	0
220583	1	1	1
220583	4	0	1
220583	3	0	0
220583	3	0	0
220583	1	1	0
220583	1	1	0
220583	2	1	0
220583	4	1	0
220583	2	1	0
220583	2	1	0
220583	2	0	-1
220583	3	0	1
220583	3	0	0
220583	4	0	1
220583	3	0	0
220583	2	1	0
220583	4	0	1
220583	3	0	0
220583	4	0	0
220583	3	0	1
220583	2	1	0
220583	4	0	1
220583	1	1	1
220583	3	0	0
220583	2	1	1
220583	4	0	1
220583	3	0	0
220583	2	1	0
220583	3	0	0
220583	3	0	0
220583	1	1	1
220583	3	0	0
220583	3	0	0
220583	4	1	0
220583	2	1	1
220583	1	1	0
220583	4	0	1
220583	2	1	0
220583	1	1	1
220583	1	1	1
220583	3	0	1
220583	2	1	1
220583	1	1	1
220583	4	0	1
220583	4	0	1
220583	2	1	0
220583	4	0	1
220583	4	0	1
220583	2	1	0
220583	1	1	1
220583	1	1	1
220583	4	0	1
220583	2	1	0
220583	2	1	0
220583	3	0	0
220583	2	1	0
220583	2	1	0
220583	2	1	1
220583	2	1	0
220583	3	0	1
220583	4	0	1
220583	2	1	0
220583	1	1	1
220583	2	1	0
220583	2	1	1
220583	2	1	0
220583	2	1	0
220583	4	0	0
220583	1	1	1
220583	3	0	0
220583	1	1	0
220583	2	1	0
220583	4	0	1
220583	4	0	1
220583	1	1	1
220583	2	1	0
220583	1	1	1
220583	1	1	1
220583	1	1	1
220583	1	1	1
220583	1	1	1
220583	1	1	1
220583	3	0	0
220583	2	1	1
220583	1	1	1
220583	1	1	1
220583	2	1	0
220583	1	1	1
220583	4	0	1
220583	1	1	1
220583	2	1	0
220583	1	1	1
220583	4	0	1
220583	1	1	1
220583	2	0	0
220583	1	1	1
220583	3	0	1
220583	4	0	1
220583	2	1	0
220583	4	0	0
220583	1	1	1
220583	4	1	0
220583	4	0	1
220583	1	1	1
220583	2	1	0
220583	2	1	1
220583	1	1	1
220583	4	0	0
220583	4	0	1
220583	2	1	0
220583	2	1	0
220583	4	0	1
220583	3	0	0
220583	1	1	1
220583	4	0	1
220583	1	1	1
220583	2	1	0
220583	3	0	1
220583	2	1	0
220583	2	1	0
220583	4	0	1
220583	4	0	0
220583	2	1	0
220583	3	0	0
220583	2	1	0
220583	4	0	1
220583	4	0	1
220583	3	0	0
220583	1	1	1
220583	2	1	0
220583	4	0	1
220583	2	1	1
220583	4	0	1
220583	4	0	1
220583	2	1	0
220583	2	1	1
220583	2	1	0
220583	4	0	1
220583	3	0	0
220583	2	1	1
220583	4	0	1
220583	2	1	0
220583	1	1	1
220583	4	0	1
220583	3	0	0
220583	2	1	1
220583	4	0	1
220583	4	0	0
220583	2	1	0
220583	3	0	0
220583	4	0	1
220583	2	1	0
220583	2	1	0
220583	1	1	0
220583	3	0	0
220583	2	1	1
220583	2	1	0
220583	3	0	0
220583	2	1	1
220583	2	1	0
220583	2	1	0
220583	1	1	1
220583	2	1	1
220583	2	1	0
220583	2	1	0
220583	4	0	0
220583	1	1	1
220583	4	0	1
220583	3	0	0
220583	1	1	1
220583	2	1	1
220583	2	1	0
220583	2	1	0
220583	2	1	0
220583	4	0	0
220583	4	0	0
220583	1	1	1
220583	3	0	0
220583	2	1	0
220583	2	1	0
220583	2	1	0
220583	3	0	0
220583	2	1	0
220583	2	1	0
220583	3	0	0
220583	2	1	0
220583	2	1	0
220583	1	1	0
220583	3	0	0
220583	2	1	1
220583	2	1	1
220583	4	0	1
220583	2	1	0
220583	2	1	1
220583	2	1	0
220583	3	0	0
220583	4	0	0
220583	2	1	0
220583	4	0	1
220583	3	0	0
220583	4	0	1
220583	2	1	0
220583	4	0	0
220583	2	1	1
220583	3	0	0
220583	3	0	1
220583	4	0	1
220583	2	1	0
220583	4	0	1
220583	2	1	1
220583	3	0	1
220583	2	1	1
220583	2	1	0
220583	4	0	1
220583	4	0	1
220583	4	0	1
220583	1	1	1
220583	4	0	0
220583	1	1	0
220583	4	0	0
220583	4	0	1
220583	1	1	1
220583	4	0	1
220583	3	0	1
220583	1	1	0
220583	3	0	0
220583	4	0	1
220583	1	1	1
220583	4	0	1
220583	1	1	1
220583	2	1	1
220583	3	0	0
220583	3	0	0
220583	4	0	0
220583	2	1	0
220583	3	0	1
220583	4	0	1
220583	3	0	1
220583	3	0	0
220583	2	1	0
220613	3	1	0
220613	4	1	0
220613	4	0	0
220613	2	1	0
220613	1	1	1
220613	2	1	0
220613	2	0	-1
220613	4	1	0
220613	1	0	0
220613	2	1	0
220613	1	1	1
220613	4	1	0
220613	4	0	0
220613	4	1	-1
220613	2	1	0
220613	3	1	-1
220613	2	0	-1
220613	1	0	0
220613	2	0	0
220613	3	1	0
220613	4	1	-1
220613	2	0	-1
220613	1	1	0
220613	2	1	0
220613	4	1	-1
220613	1	1	1
220613	2	1	0
220613	1	1	1
220613	2	1	1
220613	2	0	-1
220613	4	1	0
220613	2	1	0
220613	3	1	-1
220613	2	0	-1
220613	1	1	1
220613	2	1	0
220613	3	1	-1
220613	2	1	0
220613	1	0	0
220613	2	1	0
220613	3	1	-1
220613	4	1	0
220613	2	1	1
220613	1	0	0
220613	1	1	1
220613	4	1	-1
220613	4	1	0
220613	4	1	0
220613	2	1	0
220613	2	0	0
220613	3	1	-1
220613	2	1	0
220613	2	1	0
220613	3	0	0
220613	2	0	-1
220613	3	0	0
220613	4	0	1
220613	2	0	-1
220613	3	1	-1
220613	2	1	0
220613	2	1	0
220613	2	1	1
220613	4	1	0
220613	3	1	0
220613	3	1	-1
220613	1	1	1
220613	1	1	0
220613	2	0	-1
220613	1	1	1
220613	2	1	0
220613	1	1	1
220613	4	0	1
220613	2	1	0
220613	2	0	-1
220613	3	1	-1
220613	2	1	0
220613	2	1	1
220613	2	1	0
220613	4	0	1
220613	1	1	1
220613	4	1	0
220613	1	1	0
220613	2	1	0
220613	1	1	0
220613	2	1	0
220613	2	1	1
220613	4	0	1
220613	2	1	0
220613	4	1	0
220613	3	1	-1
220613	2	0	0
220613	2	0	0
220613	2	1	0
220613	2	1	0
220613	3	1	-1
220613	2	1	0
220613	2	1	0
220613	4	1	0
220613	4	1	0
220613	4	1	0
220613	4	1	0
220613	2	1	0
220613	2	1	0
220613	2	1	0
220613	2	1	0
220613	2	1	0
220613	2	0	-1
220613	1	1	1
220613	2	1	1
220613	4	1	0
220613	4	1	0
220613	3	1	-1
220613	4	0	1
220613	2	1	0
220613	1	1	0
220613	3	1	-1
220613	1	0	0
220613	1	1	1
220613	4	0	1
220613	1	1	1
220613	3	1	-1
220613	3	0	0
220613	4	1	0
220613	3	1	-1
220613	3	1	0
220613	4	1	0
220613	2	1	0
220613	2	1	0
220613	1	1	1
220613	2	1	1
220613	1	1	1
220613	1	1	1
220613	3	1	-1
220613	1	1	1
220613	1	1	1
220613	3	1	-1
220613	1	1	1
220613	4	1	0
220613	1	1	1
220613	1	1	1
220613	3	1	-1
220613	3	0	0
220613	1	1	1
220613	1	1	0
220613	3	1	-1
220613	4	1	-1
220613	1	0	0
220613	2	1	0
220613	3	1	-1
220613	3	0	0
220613	2	0	-1
220613	3	1	-1
220613	3	1	-1
220613	2	0	-1
220613	2	1	0
220613	2	1	0
220613	1	1	0
220613	1	1	0
220613	1	1	1
220613	1	1	1
220613	3	1	-1
220613	4	1	-1
220613	3	1	-1
220613	4	1	-1
220613	1	0	0
220613	4	0	1
220613	3	0	1
220613	3	0	0
220613	3	1	-1
220613	3	1	-1
220613	3	1	-1
220613	3	1	-1
220613	1	1	1
220613	3	1	-1
220613	4	1	-1
220613	3	1	-1
220613	3	1	-1
220613	1	1	1
220613	1	1	0
220613	1	1	1
220613	2	1	0
220613	4	0	1
220613	2	1	0
220613	2	0	-1
220613	1	1	1
220613	1	1	1
220613	2	0	-1
220613	2	1	1
220613	1	1	0
220613	4	1	0
220613	3	0	0
220613	2	0	-1
220613	1	1	0
220613	2	1	0
220613	4	0	1
220613	2	0	-1
220613	2	1	1
220613	3	1	0
220613	2	1	1
220613	1	1	0
220613	3	1	0
220613	4	1	0
220613	2	1	1
220613	1	0	0
220613	4	1	-1
220613	4	1	0
220613	4	0	1
220613	4	1	0
220613	1	1	1
220613	2	0	-1
220613	1	1	0
220613	4	1	0
220613	3	1	-1
220613	3	0	1
220613	2	0	-1
220613	3	1	-1
220613	1	1	1
220613	4	1	0
220613	2	1	0
220613	3	1	-1
220613	3	0	1
220613	1	1	1
220613	2	1	0
220613	4	0	1
220613	4	1	0
220613	3	1	-1
220613	3	0	0
220613	1	1	1
220613	4	1	-1
220613	1	1	1
220613	4	0	1
220613	2	0	-1
220613	3	1	-1
220613	3	0	0
220613	4	1	0
220613	3	1	-1
220613	4	0	1
220613	1	1	1
220613	3	0	1
220613	3	1	-1
220613	4	1	0
220613	1	1	1
220613	2	0	-1
220613	2	1	0
220613	3	1	-1
220613	2	0	-1
220613	1	1	1
220613	1	1	0
220613	4	1	0
220613	3	1	-1
220613	1	0	-1
220613	3	0	0
220613	3	0	0
220613	4	1	0
220613	2	0	-1
220613	4	1	0
220613	3	1	-1
220613	1	1	0
220613	1	0	0
220613	1	1	1
220613	2	1	0
220613	3	1	-1
220613	1	0	0
220613	4	0	1
220613	3	1	-1
220613	4	1	0
220613	3	1	-1
220613	4	0	1
220613	2	1	1
220613	4	1	0
220613	3	0	0
220613	3	1	-1
220613	4	0	1
220613	4	1	0
220613	4	0	1
220613	1	1	1
220613	4	0	1
220613	3	1	-1
220613	2	1	1
220613	2	0	0
220613	4	0	1
220613	4	1	0
220613	2	1	1
220613	4	0	1
220613	2	1	0
220613	2	1	0
220613	4	1	0
220613	4	1	0
220613	4	0	1
220613	2	1	0
220613	2	1	0
220613	3	0	1
220613	2	0	-1
220613	2	1	0
220613	4	1	-1
220613	1	1	1
220613	2	0	0
220613	2	1	0
220613	3	0	1
220613	3	0	0
220613	1	1	1
220613	1	1	1
220613	2	1	0
220613	2	1	0
220613	1	1	1
220613	4	1	0
220613	1	0	0
220613	1	1	1
220613	2	1	0
220613	1	1	1
220613	4	1	-1
220613	4	1	0
220613	4	1	0
220613	3	1	0
220613	2	0	-1
220613	2	1	0
220613	4	1	0
220613	2	1	1
220613	2	1	0
220613	3	0	1
220705	3	0	0
220705	1	1	1
220705	1	1	0
220705	2	1	0
220705	4	1	0
220705	1	1	0
220705	4	1	-1
220705	3	0	0
220705	4	1	0
220705	3	1	-1
220705	4	1	0
220705	1	1	1
220705	4	1	0
220705	2	1	1
220705	2	1	0
220705	1	1	1
220705	2	1	0
220705	2	0	-1
220705	3	1	-1
220705	2	1	0
220705	2	1	0
220705	3	1	-1
220705	4	1	-1
220705	3	1	-1
220705	3	1	0
220705	3	1	-1
220705	3	0	0
220705	2	0	0
220705	1	1	1
220705	1	1	1
220705	3	0	0
220705	3	0	0
220705	4	1	0
220705	2	1	1
220705	1	0	-1
220705	1	1	1
220705	4	1	0
220705	3	1	0
220705	3	1	-1
220705	2	1	0
220705	2	0	-1
220705	3	0	0
220705	2	1	0
220705	1	0	0
220705	3	1	-1
220705	3	0	0
220705	2	1	0
220705	1	1	1
220705	1	1	1
220705	1	1	0
220705	1	1	1
220705	2	1	0
220705	1	1	1
220705	1	1	1
220705	2	1	0
220705	2	1	1
220705	3	0	0
220705	3	0	0
220705	1	1	1
220705	3	0	0
220705	4	0	1
220705	3	0	0
220705	1	1	0
220705	1	1	1
220705	3	0	1
220705	1	1	1
220705	2	1	0
220705	1	1	0
220705	1	1	1
220705	2	1	0
220705	1	1	1
220705	3	0	0
220705	3	0	1
220705	3	0	0
220705	2	1	0
220705	1	1	1
220705	3	0	1
220705	3	0	0
220705	4	0	1
220705	3	0	0
220705	1	0	0
220705	3	1	-1
220705	3	1	-1
220705	4	1	0
220705	4	0	1
220705	2	0	-1
220705	2	1	1
220705	4	1	0
220705	4	0	1
220705	4	0	1
220705	3	1	-1
220705	4	0	0
220705	1	0	-1
220705	4	1	0
220705	4	0	1
220705	2	1	0
220705	1	1	1
220705	2	1	0
220705	2	0	-1
220705	2	1	0
220705	1	1	1
220705	2	1	1
220705	1	1	1
220705	2	1	1
220705	4	0	1
220705	4	0	1
220705	2	1	0
220705	4	0	1
220705	1	1	1
220705	2	1	0
220705	4	0	0
220705	2	1	0
220705	3	1	-1
220705	4	0	1
220705	4	0	1
220705	1	1	1
220705	4	1	-1
220705	1	1	1
220705	1	1	1
220705	4	1	0
220705	4	1	0
220705	1	1	0
220705	2	0	-1
220705	2	1	0
220705	3	1	0
220705	1	1	1
220705	1	1	1
220705	3	1	-1
220705	4	1	0
220705	3	1	-1
220705	2	1	0
220705	4	1	0
220705	4	1	0
220705	3	1	-1
220705	4	1	0
220705	2	0	0
220705	4	0	0
220705	3	0	1
220705	1	0	-1
220705	4	1	0
220705	1	1	1
220705	2	0	0
220705	2	1	0
220705	4	1	-1
220705	4	1	0
220705	2	1	0
220705	3	1	-1
220705	2	0	0
220705	4	1	0
220705	4	1	0
220705	2	0	0
220705	2	0	0
220705	2	0	-1
220705	2	1	0
220705	4	1	0
220705	2	1	0
220705	2	1	1
220705	3	1	-1
220705	2	1	0
220705	4	1	0
220705	4	1	0
220705	3	1	-1
220705	2	1	1
220705	4	1	-1
220705	4	1	0
220705	3	1	0
220705	2	1	0
220705	2	1	0
220705	4	1	0
220705	1	1	1
220705	1	1	1
220705	2	1	0
220705	4	0	1
220705	3	1	-1
220705	4	1	0
220705	3	1	0
220705	2	1	0
220705	4	1	0
220705	1	1	0
220705	4	1	-1
220705	4	1	0
220705	3	1	-1
220705	4	1	-1
220705	2	1	1
220705	4	1	0
220705	3	1	-1
220705	3	0	0
220705	2	1	0
220705	4	1	-1
220705	1	1	1
220705	2	1	0
220705	2	1	0
220705	2	1	0
220705	2	1	0
220705	4	1	0
220705	2	1	0
220705	2	1	0
220705	2	1	0
220705	1	0	0
220705	4	0	1
220705	3	0	0
220705	4	0	1
220705	3	0	1
220705	4	0	1
220705	2	1	0
220705	1	1	1
220705	2	1	1
220705	4	0	1
220705	4	0	0
220705	1	1	1
220705	4	0	1
220705	1	1	1
220705	1	1	1
220705	4	0	0
220705	4	0	1
220705	4	0	1
220705	4	0	1
220705	4	0	1
220705	2	1	0
220705	4	0	1
220705	1	1	1
220705	4	0	1
220705	4	0	1
220705	3	0	0
220705	3	0	0
220705	4	0	1
220705	1	1	1
220705	4	0	1
220705	2	1	0
220705	3	0	1
220705	3	0	0
220705	1	1	1
220705	2	1	0
220705	4	0	1
220705	1	1	1
220705	3	0	0
220705	3	0	0
220705	1	1	1
220705	3	1	-1
220705	1	1	1
220705	2	1	0
220705	4	0	1
220705	4	0	1
220705	1	1	1
220705	2	0	-1
220705	1	1	1
220705	4	0	1
220705	4	0	1
220705	4	0	1
220705	4	0	1
220705	4	0	1
220705	4	0	0
220705	4	0	1
220705	4	0	0
220705	4	0	1
220705	2	0	-1
220705	4	0	0
220705	1	1	1
220705	2	1	0
220705	3	1	-1
220705	2	1	0
220705	3	0	0
220705	2	1	0
220705	4	0	1
220705	3	1	-1
220705	1	1	0
220705	1	1	1
220705	3	0	1
220705	4	0	0
220705	1	1	0
220705	4	0	1
220705	4	0	0
220705	4	0	1
220705	4	0	1
220705	4	0	1
220705	4	0	0
220705	3	1	-1
220705	2	1	0
220705	4	0	1
220705	2	0	-1
220705	3	0	0
220705	4	0	1
220705	2	1	1
220705	1	1	1
220705	4	0	1
220705	2	1	0
220705	2	1	0
220705	4	0	1
220705	3	1	-1
220705	1	1	0
220705	2	1	0
220705	4	0	1
220705	4	0	1
220705	3	1	-1
220705	4	0	1
220705	4	0	1
220705	4	0	1
220705	3	0	0
220705	2	1	0
220705	2	0	-1
220705	3	0	0
220705	1	1	1
220705	1	1	1
220705	4	0	0
220705	4	0	1
220705	3	0	0
220705	4	0	1
220705	4	0	1
220705	4	0	0
220705	2	1	0
220705	3	0	0
220705	3	0	0
220705	2	1	0
220705	4	0	1
220705	4	0	1
220705	4	0	1
220705	4	0	0
220705	2	1	0
220705	1	1	1
220705	4	0	1
220705	2	1	0
220705	3	0	0
220705	2	1	0
220705	3	0	0
220705	4	0	1
220705	1	1	0
220705	4	0	1
220705	3	0	0
220705	1	1	1
220705	4	0	0
220705	1	1	1
220705	2	1	0
220705	3	0	0
220705	3	0	0
220705	3	0	0
220705	3	0	0
220705	1	1	1
220705	1	1	1
220705	1	1	1
220705	1	1	0
220705	1	1	1
220705	3	0	0
220705	1	1	1
220705	4	0	1
220705	2	1	1
220705	1	1	1
220705	3	0	0
220705	2	1	1
220705	2	1	0
220705	3	0	0
220705	1	1	1
220705	3	0	1
220705	3	0	0
220705	4	0	0
220705	3	0	0
220705	4	0	1
220705	4	0	1
220705	1	1	0
220705	4	0	0
220705	3	0	0
220705	4	0	1
220705	1	1	1
220705	1	1	1
220705	1	1	0
220705	1	1	1
220705	3	0	0
220705	3	0	0
220705	1	1	1
220705	3	0	0
220705	4	1	0
220705	1	1	1
220705	1	1	1
220705	4	1	0
220705	4	1	0
220705	2	1	1
220705	2	1	0
220705	2	1	0
220705	2	0	0
220705	4	1	0
220705	4	0	1
220705	2	1	0
220705	3	0	1
220705	4	1	0
220705	3	1	-1
220705	3	0	1
220705	2	0	-1
220705	1	1	1
220705	1	0	0
220705	4	1	0
220705	1	1	1
220705	1	0	0
220705	1	1	0
220705	2	1	0
220705	3	1	0
220705	1	1	1
220705	3	0	0
220705	2	1	1
220705	4	0	1
220705	1	1	1
220705	3	0	1
220867	4	0	1
220867	4	0	1
220867	2	1	0
220867	2	1	0
220867	4	0	1
220867	4	0	1
220867	2	0	-1
220867	2	0	-1
220867	1	1	1
220867	1	1	1
220867	3	1	-1
220867	3	1	-1
220867	3	0	1
220867	3	0	1
220867	3	0	0
220867	3	0	0
220867	4	1	0
220867	4	1	0
220867	2	1	0
220867	2	1	0
220867	4	0	1
220867	4	0	1
220867	1	1	0
220867	1	1	0
220867	2	1	0
220867	2	1	0
220867	1	0	0
220867	1	0	0
220867	1	0	0
220867	1	0	0
220867	2	0	0
220867	2	0	0
220867	2	1	1
220867	2	1	1
220867	1	0	0
220867	1	0	0
220867	1	1	1
220867	1	1	1
220867	1	1	1
220867	1	1	1
220867	3	1	-1
220867	3	1	-1
220867	2	1	0
220867	2	1	0
220867	1	1	1
220867	1	1	1
220867	1	1	1
220867	1	1	1
220867	4	0	0
220867	4	0	0
220867	2	0	-1
220867	2	0	-1
220867	4	1	0
220867	4	1	0
220867	4	1	0
220867	4	1	0
220867	4	1	0
220867	4	1	0
220867	2	1	0
220867	2	1	0
220867	4	1	0
220867	4	1	0
220867	3	1	-1
220867	3	1	-1
220867	1	1	1
220867	1	1	1
220867	1	1	1
220867	1	1	1
220867	1	1	1
220867	1	1	1
220867	4	0	1
220867	4	0	1
220867	1	1	1
220867	1	1	1
220867	4	0	0
220867	4	0	0
220867	1	1	1
220867	1	1	1
220867	4	0	0
220867	4	0	0
220867	3	0	0
220867	3	0	0
220867	1	1	1
220867	1	1	1
220867	1	1	1
220867	1	1	1
220867	4	0	1
220867	4	0	1
220867	1	1	0
220867	1	1	0
220867	3	0	0
220867	3	0	0
220867	2	1	0
220867	2	1	0
220867	3	0	0
220867	3	0	0
220867	1	1	1
220867	1	1	1
220867	1	1	1
220867	1	1	1
220867	2	1	0
220867	2	1	0
220867	3	0	0
220867	3	0	0
220867	3	0	0
220867	3	0	0
220867	1	1	1
220867	1	1	1
220867	2	1	0
220867	2	1	0
220867	3	0	0
220867	3	0	0
220867	3	0	0
220867	3	0	0
220867	4	0	0
220867	4	0	0
220867	2	1	0
220867	2	1	0
220867	1	1	1
220867	1	1	1
220867	3	0	0
220867	3	0	0
220867	3	0	0
220867	3	0	0
220867	3	0	0
220867	3	0	0
220867	3	0	0
220867	3	0	0
220867	4	0	1
220867	4	0	1
220867	2	1	0
220867	2	1	0
220867	2	1	1
220867	2	1	1
220867	1	1	1
220867	1	1	1
220867	1	1	1
220867	1	1	1
220867	4	0	0
220867	4	0	0
220867	4	0	0
220867	4	0	0
220867	1	1	1
220867	1	1	1
220867	1	0	0
220867	1	0	0
220867	3	0	1
220867	3	0	1
220867	3	0	0
220867	3	0	0
220867	3	0	0
220867	3	0	0
220867	4	0	1
220867	4	0	1
220867	1	1	1
220867	1	1	1
220867	2	1	0
220867	2	1	0
220867	3	0	0
220867	3	0	0
220867	2	1	0
220867	2	1	0
220867	2	1	0
220867	2	1	0
220867	3	0	1
220867	3	0	1
220867	2	1	0
220867	2	1	0
220867	3	0	0
220867	3	0	0
220867	1	1	1
220867	1	1	1
220867	1	1	1
220867	1	1	1
220867	1	1	1
220867	1	1	1
220867	1	1	1
220867	1	1	1
220867	4	1	0
220867	4	1	0
220867	3	0	0
220867	3	0	0
220867	4	1	0
220867	4	1	0
220867	3	1	0
220867	3	1	0
220867	3	1	-1
220867	3	1	-1
220867	4	1	0
220867	4	1	0
220867	4	0	1
220867	4	0	1
220867	1	1	1
220867	1	1	1
220867	4	0	1
220867	4	0	1
220867	3	1	-1
220867	3	1	-1
220867	4	0	1
220867	4	0	1
220867	2	1	0
220867	2	1	0
220867	2	0	-1
220867	2	0	-1
220867	1	1	0
220867	1	1	0
220867	4	1	0
220867	4	1	0
220867	1	1	1
220867	1	1	1
220867	1	1	0
220867	1	1	0
220867	2	1	0
220867	2	1	0
220867	1	1	1
220867	1	1	1
220867	2	1	1
220867	2	1	1
220867	3	1	-1
220867	3	1	-1
220867	4	0	1
220867	4	0	1
220867	3	1	-1
220867	3	1	-1
220867	2	0	-1
220867	2	0	-1
220867	3	1	-1
220867	3	1	-1
220867	4	0	1
220867	4	0	1
220867	4	0	0
220867	4	0	0
220867	3	0	0
220867	3	0	0
220867	3	0	0
220867	3	0	0
220867	2	1	0
220867	2	1	0
220867	3	0	0
220867	3	0	0
220867	4	0	1
220867	4	0	1
220867	2	1	0
220867	2	1	0
220867	1	1	1
220867	1	1	1
220867	3	0	0
220867	3	0	0
220867	1	1	0
220867	1	1	0
220867	3	0	1
220867	3	0	1
220867	4	0	0
220867	4	0	0
220867	2	1	1
220867	2	1	1
220867	2	1	0
220867	2	1	0
220867	4	0	1
220867	4	0	1
220867	3	0	0
220867	3	0	0
220867	2	0	-1
220867	2	0	-1
220867	1	1	1
220867	1	1	1
220867	3	0	0
220867	3	0	0
220867	3	1	-1
220867	3	1	-1
220867	2	1	0
220867	2	1	0
220867	3	0	1
220867	3	0	1
220867	3	0	0
220867	3	0	0
220867	4	0	1
220867	4	0	1
220867	1	1	1
220867	1	1	1
220867	4	0	1
220867	4	0	1
220867	3	0	0
220867	3	0	0
220867	2	1	1
220867	2	1	1
220867	2	1	0
220867	2	1	0
220867	1	1	1
220867	1	1	1
220867	2	1	0
220867	2	1	0
220867	1	1	1
220867	1	1	1
220867	3	0	0
220867	3	0	0
220867	3	0	0
220867	3	0	0
220867	4	0	1
220867	4	0	1
220867	2	1	0
220867	2	1	0
220867	1	1	1
220867	1	1	1
220867	2	1	0
220867	2	1	0
220867	2	1	0
220867	2	1	0
220867	3	0	0
220867	3	0	0
220867	3	1	-1
220867	3	1	-1
220867	4	0	1
220867	4	0	1
220867	4	0	0
220867	4	0	0
220867	4	0	1
220867	4	0	1
220867	4	1	0
220867	4	1	0
220867	3	0	0
220867	3	0	0
220867	2	1	0
220867	2	1	0
220867	3	1	0
220867	3	1	0
220867	2	1	0
220867	2	1	0
220867	4	0	1
220867	4	0	1
220867	4	1	0
220867	4	1	0
220867	1	1	0
220867	1	1	0
220867	2	1	0
220867	2	1	0
220867	2	1	0
220867	2	1	0
220867	2	0	0
220867	2	0	0
220867	4	0	1
220867	4	0	1
220867	4	0	0
220867	4	0	0
220867	1	1	1
220867	1	1	1
220867	2	0	-1
220867	2	0	-1
220867	3	0	0
220867	3	0	0
220867	2	1	0
220867	2	1	0
220867	4	0	1
220867	4	0	1
220867	4	1	-1
220867	4	1	-1
220867	2	1	0
220867	2	1	0
220867	1	1	1
220867	1	1	1
220867	2	1	1
220867	2	1	1
220867	2	1	0
220867	2	1	0
220867	1	1	1
220867	1	1	1
220867	4	0	1
220867	4	0	1
220867	2	1	0
220867	2	1	0
220867	1	1	0
220867	1	1	0
220867	2	1	0
220867	2	1	0
220867	2	1	0
220867	2	1	0
220867	3	0	0
220867	3	0	0
220867	3	1	-1
220867	3	1	-1
220867	4	0	1
220867	4	0	1
220867	2	1	0
220867	2	1	0
220867	4	0	1
220867	4	0	1
220867	4	0	1
220867	4	0	1
220867	2	1	0
220867	2	1	0
220867	1	1	1
220867	1	1	1
220867	4	0	1
220867	4	0	1
220867	2	1	0
220867	2	1	0
220867	4	0	1
220867	4	0	1
220867	1	1	0
220867	1	1	0
220867	2	1	0
220867	2	1	0
220867	4	0	1
220867	4	0	1
220867	2	1	0
220867	2	1	0
220867	1	1	1
220867	1	1	1
220867	2	1	0
220867	2	1	0
220867	4	1	0
220867	4	1	0
220867	4	0	0
220867	4	0	0
220867	2	1	1
220867	2	1	1
220867	3	0	0
220867	3	0	0
220867	2	1	0
220867	2	1	0
220867	3	1	-1
220867	3	1	-1
220867	3	1	-1
220867	3	1	-1
220867	4	0	1
220867	4	0	1
220867	4	1	0
220867	4	1	0
220867	4	0	1
220867	4	0	1
220867	2	1	0
220867	2	1	0
220867	4	0	0
220867	4	0	0
220867	2	1	0
220867	2	1	0
220867	2	1	0
220867	2	1	0
220867	4	0	0
220867	4	0	0
220867	2	1	0
220867	2	1	0
220867	4	0	1
220867	4	0	1
220867	2	1	0
220867	2	1	0
220867	4	0	1
220867	4	0	1
220867	1	1	1
220867	1	1	1
220867	4	0	0
220867	4	0	0
220867	2	1	0
220867	2	1	0
220867	3	0	0
220867	3	0	0
220867	4	0	1
220867	4	0	1
220867	2	1	0
220867	2	1	0
220867	4	0	1
220867	4	0	1
220867	4	0	1
220867	4	0	1
220867	2	1	0
220867	2	1	0
220867	2	1	1
220867	2	1	1
220867	1	1	1
220867	1	1	1
220867	4	0	1
220867	4	0	1
220867	4	1	-1
220867	4	1	-1
220867	1	1	1
220867	1	1	1
220867	2	1	0
220867	2	1	0
220867	1	1	1
220867	1	1	1
220867	4	0	1
220867	4	0	1
220867	3	0	0
220867	3	0	0
220867	3	0	0
220867	3	0	0
220867	4	0	1
220867	4	0	1
220867	1	1	1
220867	1	1	1
220867	4	1	0
220867	4	1	0
220867	4	0	1
220867	4	0	1
220867	2	1	0
220867	2	1	0
220867	1	1	1
220867	1	1	1
220867	4	0	0
220867	4	0	0
220867	3	1	-1
220867	3	1	-1
220867	4	1	-1
220867	4	1	-1
220867	4	0	0
220867	4	0	0
220867	4	0	1
220867	4	0	1
220867	3	0	0
220867	3	0	0
220867	3	0	0
220867	3	0	0
220867	4	0	1
220867	4	0	1
220867	2	1	0
220867	2	1	0
220867	1	1	1
220867	1	1	1
220867	2	1	0
220867	2	1	0
220867	4	0	1
220867	4	0	1
220867	1	1	0
220867	1	1	0
220867	4	0	0
220867	4	0	0
220867	2	1	0
220867	2	1	0
220867	4	0	0
220867	4	0	0
220867	3	0	0
220867	3	0	0
220867	1	1	0
220867	1	1	0
220867	4	0	1
220867	4	0	1
220867	4	0	1
220867	4	0	1
220867	4	0	1
220867	4	0	1
220867	2	1	0
220867	2	1	0
220867	2	1	1
220867	2	1	1
220867	2	1	0
220867	2	1	0
220867	4	0	1
220867	4	0	1
220867	2	1	0
220867	2	1	0
220867	2	1	1
220867	2	1	1
220867	3	0	0
220867	3	0	0
220867	2	1	0
220867	2	1	0
220867	3	0	0
220867	3	0	0
220867	4	0	1
220867	4	0	1
220867	1	1	0
220867	1	1	0
220867	1	1	1
220867	1	1	1
220867	3	0	0
220867	3	0	0
220867	1	1	1
220867	1	1	1
220867	4	0	1
220867	4	0	1
220867	4	0	1
220867	4	0	1
220867	1	1	1
220867	1	1	1
220867	3	0	0
220867	3	0	0
220867	4	0	1
220867	4	0	1
220867	4	0	1
220867	4	0	1
220867	4	0	1
220867	4	0	1
220867	4	0	0
220867	4	0	0
220867	2	1	0
220867	2	1	0
220867	4	0	1
220867	4	0	1
220867	4	0	1
220867	4	0	1
220867	2	1	0
220867	2	1	0
220867	2	1	0
220867	2	1	0
220867	4	0	0
220867	4	0	0
220867	4	0	1
220867	4	0	1
220867	2	1	0
220867	2	1	0
220867	4	0	1
220867	4	0	1
220867	4	0	1
220867	4	0	1
220867	2	1	0
220867	2	1	0
220867	3	0	0
220867	3	0	0
220867	4	0	1
220867	4	0	1
220867	4	0	1
220867	4	0	1
220867	2	1	1
220867	2	1	1
220867	2	1	1
220867	2	1	1
220867	4	0	0
220867	4	0	0
220867	4	0	1
220867	4	0	1
220867	3	0	0
220867	3	0	0
220867	4	0	1
220867	4	0	1
220867	2	1	0
220867	2	1	0
220867	4	0	1
220867	4	0	1
220867	1	1	1
220867	1	1	1
220867	4	0	1
220867	4	0	1
220867	1	1	1
220867	1	1	1
220867	3	0	0
220867	3	0	0
220867	4	0	0
220867	4	0	0
220867	1	1	1
220867	1	1	1
220867	4	0	1
220867	4	0	1
220867	4	0	0
220867	4	0	0
220867	3	0	0
220867	3	0	0
220867	2	1	0
220867	2	1	0
220867	4	0	0
220867	4	0	0
220867	4	0	0
220867	4	0	0
220867	1	1	1
220867	1	1	1
220867	4	1	-1
220867	4	1	-1
220867	4	1	0
220867	4	1	0
220867	4	0	0
220867	4	0	0
220867	4	1	0
220867	4	1	0
220867	3	0	0
220867	3	0	0
220867	1	1	1
220867	1	1	1
220867	4	0	1
220867	4	0	1
220867	4	0	1
220867	4	0	1
220867	2	1	0
220867	2	1	0
220867	4	0	1
220867	4	0	1
220867	4	0	1
220867	4	0	1
220867	3	0	1
220867	3	0	1
220867	1	1	1
220867	1	1	1
220867	4	0	0
220867	4	0	0
220867	4	0	1
220867	4	0	1
220867	3	0	0
220867	3	0	0
220867	4	0	1
220867	4	0	1
220867	3	0	0
220867	3	0	0
220867	2	1	0
220867	2	1	0
220867	1	1	1
220867	1	1	1
220867	3	0	0
220867	3	0	0
220867	2	1	0
220867	2	1	0
220867	1	1	1
220867	1	1	1
220867	1	1	1
220867	1	1	1
220867	3	0	1
220867	3	0	1
220867	1	1	1
220867	1	1	1
220867	3	0	0
220867	3	0	0
220867	1	1	1
220867	1	1	1
220867	3	0	0
220867	3	0	0
220867	3	0	0
220867	3	0	0
220867	1	1	0
220867	1	1	0
220867	3	0	0
220867	3	0	0
220867	1	1	1
220867	1	1	1
220867	4	0	1
220867	4	0	1
220867	3	0	0
220867	3	0	0
220867	1	1	1
220867	1	1	1
220867	2	1	0
220867	2	1	0
220867	2	1	1
220867	2	1	1
220867	4	0	1
220867	4	0	1
220867	2	1	0
220867	2	1	0
220867	4	0	1
220867	4	0	1
220867	1	1	1
220867	1	1	1
220867	1	1	1
220867	1	1	1
220867	1	1	1
220867	1	1	1
220867	1	1	0
220867	1	1	0
220867	4	0	1
220867	4	0	1
220867	3	0	0
220867	3	0	0
220867	3	1	-1
220867	3	1	-1
220867	4	0	1
220867	4	0	1
220867	3	0	0
220867	3	0	0
220867	4	0	0
220867	4	0	0
220867	1	1	1
220867	1	1	1
220867	1	1	1
220867	1	1	1
220867	3	0	0
220867	3	0	0
220867	1	1	1
220867	1	1	1
220867	1	1	1
220867	1	1	1
220867	3	0	0
220867	3	0	0
220867	3	0	0
220867	3	0	0
220867	3	0	0
220867	3	0	0
220867	3	0	0
220867	3	0	0
220867	1	1	1
220867	1	1	1
220867	3	0	0
220867	3	0	0
220867	2	1	0
220867	2	1	0
220867	1	1	1
220867	1	1	1
220867	1	1	1
220867	1	1	1
220867	4	0	1
220867	4	0	1
220867	1	1	1
220867	1	1	1
220867	2	1	1
220867	2	1	1
220867	3	0	1
220867	3	0	1
220867	3	0	0
220867	3	0	0
220867	2	1	0
220867	2	1	0
220867	3	0	0
220867	3	0	0
220867	1	1	1
220867	1	1	1
220910	1	1	1
220910	2	1	0
220910	4	0	1
220910	1	1	1
220910	1	1	0
220910	4	0	0
220910	1	1	0
220910	1	1	1
220910	3	0	0
220910	1	1	1
220910	1	1	1
220910	3	0	0
220910	3	0	0
220910	4	0	1
220910	4	0	1
220910	3	0	1
220910	3	0	0
220910	3	0	0
220910	3	0	0
220910	1	1	1
220910	3	0	0
220910	2	1	0
220910	1	1	1
220910	2	1	1
220910	3	0	0
220910	3	0	0
220910	3	0	0
220910	1	1	1
220910	4	0	1
220910	3	0	0
220910	4	0	1
220910	3	0	0
220910	4	0	1
220910	3	0	0
220910	3	0	0
220910	1	1	0
220910	3	0	0
220910	1	1	0
220910	3	0	0
220910	1	0	-1
220910	2	1	0
220910	1	1	1
220910	1	1	1
220910	1	1	0
220910	2	1	1
220910	4	0	1
220910	3	0	0
220910	1	1	1
220910	1	1	1
220910	2	1	0
220910	3	0	1
220910	2	1	1
220910	2	1	1
220910	3	0	0
220910	3	0	0
220910	1	1	1
220910	2	1	0
220910	1	1	1
220910	1	1	0
220910	3	0	0
220910	2	1	1
220910	1	1	1
220910	3	0	0
220910	4	0	1
220910	1	1	0
220910	3	0	0
220910	4	0	1
220910	2	1	0
220910	1	1	1
220910	2	1	0
220910	4	1	-1
220910	2	1	0
220910	1	1	1
220910	3	0	0
220910	3	0	0
220910	3	0	1
220910	3	0	0
220910	2	1	0
220910	1	1	1
220910	3	0	1
220910	3	0	0
220910	4	0	1
220910	1	1	1
220910	1	1	0
220910	2	1	0
220910	3	0	0
220910	3	0	0
220910	4	0	0
220910	4	0	1
220910	1	1	1
220910	1	1	1
220910	2	1	1
220910	2	1	0
220910	1	1	1
220910	3	0	0
220910	3	0	0
220910	4	0	1
220910	3	0	0
220910	2	1	0
220910	1	1	1
220910	4	0	1
220910	4	0	1
220910	3	0	0
220910	1	1	1
220910	3	0	0
220910	4	0	1
220910	3	0	1
220910	1	1	1
220910	3	0	1
220910	3	1	0
220910	2	1	0
220910	2	1	0
220910	2	1	0
220910	1	1	1
220910	2	1	0
220910	2	1	0
220910	2	1	0
220910	4	0	1
220910	1	1	1
220910	1	1	1
220910	3	0	0
220910	4	0	1
220910	3	0	0
220910	3	0	0
220910	2	1	1
220910	4	0	1
220910	4	0	1
220910	4	0	0
220910	2	1	0
220910	4	0	0
220910	3	0	0
220910	2	1	1
220910	4	0	1
220910	3	0	0
220910	1	1	1
220910	1	1	1
220910	1	1	1
220910	3	0	0
220910	4	0	1
220910	2	1	0
220910	1	1	1
220910	1	1	1
220910	2	1	0
220910	3	0	1
220910	1	1	1
220910	3	0	1
220910	2	0	-1
220910	2	1	0
220910	4	0	0
220910	4	0	1
220910	1	1	1
220910	1	1	1
220910	1	1	1
220910	2	1	0
220910	2	1	1
220910	1	1	0
220910	2	1	0
220910	4	0	1
220910	2	1	0
220910	4	0	1
220910	2	1	0
220910	4	0	1
220910	4	0	1
220910	1	1	1
220910	2	1	0
220910	4	0	1
220910	3	0	0
220910	1	1	1
220910	2	1	0
220910	2	1	1
220910	2	1	0
220910	2	1	0
220910	3	0	0
220910	4	0	1
220910	2	1	0
220910	4	0	1
220910	4	0	1
220910	4	0	1
220910	4	0	1
220910	3	0	0
220910	4	0	0
220910	2	0	-1
220910	2	1	0
220910	3	1	-1
220910	1	1	0
220910	4	0	1
220910	2	1	0
220910	2	1	1
220910	1	1	1
220910	1	1	1
220910	3	0	0
220910	2	1	0
220910	3	0	0
220910	2	1	0
220910	4	0	1
220910	2	1	0
220910	4	0	1
220910	1	1	0
220910	4	0	0
220910	4	0	0
220910	2	1	0
220910	4	0	0
220910	2	1	0
220910	4	0	1
220910	2	1	1
220910	4	0	1
220910	4	0	1
220910	2	1	0
220910	4	0	1
220910	4	0	1
220910	3	0	1
220910	1	1	1
220910	1	1	1
220910	2	1	1
220910	2	1	0
220910	4	0	1
220910	4	0	1
220910	3	0	0
220910	3	0	0
220910	1	1	1
220910	3	0	0
220910	2	1	0
220910	4	0	1
220910	3	0	1
220910	4	0	1
220910	4	0	1
220910	4	0	1
220910	2	1	0
220910	2	1	0
220910	3	0	0
220910	3	0	1
220910	4	0	1
220910	2	1	0
220910	4	0	0
220910	2	1	0
220910	3	0	0
220910	2	1	0
220910	4	0	1
220910	2	1	0
220910	3	0	1
220910	4	0	1
220910	1	1	1
220910	2	1	1
220910	2	1	0
220910	1	1	1
220910	4	0	1
220910	4	0	0
220910	4	0	1
220910	4	0	0
220910	3	0	1
220910	4	0	1
220910	2	1	0
220910	1	1	1
220910	3	0	0
220910	2	1	1
220910	2	1	0
220910	4	0	1
220910	4	1	0
220910	2	0	-1
220910	4	0	1
220910	3	0	1
220910	1	1	1
220910	3	0	0
220910	4	0	1
220910	2	1	0
220910	2	1	1
220910	2	1	0
220910	1	1	1
220910	4	0	1
220910	2	1	0
220910	4	0	1
220910	4	0	1
220910	4	0	1
220910	4	0	1
220910	4	0	1
220910	4	0	1
220910	3	0	0
220910	4	0	0
220910	1	1	1
220910	4	0	0
220910	4	0	0
220910	2	1	0
220910	4	0	1
220910	4	0	1
220910	4	0	0
220910	4	0	0
220910	4	0	1
220910	4	0	1
220910	2	1	1
220910	4	0	1
220910	1	1	1
220910	1	1	0
220910	3	0	0
220910	3	0	0
220910	4	0	1
220910	3	0	0
220910	3	0	0
220910	3	0	0
220910	1	1	1
220910	4	0	1
220910	2	1	0
220910	1	1	0
220910	1	1	1
220910	4	0	1
220910	4	0	1
220910	3	0	0
220910	4	0	1
220910	3	0	0
220910	4	0	1
220910	4	0	1
220910	2	1	0
220910	4	0	1
220910	4	0	1
220910	4	0	1
220910	4	0	1
220910	2	0	0
220910	1	1	1
220910	4	0	1
220910	3	0	0
220910	4	0	1
220910	2	1	1
220910	4	0	1
220910	2	1	0
220910	4	0	1
220910	4	0	1
220910	1	1	1
220910	1	1	0
220910	1	1	1
220910	1	1	1
220910	4	0	0
220910	4	0	1
220910	3	0	0
220910	4	0	0
220910	4	0	0
220910	4	0	1
220910	4	0	1
220910	2	1	0
220910	1	1	1
220910	4	0	0
220910	2	1	0
220910	2	1	0
220910	2	1	0
220910	3	0	0
220910	4	0	1
220910	4	0	0
220910	2	1	0
220910	3	0	0
220910	3	0	0
220910	1	1	1
220910	1	1	1
220910	4	0	1
220910	2	1	0
220910	1	1	1
220910	4	0	1
220910	1	1	1
220910	1	1	1
220910	1	1	0
220910	1	1	1
220910	3	0	0
220910	3	0	0
220910	4	0	0
220910	1	1	1
220910	1	1	1
220910	4	1	-1
220910	3	0	0
220910	3	0	0
220910	3	0	0
220910	3	0	1
220910	4	0	1
220910	4	0	1
220910	2	1	0
220910	2	1	0
220910	2	1	1
220910	4	0	1
220910	1	1	0
220910	2	1	0
220910	2	1	1
220910	1	1	1
220910	1	1	1
220910	2	1	0
220910	2	1	1
220910	3	0	1
220910	4	0	1
220910	4	0	1
220910	2	1	0
220910	2	1	0
220910	3	0	0
220910	1	1	1
220910	4	0	1
220910	4	0	1
220910	1	1	1
220910	1	1	0
220910	4	1	-1
220910	3	0	0
220910	3	0	0
220910	2	1	0
220910	4	0	1
220910	1	1	1
220910	4	0	1
220910	1	1	1
220933	1	1	1
220933	4	0	1
220933	4	0	1
220933	1	1	1
220933	3	0	0
220933	4	0	1
220933	4	0	1
220933	1	1	1
220933	3	0	0
220933	1	1	0
220933	2	1	0
220933	2	1	1
220933	2	1	0
220933	2	1	0
220933	1	1	1
220933	3	0	0
220933	4	0	1
220933	4	0	1
220933	3	0	0
220933	4	0	1
220933	2	0	0
220933	1	1	1
220933	4	0	1
220933	3	0	0
220933	3	0	1
220933	1	1	1
220933	1	1	1
220933	3	0	0
220933	1	1	1
220933	2	1	1
220933	4	0	1
220933	2	1	0
220933	1	1	1
220933	2	1	0
220933	3	0	0
220933	2	1	0
220933	2	1	0
220933	1	1	1
220933	3	0	1
220933	4	0	1
220933	2	1	0
220933	3	0	0
220933	1	1	1
220933	4	0	0
220933	3	0	0
220933	3	0	0
220933	2	1	0
220933	3	0	0
220933	4	0	0
220933	2	1	1
220933	2	1	1
220933	4	0	0
220933	3	0	1
220933	3	0	0
220933	4	1	-1
220933	2	1	0
220933	1	1	1
220933	1	1	1
220933	3	0	0
220933	3	0	0
220933	1	1	1
220933	4	0	1
220933	3	0	0
220933	4	0	0
220933	1	1	1
220933	2	1	0
220933	4	0	0
220933	2	1	0
220933	1	1	1
220933	4	0	1
220933	1	1	1
220933	2	1	0
220933	3	0	0
220933	1	1	1
220933	4	0	0
220933	2	1	0
220933	1	1	1
220933	3	0	0
220933	2	1	0
220933	4	0	1
220933	2	1	0
220933	2	1	1
220933	4	0	1
220933	2	1	0
220933	1	1	1
220933	4	0	1
220933	2	1	0
220933	2	1	1
220933	4	0	1
220933	3	0	0
220933	4	0	1
220933	2	1	0
220933	1	1	0
220933	4	0	1
220933	4	0	1
220933	2	1	1
220933	1	1	1
220933	2	1	0
220933	2	1	0
220933	1	1	1
220933	2	1	1
220933	3	0	0
220933	3	0	0
220933	2	1	1
220933	4	0	1
220933	3	0	0
220933	1	1	0
220933	4	0	1
220933	2	1	0
220933	2	1	0
220933	2	1	0
220933	4	0	1
220933	3	0	0
220933	2	1	0
220933	4	0	1
220933	2	1	1
220933	4	0	1
220933	4	0	0
220933	2	1	1
220933	4	0	0
220933	3	0	1
220933	1	1	1
220933	2	1	0
220933	2	1	0
220933	4	0	1
220933	1	1	1
220933	4	0	1
220933	1	1	1
220933	4	0	1
220933	3	0	0
220933	1	1	1
220933	4	0	1
220933	2	1	0
220933	4	0	0
220933	2	1	0
220933	1	1	1
220933	2	1	0
220933	3	0	0
220933	2	1	1
220933	2	1	0
220933	4	0	1
220933	2	1	0
220933	4	0	1
220933	1	1	1
220933	4	0	1
220933	4	0	1
220933	4	0	1
220933	4	0	1
220933	3	0	0
220933	4	0	1
220933	2	1	0
220933	4	0	0
220933	4	0	1
220933	3	0	0
220933	4	0	1
220933	2	1	0
220933	2	1	0
220933	1	1	0
220933	3	0	0
220933	3	0	0
220933	3	0	0
220933	2	1	0
220933	4	0	1
220933	2	1	0
220933	2	1	0
220933	2	1	0
220933	2	1	0
220933	2	1	1
220933	4	0	1
220933	2	1	0
220933	3	0	0
220933	1	1	1
220933	4	0	1
220933	2	1	0
220933	2	1	0
220933	4	0	1
220933	1	1	1
220933	2	1	0
220933	1	1	1
220933	3	0	0
220933	1	1	1
220933	2	1	0
220933	1	1	1
220933	4	0	0
220933	1	1	1
220933	2	1	0
220933	2	1	0
220933	4	0	1
220933	2	1	0
220933	2	1	0
220933	3	0	0
220933	4	0	1
220933	4	0	0
220933	2	1	0
220933	1	1	0
220933	1	1	1
220933	4	0	1
220933	3	0	1
220933	2	1	0
220933	1	1	1
220933	3	0	0
220933	2	1	0
220933	2	1	0
220933	2	1	0
220933	1	1	1
220933	2	1	1
220933	2	1	0
220933	2	1	0
220933	3	0	0
220933	2	1	0
220933	2	1	0
220933	2	1	0
220933	2	1	1
220933	4	0	1
220933	2	1	0
220933	2	1	0
220933	2	1	0
220933	2	1	0
220933	2	1	0
220933	2	1	0
220933	4	0	1
220933	2	1	1
220933	3	0	0
220933	3	0	0
220933	3	0	0
220933	1	1	0
220933	2	1	1
220933	4	0	1
220933	2	1	0
220933	4	0	1
220933	3	0	0
220933	4	0	1
220933	2	1	0
220933	4	0	1
220933	1	1	0
220933	3	0	0
220933	2	1	1
220933	4	0	1
220933	2	1	0
220933	2	1	1
220933	3	0	0
220933	3	0	0
220933	1	1	1
220933	3	0	0
220933	1	1	1
220933	3	0	0
220933	4	0	1
220933	1	1	1
220933	1	0	0
220933	3	0	0
220933	1	1	1
220933	3	0	0
220933	4	0	1
220933	1	1	1
220933	3	0	0
220933	4	0	1
220933	1	1	1
220933	2	1	0
220933	1	1	0
220933	3	0	0
220933	3	0	0
220933	1	1	1
220933	2	1	0
220933	4	0	1
220933	4	0	1
220933	4	0	1
220933	2	1	0
220933	3	0	0
220933	4	0	0
220933	3	0	0
220933	4	0	1
220933	2	1	0
220933	3	0	0
220933	3	0	0
220933	2	1	1
220933	1	1	0
220933	1	1	1
220933	1	1	1
220933	4	0	1
220933	1	1	1
220933	3	0	1
220933	1	1	1
220933	1	1	1
220933	1	1	1
220933	2	1	0
220933	3	0	0
220933	1	1	1
220933	1	1	1
220933	3	0	0
220933	1	1	0
220933	3	0	0
220933	3	0	0
220933	3	0	1
220933	1	1	0
220933	4	0	1
220933	4	0	1
220933	2	1	0
220933	2	1	0
220933	3	0	1
220933	3	0	0
220933	1	1	0
220933	3	0	1
220933	3	0	0
220933	1	1	1
220933	2	1	1
220933	2	1	0
220933	3	0	0
220933	2	1	0
220933	1	1	1
220933	1	1	1
220933	1	1	1
220933	3	0	0
220933	2	1	0
220933	3	0	0
220933	3	0	0
220933	1	1	1
220933	1	1	1
220933	1	1	0
220933	3	0	0
220933	4	0	1
220961	1	1	1
220961	2	1	0
220961	1	1	0
220961	1	1	1
220961	1	1	1
220961	2	1	0
220961	2	0	-1
220961	2	1	0
220961	1	1	1
220961	2	1	0
220961	1	1	1
220961	3	0	0
220961	1	1	1
220961	4	0	1
220961	3	0	0
220961	3	0	0
220961	4	0	1
220961	1	1	1
220961	2	1	0
220961	3	0	0
220961	4	0	1
220961	4	0	1
220961	3	0	0
220961	3	0	1
220961	2	1	0
220961	2	1	0
220961	4	0	0
220961	1	1	1
220961	3	0	0
220961	4	0	1
220961	4	0	1
220961	1	1	1
220961	4	0	1
220961	1	1	0
220961	1	1	1
220961	3	0	0
220961	4	0	1
220961	1	1	1
220961	4	0	1
220961	1	1	1
220961	2	1	0
220961	2	1	0
220961	2	1	0
220961	3	0	0
220961	3	0	1
220961	4	0	0
220961	2	1	1
220961	1	1	1
220961	3	0	0
220961	4	0	1
220961	4	0	1
220961	1	1	1
220961	4	0	1
220961	1	1	1
220961	1	1	0
220961	2	1	0
220961	3	0	0
220961	3	0	0
220961	1	1	1
220961	4	0	1
220961	2	1	1
220961	3	0	0
220961	3	0	0
220961	3	0	0
220961	2	1	0
220961	3	0	0
220961	3	0	0
220961	1	1	1
220961	3	0	1
220961	4	0	1
220961	4	0	1
220961	4	0	0
220961	2	1	0
220961	4	1	0
220961	2	1	0
220961	2	1	1
220961	3	0	0
220961	2	1	0
220961	4	0	1
220961	2	0	-1
220961	4	0	1
220961	4	0	1
220961	3	0	0
220961	1	1	1
220961	4	0	1
220961	2	1	0
220961	2	1	1
220961	2	1	0
220961	4	0	1
220961	4	0	1
220961	3	0	0
220961	4	0	1
220961	4	0	1
220961	4	0	1
220961	4	0	1
220961	4	0	1
220961	2	1	0
220961	2	1	0
220961	3	0	0
220961	1	1	1
220961	2	1	0
220961	1	1	1
220961	4	0	0
220961	4	0	1
220961	2	1	0
220961	3	0	0
220961	4	0	1
220961	2	1	0
220961	3	1	-1
220961	1	1	1
220961	4	0	1
220961	4	0	1
220961	2	1	0
220961	4	0	1
220961	4	0	1
220961	2	1	0
220961	4	0	1
220961	1	1	1
220961	4	0	1
220961	2	1	1
220961	4	0	1
220961	2	1	0
220961	4	0	1
220961	3	0	0
220961	3	0	0
220961	2	1	0
220961	2	1	0
220961	2	1	0
220961	2	1	0
220961	3	0	0
220961	4	0	1
220961	2	1	1
220961	2	1	0
220961	3	0	1
220961	2	1	0
220961	1	1	0
220961	1	1	1
220961	3	0	0
220961	3	0	0
220961	2	1	0
220961	2	1	0
220961	4	0	1
220961	2	1	0
220961	2	1	1
220961	3	0	1
220961	2	1	0
220961	4	0	1
220961	2	1	0
220961	4	0	1
220961	4	0	1
220961	1	1	1
220961	1	1	0
220961	2	1	0
220961	2	1	0
220961	1	1	1
220961	1	1	0
220961	4	0	0
220961	4	0	1
220961	2	1	0
220961	1	1	1
220961	1	1	1
220961	4	0	0
220961	4	1	-1
220961	2	1	0
220961	3	0	0
220961	1	1	1
220961	2	1	0
220961	4	0	1
220961	1	1	1
220961	2	1	1
220961	4	0	1
220961	4	0	1
220961	2	1	1
220961	3	0	0
220961	4	0	1
220961	2	1	0
220961	2	1	0
220961	2	1	0
220961	2	1	0
220961	4	0	1
220961	2	1	1
220961	3	0	0
220961	4	0	0
220961	3	0	0
220961	2	1	0
220961	4	0	0
220961	2	1	0
220961	4	0	0
220961	2	1	1
220961	2	1	1
220961	4	0	1
220961	1	1	1
220961	1	1	0
220961	1	1	1
220961	3	0	1
220961	2	1	0
220961	2	1	0
220961	2	1	0
220961	4	0	1
220961	4	0	1
220961	2	1	0
220961	2	1	0
220961	2	1	0
220961	2	1	0
220961	3	0	0
220961	3	0	0
220961	3	0	1
220961	1	1	1
220961	3	0	1
220961	2	1	0
220961	2	1	0
220961	1	1	1
220961	2	1	0
220961	2	1	0
220961	4	0	1
220961	2	1	0
220961	1	1	1
220961	2	1	0
220961	4	0	1
220961	2	1	0
220961	1	1	1
220961	1	1	0
220961	2	1	0
220961	2	1	0
220961	2	1	0
220961	2	1	0
220961	2	0	-1
220961	2	1	0
220961	2	1	0
220961	2	1	0
220961	2	1	0
220961	1	1	1
220961	2	1	1
220961	3	0	0
220961	2	1	0
220961	2	1	0
220961	4	0	1
220961	3	0	0
220961	3	0	0
220961	2	1	0
220961	1	1	1
220961	1	1	0
220961	1	1	1
220961	2	1	0
220961	4	0	1
220961	4	0	1
220961	4	0	0
220961	3	0	0
220961	4	0	1
220961	2	1	0
220961	3	0	0
220961	3	0	1
220961	1	1	1
220961	1	1	1
220961	4	0	1
220961	1	1	1
220961	1	1	0
220961	1	1	1
220961	1	1	1
220961	2	1	0
220961	2	1	0
220961	4	1	0
220961	1	1	1
220961	2	1	1
220961	2	1	0
220961	3	0	0
220961	3	0	0
220961	1	1	1
220961	4	0	1
220961	1	1	1
220961	3	0	0
220961	3	0	0
220961	3	0	1
220961	3	0	0
220961	2	1	0
220961	3	0	0
220961	3	0	0
220961	1	1	0
220961	3	0	0
220961	3	0	0
220961	1	1	1
220961	3	0	0
220961	1	1	0
220961	3	0	0
220961	2	1	0
220961	3	0	0
220961	1	1	1
220961	3	0	0
220961	2	1	0
220961	1	1	0
220961	3	0	0
220961	3	0	0
220961	4	1	-1
220961	1	1	1
220961	2	1	0
220961	3	0	1
220961	1	1	1
220961	1	1	1
220961	3	0	0
220961	1	1	1
220961	4	0	1
220961	3	0	0
220961	3	0	0
220961	2	1	0
220961	1	1	0
220961	3	0	0
220961	3	0	0
220961	1	1	0
220961	4	0	1
220961	3	0	0
220961	3	0	0
220961	1	1	1
220961	4	0	1
220961	1	1	1
220961	4	0	1
220961	2	1	0
220961	1	1	1
220961	1	1	1
220961	3	0	0
220961	1	1	1
221013	4	1	0
221013	4	1	0
221013	4	1	0
221013	2	1	1
221013	3	1	-1
221013	2	1	0
221013	1	1	1
221013	1	1	1
221013	4	0	1
221013	2	1	0
221013	1	1	1
221013	3	0	0
221013	4	1	0
221013	3	0	0
221013	4	1	0
221013	2	1	0
221013	4	1	0
221013	2	1	0
221013	2	0	-1
221013	1	1	1
221013	4	1	0
221013	1	1	0
221013	4	1	0
221013	3	1	-1
221013	3	1	-1
221013	4	1	-1
221013	2	1	0
221013	2	1	0
221013	2	1	0
221013	4	1	0
221013	1	1	1
221013	4	1	0
221013	2	1	1
221013	2	1	0
221013	4	1	0
221013	4	1	0
221013	4	1	0
221013	4	1	-1
221013	4	1	0
221013	4	1	-1
221013	2	1	0
221013	4	1	0
221013	2	1	0
221013	4	1	0
221013	2	1	0
221013	2	0	-1
221013	4	1	0
221013	4	1	0
221013	4	0	1
221013	4	1	0
221013	4	1	0
221013	4	1	0
221013	4	1	-1
221013	2	1	0
221013	1	1	1
221013	4	1	0
221013	4	0	1
221013	3	1	-1
221013	4	1	0
221013	3	1	-1
221013	4	1	0
221013	3	1	-1
221013	4	0	1
221013	4	0	0
221013	4	0	1
221013	4	1	0
221013	4	0	1
221013	4	1	-1
221013	2	1	0
221013	1	1	1
221013	3	0	0
221013	4	0	1
221013	2	1	0
221013	1	0	0
221013	4	1	0
221013	4	1	-1
221013	1	1	1
221013	1	1	1
221013	4	0	1
221013	1	1	1
221013	1	1	1
221013	3	0	0
221013	3	0	0
221013	3	1	0
221013	4	1	0
221013	1	1	0
221013	4	1	-1
221013	4	1	0
221013	2	1	0
221013	3	1	-1
221013	2	1	0
221013	3	0	0
221013	3	1	-1
221013	4	0	1
221013	1	1	1
221013	1	1	0
221013	4	0	1
221013	3	1	-1
221013	1	1	1
221013	2	0	0
221013	2	0	0
221013	4	1	0
221013	4	1	0
221013	3	0	0
221013	4	1	-1
221013	4	1	-1
221013	2	0	-1
221013	1	1	1
221013	3	1	-1
221013	4	1	0
221013	1	0	0
221013	2	1	0
221013	3	1	-1
221013	2	0	-1
221013	1	0	-1
221013	3	1	-1
221013	3	1	-1
221013	4	1	0
221013	2	1	0
221013	1	1	1
221013	4	0	1
221013	2	1	0
221013	4	1	0
221013	1	0	0
221013	1	1	1
221013	3	0	0
221013	4	1	0
221013	1	0	0
221013	3	0	1
221013	2	1	0
221013	2	1	0
221013	4	0	1
221013	1	0	0
221013	3	1	0
221013	2	1	0
221013	2	0	-1
221013	1	1	1
221013	4	1	0
221013	3	1	0
221013	2	1	1
221013	2	1	0
221013	3	1	-1
221013	3	1	-1
221013	3	1	-1
221013	3	1	-1
221013	2	1	0
221013	3	1	-1
221013	4	1	0
221013	4	1	0
221013	2	1	0
221013	4	1	0
221013	1	1	1
221013	2	0	-1
221013	1	1	1
221013	1	1	1
221013	2	1	0
221013	1	1	1
221013	4	1	0
221013	4	1	-1
221013	4	1	0
221013	2	1	0
221013	3	1	-1
221013	3	1	-1
221013	4	0	1
221013	1	0	0
221013	1	1	1
221013	1	1	1
221013	1	1	0
221013	2	1	1
221013	4	1	0
221013	4	1	0
221013	4	1	-1
221013	1	1	0
221013	4	1	-1
221013	2	1	0
221013	2	1	0
221013	4	1	0
221013	1	1	1
221013	3	0	1
221013	2	1	1
221013	1	1	1
221013	4	1	0
221013	4	0	1
221013	4	1	-1
221013	3	0	1
221013	4	1	-1
221013	2	1	0
221013	3	0	0
221013	2	0	-1
221013	2	1	0
221013	2	1	0
221013	1	1	0
221013	1	1	1
221013	2	0	-1
221013	3	1	-1
221013	1	1	1
221013	4	1	0
221013	2	0	-1
221013	3	1	-1
221013	4	1	0
221013	2	0	-1
221013	2	1	1
221013	1	1	1
221013	2	0	-1
221013	3	0	0
221013	2	1	1
221013	3	1	-1
221013	4	1	-1
221013	2	0	-1
221013	3	1	0
221013	4	1	0
221013	2	1	0
221013	4	1	0
221013	2	0	0
221013	2	0	-1
221013	2	1	0
221013	4	1	0
221013	4	1	0
221013	3	1	-1
221013	4	1	0
221013	1	1	1
221013	2	1	0
221013	1	1	1
221013	3	1	-1
221013	1	1	0
221013	4	1	0
221013	4	1	-1
221013	2	1	1
221013	3	0	1
221013	2	0	-1
221013	2	0	-1
221013	3	1	-1
221013	3	1	0
221013	1	1	0
221013	1	1	0
221013	3	1	-1
221013	2	1	0
221013	3	1	-1
221013	4	1	-1
221013	1	1	1
221013	1	1	1
221013	1	1	0
221013	1	0	-1
221013	1	1	1
221013	3	1	-1
221013	3	1	-1
221013	2	0	-1
221013	1	1	1
221013	3	0	0
221013	2	1	0
221013	3	1	-1
221013	4	1	0
221013	3	1	-1
221013	3	1	-1
221013	3	1	-1
221013	4	1	0
221013	1	1	1
221013	4	1	0
221013	3	1	0
221013	3	1	-1
221013	3	1	-1
221013	4	1	0
221013	1	1	1
221013	3	1	0
221013	3	1	-1
221013	4	1	0
221013	1	1	1
221013	1	1	1
221013	2	1	0
221013	3	1	-1
221013	3	1	-1
221013	4	1	-1
221013	1	1	1
221013	1	1	1
221013	1	1	1
221013	3	1	-1
221013	1	1	1
221013	1	1	1
221013	2	1	0
221013	2	1	0
221013	3	1	0
221013	1	1	0
221013	1	1	1
221013	3	0	0
221013	1	1	0
221013	3	1	-1
221013	3	1	-1
221013	1	1	1
221013	2	1	0
221013	2	1	0
221013	4	1	0
221013	2	1	1
221013	1	1	1
221013	1	0	-1
221013	3	0	1
221013	2	1	1
221013	2	0	-1
221013	1	1	1
221013	3	1	-1
221013	1	1	1
221013	4	0	1
221013	4	1	0
221013	4	1	0
221013	2	1	0
221013	3	1	-1
221013	1	1	1
221013	1	1	1
221013	2	1	0
221013	3	1	-1
221013	3	1	-1
221013	1	1	1
221013	4	1	0
221013	3	1	-1
221013	4	1	0
221013	4	1	0
221013	4	1	0
221013	4	1	0
221013	2	1	0
221013	2	1	0
221013	4	1	0
221067	1	1	1
221067	4	0	1
221067	1	1	1
221067	1	1	1
221067	2	1	1
221067	3	0	1
221067	1	1	1
221067	3	0	0
221067	4	0	1
221067	1	1	1
221067	3	0	0
221067	4	0	1
221067	3	0	1
221067	2	1	1
221067	1	1	1
221067	2	1	0
221067	1	1	1
221067	3	0	0
221067	1	1	1
221067	3	0	0
221067	1	1	1
221067	1	1	1
221067	4	0	1
221067	1	1	0
221067	4	0	0
221067	3	0	0
221067	4	0	1
221067	1	1	1
221067	3	0	0
221067	1	1	0
221067	3	0	1
221067	2	1	0
221067	4	0	1
221067	1	1	1
221067	3	0	0
221067	3	0	1
221067	2	1	0
221067	1	1	1
221067	4	0	1
221067	1	1	1
221067	4	0	1
221067	1	1	0
221067	4	0	1
221067	4	0	0
221067	4	0	1
221067	4	0	1
221067	4	0	1
221067	4	0	1
221067	2	1	0
221067	2	1	1
221067	3	0	0
221067	4	0	1
221067	3	0	0
221067	2	1	1
221067	2	1	0
221067	2	1	1
221067	4	0	1
221067	2	1	0
221067	1	1	1
221067	4	0	0
221067	3	0	0
221067	3	0	0
221067	2	1	0
221067	4	0	1
221067	2	1	1
221067	4	0	1
221067	4	0	1
221067	1	1	1
221067	4	0	1
221067	4	0	1
221067	4	0	1
221067	4	0	1
221067	4	0	1
221067	2	1	1
221067	4	0	0
221067	3	0	0
221067	4	0	0
221067	1	1	1
221067	4	0	0
221067	4	0	0
221067	4	0	1
221067	3	0	0
221067	2	1	0
221067	1	1	0
221067	3	0	0
221067	1	1	1
221067	1	1	0
221067	3	0	0
221067	1	1	1
221067	2	1	0
221067	3	1	-1
221067	3	0	0
221067	4	1	0
221067	3	1	-1
221067	1	1	1
221067	3	0	0
221067	4	0	1
221067	3	0	1
221067	1	0	0
221067	3	0	0
221067	2	1	0
221067	3	0	0
221067	1	1	1
221067	1	1	0
221067	2	1	0
221067	3	0	0
221067	4	1	0
221067	1	1	0
221067	1	1	1
221067	4	1	0
221067	3	1	0
221067	2	1	1
221067	4	1	0
221067	4	1	0
221067	3	0	0
221067	2	1	0
221067	4	1	0
221067	4	0	1
221067	1	1	1
221067	2	0	-1
221067	4	0	1
221067	3	1	-1
221067	4	0	1
221067	2	0	0
221067	1	0	0
221067	1	1	1
221067	3	1	-1
221067	1	1	1
221067	2	1	0
221067	3	0	1
221067	4	0	0
221067	3	0	0
221067	1	1	0
221067	3	0	0
221067	2	1	0
221067	2	1	1
221067	2	0	-1
221067	4	1	0
221067	3	1	-1
221067	1	1	1
221067	1	0	0
221067	1	1	0
221067	1	1	0
221067	1	1	1
221067	2	1	0
221067	4	0	1
221067	4	0	0
221067	2	0	0
221067	3	1	-1
221067	1	1	1
221067	3	0	0
221067	4	1	-1
221067	3	0	0
221067	3	0	0
221067	2	1	0
221067	4	0	1
221067	2	1	0
221067	4	1	0
221067	2	0	-1
221067	2	1	0
221067	4	1	0
221067	2	1	0
221067	4	1	-1
221067	1	1	0
221067	4	1	0
221067	1	1	1
221067	2	1	1
221067	1	1	1
221067	2	1	1
221067	2	1	0
221067	2	1	0
221067	4	1	0
221067	2	1	0
221067	3	1	-1
221067	3	0	0
221067	1	1	1
221067	3	0	0
221067	4	1	0
221067	4	1	-1
221067	2	1	0
221067	4	0	1
221067	2	1	0
221067	2	1	0
221067	3	0	0
221067	4	0	1
221067	1	1	1
221067	4	0	1
221067	3	0	0
221067	4	0	1
221067	1	1	1
221067	2	1	0
221067	4	0	1
221067	1	1	1
221067	2	1	0
221067	4	0	1
221067	2	1	1
221067	2	1	0
221067	4	0	1
221067	2	1	0
221067	4	0	1
221067	3	1	-1
221067	3	0	0
221067	1	1	1
221067	2	0	0
221067	4	0	0
221067	3	0	1
221067	2	1	1
221067	4	0	1
221067	4	0	1
221067	4	0	1
221067	2	1	0
221067	3	1	0
221067	4	0	1
221067	2	1	0
221067	2	0	-1
221067	4	1	-1
221067	2	0	-1
221067	2	1	0
221067	4	0	1
221067	2	0	-1
221067	1	1	1
221067	2	1	1
221067	2	1	0
221067	1	1	0
221067	4	0	1
221067	4	0	0
221067	2	1	1
221067	4	0	1
221067	1	1	0
221067	3	1	-1
221067	2	0	0
221067	2	1	1
221067	2	1	0
221067	4	0	1
221067	3	0	0
221067	4	0	1
221067	2	0	-1
221067	3	1	-1
221067	1	1	1
221067	4	0	0
221067	4	0	0
221067	1	1	0
221067	4	1	0
221067	2	1	1
221067	1	1	0
221067	1	1	1
221067	4	0	1
221067	2	1	1
221067	4	0	1
221067	3	1	-1
221067	2	1	1
221067	4	0	1
221067	4	0	1
221067	2	1	0
221067	4	0	1
221067	2	1	1
221067	4	0	1
221067	4	0	1
221067	4	0	1
221067	4	0	1
221067	3	0	0
221067	2	1	1
221067	1	1	1
221067	4	0	0
221067	4	0	1
221067	1	1	1
221067	4	0	1
221067	4	0	1
221067	1	1	1
221067	3	0	0
221067	1	1	1
221067	2	1	0
221067	4	0	1
221067	4	0	1
221067	4	0	1
221067	4	0	0
221067	3	0	0
221067	1	1	0
221067	3	0	0
221067	1	1	1
221067	2	1	1
221067	1	1	1
221067	1	1	1
221067	2	1	0
221067	1	1	1
221067	1	1	1
221067	1	1	1
221067	3	0	0
221067	4	0	1
221067	3	0	1
221067	3	0	0
221067	2	1	0
221067	4	0	1
221067	2	1	1
221067	3	0	0
221067	3	0	1
221067	1	1	1
221067	3	0	0
221067	2	1	0
221067	2	1	0
221067	3	0	0
221067	3	0	0
221067	2	1	0
221067	4	0	1
221067	2	1	0
221067	1	1	1
221067	3	0	0
221067	3	0	0
221067	3	0	1
221067	1	1	1
221067	1	1	1
221067	3	0	0
221067	3	0	0
221067	4	0	1
221067	4	0	0
221067	1	1	1
221067	3	0	1
221067	4	0	1
221067	3	0	1
221067	3	0	0
221140	2	0	-1
221140	4	0	1
221140	2	0	0
221140	4	1	0
221140	3	0	1
221140	2	0	-1
221140	2	0	-1
221140	3	0	0
221140	2	0	-1
221140	2	0	-1
221140	3	0	0
221140	2	0	0
221140	4	0	1
221140	4	1	0
221140	2	0	-1
221140	1	1	0
221140	2	0	-1
221140	1	1	1
221140	4	1	-1
221140	2	0	-1
221140	4	1	0
221140	4	1	-1
221140	4	1	0
221140	3	0	0
221140	1	1	0
221140	2	0	-1
221140	3	0	0
221140	4	0	1
221140	3	0	0
221140	2	0	-1
221140	4	1	0
221140	2	0	-1
221140	2	0	-1
221140	2	0	-1
221140	2	0	-1
221140	2	0	0
221140	2	0	-1
221140	1	1	1
221140	2	0	-1
221140	1	1	1
221140	1	1	0
221140	4	1	-1
221140	3	0	0
221140	4	1	-1
221140	2	0	-1
221140	1	1	1
221140	4	0	1
221140	2	0	-1
221140	4	1	-1
221140	2	0	-1
221140	1	1	1
221140	3	0	0
221140	1	1	1
221140	2	0	-1
221140	4	1	-1
221140	3	0	1
221140	3	0	0
221140	3	0	0
221140	3	0	0
221140	1	1	1
221140	1	1	1
221140	3	0	0
221140	1	1	0
221140	2	0	-1
221140	1	1	1
221140	1	1	1
221140	3	0	0
221140	2	0	0
221140	3	0	0
221140	4	0	0
221140	3	0	0
221140	3	0	1
221140	1	1	1
221140	1	1	1
221140	2	0	-1
221140	2	0	-1
221140	3	0	1
221140	4	1	0
221140	2	0	-1
221140	2	0	-1
221140	1	1	1
221140	4	1	0
221140	4	0	1
221140	1	1	1
221140	1	1	0
221140	2	0	0
221140	3	0	0
221140	2	0	-1
221140	1	1	0
221140	4	1	0
221140	2	0	-1
221140	2	0	-1
221140	2	0	0
221140	2	0	0
221140	2	0	-1
221140	4	1	0
221140	4	1	-1
221140	4	0	1
221140	3	1	-1
221140	2	0	-1
221140	1	1	1
221140	2	0	-1
221140	2	0	-1
221140	1	1	1
221140	3	0	1
221140	2	0	-1
221140	2	0	-1
221140	2	0	-1
221140	4	1	0
221140	2	1	0
221140	1	1	0
221140	2	0	0
221140	2	0	-1
221140	2	1	0
221140	3	0	1
221140	4	1	-1
221140	3	1	-1
221140	4	1	-1
221140	3	1	-1
221140	3	1	-1
221140	4	1	0
221140	1	1	1
221140	2	0	-1
221140	2	0	-1
221140	1	1	1
221140	4	1	0
221140	3	0	0
221140	4	1	0
221140	3	0	0
221140	1	1	1
221140	1	1	1
221140	2	0	-1
221140	4	1	0
221140	3	0	1
221140	2	0	0
221140	4	1	0
221140	3	0	0
221140	3	1	-1
221140	3	1	-1
221140	3	0	0
221140	3	0	1
221140	1	1	1
221140	4	1	0
221140	4	1	0
221140	1	1	1
221140	1	1	1
221140	4	1	0
221140	2	0	-1
221140	2	0	-1
221140	1	1	1
221140	3	0	1
221140	4	1	0
221140	2	0	-1
221140	1	1	1
221140	4	1	-1
221140	1	1	1
221140	4	1	0
221140	2	0	-1
221140	3	1	-1
221140	1	1	1
221140	1	1	0
221140	4	1	0
221140	2	0	-1
221140	3	1	-1
221140	3	0	0
221140	4	1	0
221140	4	1	0
221140	4	1	-1
221140	2	0	-1
221140	2	0	0
221140	3	0	1
221140	3	1	-1
221140	2	0	-1
221140	4	1	-1
221140	1	1	1
221140	2	0	-1
221140	3	0	0
221140	1	1	1
221140	2	0	0
221140	2	0	-1
221140	2	0	-1
221140	1	1	0
221140	2	0	-1
221140	3	0	0
221140	2	0	-1
221140	1	1	1
221140	4	0	1
221140	1	1	1
221140	2	0	-1
221140	1	1	0
221140	4	0	1
221140	1	1	1
221140	4	1	0
221140	4	0	1
221140	3	0	0
221140	1	1	1
221140	1	1	1
221140	3	0	1
221140	3	0	0
221140	3	0	1
221140	3	0	0
221140	1	1	0
221140	4	1	0
221140	3	0	0
221140	2	0	-1
221140	4	0	1
221140	3	0	1
221140	4	1	0
221140	1	1	1
221140	1	1	1
221140	1	1	1
221140	1	1	0
221140	1	1	1
221140	1	1	1
221140	3	0	0
221140	3	0	0
221140	2	0	-1
221140	3	0	1
221140	2	0	-1
221140	3	0	0
221140	1	1	0
221140	1	1	1
221140	3	0	0
221140	4	1	0
221140	3	1	-1
221140	1	1	1
221140	4	1	0
221140	1	1	1
221140	2	0	-1
221140	2	1	0
221140	3	0	0
221140	3	0	0
221140	2	0	-1
221140	2	0	-1
221140	4	1	0
221140	4	0	1
221140	3	0	1
221140	2	1	1
221140	2	0	-1
221140	2	0	-1
221140	2	0	0
221140	3	0	0
221140	2	0	-1
221140	3	0	0
221140	2	0	-1
221140	2	0	-1
221140	3	0	0
221140	4	1	0
221140	2	0	-1
221140	3	0	0
221140	2	0	0
221140	1	1	0
221140	4	0	1
221140	2	0	-1
221140	2	0	-1
221140	4	1	0
221140	1	1	1
221140	4	1	0
221140	1	1	1
221140	4	1	0
221140	3	0	0
221140	1	1	1
221140	2	0	0
221140	1	1	1
221140	1	1	1
221140	4	1	-1
221140	3	0	0
221140	4	1	0
221140	4	1	0
221140	3	0	0
221140	4	1	0
221140	4	1	-1
221140	2	0	0
221140	2	0	-1
221140	4	1	0
221140	3	0	0
221140	3	0	0
221140	4	1	0
221140	4	1	0
221140	4	1	-1
221140	1	1	0
221140	2	0	-1
221140	2	0	-1
221140	3	0	0
221140	4	1	0
221140	4	1	0
221140	2	0	-1
221140	4	1	0
221140	1	1	1
221140	4	1	0
221140	4	1	0
221140	2	0	-1
221140	4	1	0
221140	1	1	1
221140	1	1	1
221140	2	0	-1
221140	2	0	-1
221140	4	1	0
221140	2	0	-1
221140	3	0	0
221140	2	0	0
221140	3	0	0
221140	2	0	-1
221140	3	0	0
221140	1	1	1
221140	1	1	1
221140	2	0	-1
221140	2	0	-1
221140	1	1	1
221140	4	1	-1
221140	2	0	0
221140	2	0	-1
221140	2	0	-1
221140	3	1	-1
221140	3	0	1
221140	2	0	-1
221140	1	1	1
221140	3	1	-1
221140	2	0	-1
221140	2	0	-1
221140	3	0	0
221140	1	1	1
221140	2	0	-1
221140	1	1	1
221140	4	0	1
221140	2	0	0
221140	2	0	0
221140	2	0	0
221140	1	1	1
221140	4	1	-1
221140	2	0	0
221140	1	1	0
221140	4	0	1
221140	2	0	-1
221140	2	0	-1
221140	3	0	0
221140	3	0	0
221140	4	1	0
221140	2	0	-1
221140	2	0	-1
221140	3	0	0
221140	4	1	0
221140	3	0	0
221140	3	0	0
221140	2	0	-1
221140	3	0	0
221140	1	1	1
221140	3	0	0
221140	1	1	0
221140	1	1	1
221140	3	0	0
221140	3	0	1
221140	1	1	1
221140	1	1	0
221140	1	1	1
221140	3	0	0
221140	1	1	1
221140	3	0	0
221140	1	1	1
221140	3	0	0
221140	3	0	0
221140	4	1	-1
221140	2	0	-1
221140	2	0	0
221140	4	1	-1
221140	2	0	-1
221140	1	1	1
221140	2	0	-1
221140	2	0	-1
221140	1	1	1
221140	4	0	0
221140	2	0	-1
221140	1	1	1
221140	3	0	0
221140	1	1	1
221140	3	0	1
221140	1	1	1
221140	1	1	1
221140	4	1	-1
221140	2	0	-1
221140	4	1	0
221140	4	1	0
221140	3	0	0
221140	4	1	0
221140	4	1	0
221140	1	1	1
221140	2	0	-1
221140	4	1	0
221140	2	0	-1
221140	2	0	0
221140	4	1	0
221140	2	0	-1
221140	4	0	1
221140	4	1	-1
221140	4	1	-1
221140	2	0	-1
221140	1	1	0
221140	1	1	1
221140	4	1	-1
221140	4	1	0
221151	2	1	0
221151	1	1	1
221151	3	0	1
221151	3	0	1
221151	4	0	1
221151	3	0	0
221151	1	1	1
221151	3	0	0
221151	3	0	1
221151	3	0	1
221151	1	1	1
221151	4	0	1
221151	1	1	1
221151	4	0	1
221151	2	1	0
221151	4	0	1
221151	3	0	0
221151	1	1	0
221151	4	0	1
221151	2	1	0
221151	1	1	1
221151	2	1	0
221151	2	1	0
221151	1	1	1
221151	1	1	1
221151	3	0	0
221151	1	1	1
221151	4	0	1
221151	3	0	0
221151	1	1	1
221151	3	0	0
221151	3	0	0
221151	2	1	1
221151	3	0	0
221151	4	0	0
221151	1	1	0
221151	3	0	0
221151	1	1	1
221151	3	0	0
221151	2	1	0
221151	4	0	1
221151	3	1	0
221151	1	1	1
221151	1	1	1
221151	3	0	0
221151	1	1	1
221151	3	0	0
221151	3	0	0
221151	3	0	0
221151	4	0	1
221151	4	0	0
221151	1	1	1
221151	1	1	1
221151	1	1	1
221151	1	1	1
221151	3	0	1
221151	4	0	1
221151	2	1	0
221151	2	1	0
221151	1	1	1
221151	4	0	1
221151	1	1	1
221151	2	1	0
221151	3	1	-1
221151	3	0	0
221151	1	1	0
221151	1	1	1
221151	1	1	1
221151	3	0	0
221151	1	1	1
221151	3	0	0
221151	3	0	0
221151	1	1	1
221151	3	0	1
221151	3	0	0
221151	2	1	0
221151	2	1	0
221151	4	0	1
221151	4	0	1
221151	4	0	1
221151	2	1	0
221151	1	1	1
221151	2	0	-1
221151	1	1	0
221151	4	0	1
221151	1	1	1
221151	1	1	0
221151	3	0	1
221151	2	1	0
221151	1	0	0
221151	1	0	0
221151	4	1	0
221151	3	1	0
221151	4	0	1
221151	3	1	-1
221151	1	0	0
221151	4	1	-1
221151	2	1	0
221151	1	1	1
221151	3	0	0
221151	3	0	1
221151	4	0	1
221151	2	1	0
221151	1	1	1
221151	2	1	0
221151	4	0	1
221151	4	0	1
221151	2	1	0
221151	2	1	0
221151	1	1	1
221151	4	0	1
221151	3	0	1
221151	1	1	1
221151	2	1	0
221151	4	0	1
221151	4	0	1
221151	4	0	1
221151	2	0	-1
221151	4	0	0
221151	3	0	0
221151	2	1	0
221151	3	0	0
221151	1	1	0
221151	2	1	0
221151	1	1	1
221151	3	0	0
221151	3	0	0
221151	3	1	-1
221151	3	0	1
221151	4	0	1
221151	2	1	0
221151	2	1	0
221151	3	0	0
221151	1	1	0
221151	1	1	1
221151	2	1	0
221151	4	0	1
221151	4	0	1
221151	2	1	0
221151	4	0	0
221151	1	1	0
221151	4	0	1
221151	3	0	0
221151	4	0	1
221151	2	1	0
221151	2	1	0
221151	3	0	1
221151	1	1	0
221151	2	1	0
221151	3	0	0
221151	3	0	0
221151	1	1	0
221151	1	1	0
221151	1	1	0
221151	2	1	0
221151	4	0	1
221151	4	0	1
221151	3	1	-1
221151	1	1	0
221151	3	0	0
221151	4	0	1
221151	3	0	1
221151	1	1	1
221151	2	1	0
221151	2	1	0
221151	1	1	0
221151	3	0	0
221151	1	1	1
221151	2	1	0
221151	2	1	0
221151	4	0	1
221151	1	1	1
221151	3	0	1
221151	4	0	1
221151	4	0	1
221151	4	0	0
221151	3	0	0
221151	2	1	0
221151	2	1	0
221151	2	1	0
221151	3	0	1
221151	1	1	1
221151	2	1	1
221151	2	1	0
221151	4	0	1
221151	1	1	1
221151	2	1	0
221151	2	1	0
221151	2	1	0
221151	2	1	0
221151	3	0	1
221151	4	0	1
221151	4	0	1
221151	2	1	1
221151	2	1	1
221151	2	1	0
221151	3	0	0
221151	2	1	0
221151	2	1	0
221151	2	1	0
221151	4	0	1
221151	4	0	1
221151	4	0	0
221151	4	0	1
221151	1	1	1
221151	2	1	0
221151	1	1	0
221151	2	1	0
221151	3	0	0
221151	4	0	0
221151	4	0	1
221151	4	0	1
221151	2	1	0
221151	1	1	1
221151	3	0	0
221151	4	0	1
221151	4	0	1
221151	1	1	1
221151	4	0	1
221151	2	1	0
221151	1	1	1
221151	1	1	0
221151	1	1	1
221151	4	0	1
221151	2	1	0
221151	3	0	0
221151	4	0	1
221151	1	1	1
221151	3	0	1
221151	2	1	0
221151	4	0	0
221151	4	0	1
221151	4	0	0
221151	4	0	1
221151	4	0	1
221151	2	1	1
221151	4	0	1
221151	3	0	0
221151	2	1	0
221151	2	1	0
221151	4	0	1
221151	4	0	1
221151	3	0	0
221151	2	1	1
221151	3	0	0
221151	2	1	0
221151	1	1	0
221151	4	0	1
221151	4	0	1
221151	2	1	0
221151	3	0	1
221151	4	0	1
221151	4	0	1
221151	4	0	0
221151	3	0	0
221151	4	0	1
221151	4	0	1
221151	4	0	1
221151	1	1	1
221151	4	0	1
221151	3	0	0
221151	4	0	1
221151	1	1	1
221151	1	1	0
221151	2	1	1
221151	3	0	0
221151	3	0	0
221151	3	0	0
221151	2	1	0
221151	3	0	1
221151	2	1	1
221151	2	1	0
221151	4	0	1
221151	4	0	1
221151	3	0	0
221151	1	1	1
221151	2	1	0
221151	4	0	1
221151	4	0	1
221151	2	1	1
221151	4	0	0
221151	4	0	1
221151	4	0	1
221151	4	0	1
221151	1	1	0
221151	3	0	0
221151	4	0	0
221151	4	0	1
221151	2	1	0
221151	4	0	1
221151	2	1	0
221151	2	1	0
221151	4	0	1
221151	2	1	0
221151	4	0	1
221151	4	0	1
221151	1	1	1
221151	4	0	0
221151	3	0	0
221151	4	0	1
221151	4	0	1
221151	4	0	1
221151	4	0	1
221151	4	0	0
221151	2	1	0
221151	4	0	1
221151	4	0	1
221151	4	0	1
221151	1	1	1
221151	4	0	1
221151	4	0	1
221151	2	1	1
221151	3	0	1
221151	1	1	1
221151	3	0	0
221151	2	1	0
221151	4	0	1
221151	4	0	1
221151	1	1	1
221151	1	1	0
221217	3	0	1
221217	3	0	0
221217	3	0	0
221217	3	0	1
221217	3	0	0
221217	1	1	1
221217	1	1	0
221217	1	1	1
221217	1	1	1
221217	3	0	0
221217	3	0	0
221217	4	0	1
221217	1	1	1
221217	3	0	1
221217	3	0	0
221217	3	0	0
221217	1	1	1
221217	3	0	0
221217	2	1	0
221217	3	0	1
221217	1	1	1
221217	1	1	1
221217	1	1	1
221217	1	1	1
221217	1	1	1
221217	4	0	1
221217	4	0	0
221217	3	0	0
221217	3	0	1
221217	1	1	0
221217	3	0	0
221217	1	1	1
221217	2	1	0
221217	1	1	1
221217	4	0	1
221217	4	0	1
221217	2	1	0
221217	4	0	1
221217	1	1	1
221217	1	1	1
221217	3	0	0
221217	4	0	1
221217	1	1	1
221217	1	1	1
221217	3	0	0
221217	4	0	1
221217	1	1	1
221217	2	1	0
221217	1	1	1
221217	4	0	1
221217	1	1	1
221217	2	1	0
221217	1	1	1
221217	2	1	0
221217	2	1	1
221217	4	0	1
221217	4	0	1
221217	2	1	0
221217	2	1	1
221217	4	0	0
221217	2	1	1
221217	3	0	1
221217	1	1	1
221217	3	0	0
221217	2	1	0
221217	4	0	1
221217	2	0	-1
221217	1	1	0
221217	1	1	0
221217	1	0	0
221217	2	1	1
221217	1	1	1
221217	2	1	0
221217	2	1	0
221217	4	0	1
221217	4	0	1
221217	1	1	0
221217	2	1	0
221217	1	1	1
221217	2	1	0
221217	4	0	0
221217	4	0	1
221217	2	1	0
221217	4	0	1
221217	3	0	0
221217	1	1	1
221217	3	0	0
221217	4	0	0
221217	2	1	0
221217	3	0	0
221217	1	1	0
221217	1	0	0
221217	2	0	-1
221217	3	1	0
221217	3	0	1
221217	3	0	0
221217	3	1	-1
221217	2	1	0
221217	1	0	0
221217	1	1	1
221217	3	1	-1
221217	4	1	0
221217	2	0	-1
221217	1	1	1
221217	4	1	0
221217	3	1	-1
221217	2	0	-1
221217	2	1	1
221217	1	1	1
221217	1	1	0
221217	3	0	0
221217	2	1	0
221217	3	1	-1
221217	4	1	0
221217	2	1	0
221217	3	0	1
221217	2	0	-1
221217	1	1	1
221217	4	1	0
221217	3	1	-1
221217	4	1	0
221217	4	1	0
221217	4	1	0
221217	3	1	-1
221217	2	1	0
221217	3	0	0
221217	2	0	-1
221217	1	1	1
221217	3	1	-1
221217	2	1	0
221217	2	0	-1
221217	3	1	-1
221217	4	1	0
221217	4	0	1
221217	3	1	0
221217	4	0	1
221217	2	0	-1
221217	3	0	1
221217	1	1	0
221217	4	0	1
221217	1	0	0
221217	1	1	1
221217	4	0	1
221217	1	1	1
221217	2	1	1
221217	3	0	1
221217	1	1	1
221217	4	0	1
221217	2	0	-1
221217	4	0	0
221217	1	1	1
221217	3	1	-1
221217	4	1	0
221217	1	1	1
221217	3	0	0
221217	2	1	0
221217	2	1	0
221217	4	0	1
221217	4	0	0
221217	3	0	0
221217	4	0	1
221217	2	1	0
221217	4	0	1
221217	4	1	0
221217	1	1	1
221217	2	1	0
221217	1	1	1
221217	1	1	1
221217	1	1	1
221217	4	0	1
221217	3	0	0
221217	4	0	1
221217	1	1	1
221217	3	0	1
221217	3	0	0
221217	4	0	0
221217	4	0	1
221217	4	0	1
221217	2	1	1
221217	2	1	1
221217	4	0	0
221217	1	1	1
221217	4	0	1
221217	4	0	0
221217	4	0	1
221217	1	1	1
221217	2	1	0
221217	1	1	0
221217	4	1	0
221217	4	0	1
221217	2	1	0
221217	4	0	1
221217	2	1	0
221217	4	0	1
221217	3	0	0
221217	2	1	0
221217	4	0	1
221217	4	0	1
221217	2	1	0
221217	4	0	1
221217	4	0	1
221217	1	1	1
221217	4	0	0
221217	4	0	1
221217	4	0	1
221217	4	0	0
221217	4	0	1
221217	4	0	0
221217	4	0	1
221217	3	0	0
221217	4	0	1
221217	4	1	0
221217	2	1	0
221217	3	0	0
221217	3	0	0
221217	4	0	1
221217	3	0	0
221217	4	0	0
221217	2	1	0
221217	4	0	1
221217	1	1	1
221217	2	1	0
221217	2	1	0
221217	2	1	0
221217	2	1	0
221217	3	0	0
221217	4	0	1
221217	4	0	1
221217	4	0	1
221217	4	0	0
221217	3	1	-1
221217	4	0	1
221217	4	0	1
221217	2	1	0
221217	3	0	0
221217	2	1	0
221217	4	0	1
221217	2	1	0
221217	1	1	1
221217	4	0	1
221217	4	0	1
221217	4	0	1
221217	2	1	1
221217	3	0	0
221217	4	0	1
221217	4	0	1
221217	2	1	1
221217	4	0	1
221217	2	1	0
221217	2	1	0
221217	2	1	0
221217	3	0	0
221217	2	1	0
221217	3	0	0
221217	4	0	1
221217	4	0	1
221217	3	0	0
221217	4	0	0
221217	2	1	0
221217	4	0	1
221217	2	1	0
221217	3	0	0
221217	4	0	0
221217	3	0	1
221217	4	1	0
221217	2	1	1
221217	4	0	1
221217	2	1	0
221217	4	1	-1
221217	4	0	1
221217	4	0	1
221217	4	0	1
221217	4	0	0
221217	1	1	1
221217	3	1	-1
221217	1	1	1
221217	1	1	1
221217	2	1	0
221217	4	0	1
221217	1	1	1
221217	3	0	0
221217	1	1	1
221217	2	1	0
221217	4	1	0
221217	2	1	0
221217	4	0	1
221217	3	0	0
221217	4	0	1
221217	1	1	1
221217	1	1	1
221217	1	1	1
221217	3	0	0
221217	3	0	0
221217	2	1	0
221217	3	0	0
221217	1	1	1
221217	2	1	0
221217	3	0	0
221217	3	0	0
221217	2	1	0
221217	3	0	0
221217	2	1	0
221217	1	1	1
221217	3	1	-1
221217	2	1	0
221217	4	0	1
221217	2	1	0
221217	1	1	1
221217	1	1	1
221217	3	0	0
221217	4	0	0
221217	1	1	1
221217	2	1	0
221217	1	1	0
221217	3	0	0
221217	2	1	0
221217	2	1	1
221217	4	0	1
221217	3	0	0
221217	1	1	0
230081	3	0	0
230081	2	1	0
230081	2	1	0
230081	2	1	0
230081	2	1	0
230081	2	1	0
230081	2	1	0
230081	2	1	1
230081	4	0	1
230081	2	1	1
230081	4	0	1
230081	4	0	1
230081	4	0	1
230081	4	0	1
230081	4	0	1
230081	4	0	1
230081	3	0	0
230081	4	0	1
230081	1	1	1
230081	2	1	0
230081	4	0	1
230081	1	1	1
230081	2	1	0
230081	3	0	1
230081	2	1	0
230081	2	1	1
230081	2	1	0
230081	2	1	0
230081	3	0	0
230081	3	0	0
230081	1	1	0
230081	2	0	-1
230081	4	1	0
230081	4	1	-1
230081	3	1	-1
230081	4	0	1
230081	4	0	1
230081	3	0	1
230081	4	0	1
230081	2	1	0
230081	2	1	0
230081	2	1	1
230081	3	0	1
230081	4	1	0
230081	2	1	0
230081	2	1	1
230081	2	1	0
230081	2	1	0
230081	1	1	1
230081	4	0	1
230081	2	1	1
230081	4	0	1
230081	4	0	0
230081	3	0	0
230081	2	1	0
230081	2	1	0
230081	2	1	0
230081	1	1	1
230081	2	1	0
230081	2	1	1
230081	1	1	1
230081	2	0	-1
230081	2	1	0
230081	4	0	0
230081	1	1	1
230081	4	0	0
230081	4	0	1
230081	2	1	0
230081	3	0	0
230081	4	0	0
230081	3	0	0
230081	1	1	1
230081	2	1	0
230081	1	1	1
230081	4	0	1
230081	3	0	1
230081	2	1	0
230081	1	1	1
230081	2	0	-1
230081	2	1	0
230081	1	1	1
230081	4	0	1
230081	2	1	1
230081	4	0	0
230081	4	0	1
230081	2	1	1
230081	3	0	1
230081	4	0	1
230081	2	1	0
230081	2	1	0
230081	1	1	1
230081	2	1	0
230081	2	1	0
230081	4	0	1
230081	3	0	0
230081	1	1	1
230081	1	1	1
230081	1	1	1
230081	2	0	-1
230081	3	0	0
230081	2	1	0
230081	1	1	1
230081	1	1	1
230081	1	1	0
230081	3	0	0
230081	1	1	1
230081	3	0	0
230081	3	0	0
230081	1	1	1
230081	3	0	0
230081	1	1	1
230081	1	1	1
230081	3	0	1
230081	4	0	1
230081	3	0	0
230081	3	0	0
230081	3	0	0
230081	1	1	1
230081	4	0	1
230081	3	0	0
230081	3	0	0
230081	1	1	0
230081	3	0	0
230081	1	1	1
230081	3	0	1
230081	1	1	1
230081	2	1	0
230081	3	0	0
230081	2	1	0
230081	3	0	0
230081	1	1	1
230081	3	0	0
230081	1	1	1
230081	3	0	0
230081	4	0	1
230081	2	1	1
230081	2	1	0
230081	1	1	1
230081	1	1	1
230081	2	1	0
230081	3	0	0
230081	2	1	1
230081	2	1	0
230081	2	1	0
230081	2	1	1
230081	2	1	1
230081	2	1	0
230081	2	1	0
230081	3	0	1
230081	4	0	1
230081	2	1	0
230081	4	0	1
230081	1	1	1
230081	1	1	1
230081	3	0	0
230081	4	1	0
230081	2	1	0
230081	3	0	0
230081	1	1	1
230081	3	0	0
230081	2	1	0
230081	2	1	1
230081	1	1	1
230081	4	0	1
230081	2	0	0
230081	1	1	0
230081	4	0	1
230081	4	0	1
230081	4	0	1
230081	4	1	0
230081	2	1	0
230081	3	0	0
230081	2	1	0
230081	4	1	0
230081	2	1	0
230081	1	1	1
230081	3	0	0
230081	3	0	0
230081	3	0	0
230081	4	1	0
230081	2	1	0
230081	3	0	0
230081	1	1	1
230081	4	1	0
230081	4	1	0
230081	1	1	0
230081	1	1	0
230081	1	1	1
230081	3	0	0
230081	3	0	0
230081	4	1	0
230081	3	0	0
230081	4	1	0
230081	3	0	1
230081	3	0	0
230081	2	1	0
230081	4	1	-1
230081	2	1	0
230081	4	0	1
230081	4	0	1
230081	2	1	0
230081	4	0	1
230081	4	0	1
230081	2	1	0
230081	2	1	0
230081	2	1	1
230081	2	1	1
230081	3	0	0
230081	4	0	1
230081	4	0	1
230081	3	0	0
230081	1	1	1
230081	3	1	-1
230081	4	0	1
230081	2	1	0
230081	2	1	0
230081	2	1	1
230081	1	1	0
230081	4	1	-1
230081	2	1	1
230081	4	0	1
230081	1	1	1
230081	2	1	1
230081	2	1	0
230081	2	1	1
230081	2	1	1
230081	4	0	1
230081	2	1	0
230081	3	0	0
230081	2	1	0
230081	4	0	1
230081	2	1	0
230081	4	0	1
230081	1	1	1
230081	2	1	1
230081	4	0	0
230081	4	0	1
230081	2	1	1
230081	2	1	0
230081	4	1	0
230081	3	0	0
230081	1	1	1
230081	4	0	1
230081	2	1	0
230081	2	1	0
230081	4	1	0
230081	1	1	1
230081	4	0	1
230081	3	0	0
230081	2	1	1
230081	1	1	1
230081	2	1	0
230081	2	1	0
230081	4	0	1
230081	2	1	1
230081	2	1	0
230081	3	0	0
230081	3	0	0
230081	4	0	1
230081	2	0	-1
230081	4	1	0
230081	2	1	0
230081	1	1	1
230081	2	1	0
230081	4	1	0
230081	3	1	-1
230081	4	0	0
230081	2	1	0
230081	1	1	1
230081	3	0	1
230081	4	1	0
230081	3	1	-1
230081	4	1	0
230081	1	1	0
230081	2	1	0
230081	1	1	1
230081	2	0	0
230081	4	0	1
230081	3	0	0
230081	1	1	0
230081	1	1	1
230081	1	1	1
230081	1	1	1
230081	2	1	0
230081	4	0	1
230081	4	0	1
230081	2	1	0
230081	3	0	0
230081	1	1	1
230081	4	0	0
230081	4	0	1
230081	3	0	0
230081	4	0	0
230081	3	0	1
230081	1	1	0
230081	3	0	0
230081	2	1	0
230081	3	0	1
230081	3	0	0
230081	3	0	0
230081	1	1	1
230081	3	0	0
230081	4	0	1
230081	3	0	0
230081	1	1	1
230081	2	1	0
230081	2	1	0
230081	3	0	1
230081	4	0	1
230081	3	0	0
230081	2	1	0
230081	1	1	1
230081	1	1	1
230081	1	1	0
230081	1	1	1
230081	2	1	1
230081	3	0	1
230081	2	1	1
230081	3	0	0
230081	1	1	1
230081	1	1	1
230081	4	0	1
230081	3	0	0
230081	1	1	1
230081	2	1	0
230081	3	0	0
230081	2	1	1
230081	1	1	0
230081	1	1	0
230081	4	0	1
230081	3	0	0
230081	4	0	1
230081	2	1	0
230081	4	0	1
230081	3	0	0
230081	1	1	0
230081	3	0	1
230081	3	0	0
230081	1	1	1
230081	2	1	1
230081	3	0	0
230081	3	0	0
230081	1	1	1
230081	2	1	0
230081	2	1	0
230081	2	1	0
230081	4	0	0
230081	2	1	0
230081	3	1	0
230081	2	0	0
230081	1	1	1
230081	4	1	0
230081	4	1	0
230081	3	0	0
230081	3	1	-1
230081	4	1	0
230081	3	1	-1
230081	2	1	0
230081	3	1	-1
230081	1	1	0
230081	1	1	0
230081	1	1	1
230081	1	1	0
230081	1	1	0
230081	2	0	-1
230081	3	1	-1
230081	1	1	1
230081	4	1	0
230081	1	1	1
230081	3	0	0
230081	2	1	1
230081	2	0	0
230081	1	1	1
230081	4	1	0
230081	1	0	0
230081	1	1	0
230081	1	0	-1
230081	4	1	0
230081	3	0	0
230081	2	1	1
230081	3	0	0
230081	1	1	1
230081	1	1	1
230081	4	1	0
230081	4	0	0
230081	1	1	1
230081	2	0	0
230081	2	1	1
230081	1	1	1
230081	1	1	1
230081	4	0	1
230081	1	1	0
230081	2	1	0
230081	2	1	0
230081	1	1	1
230081	4	0	1
230081	4	0	1
230081	2	1	0
230081	3	1	-1
230081	3	1	-1
230118	3	0	0
230118	2	0	0
230118	4	1	-1
230118	2	0	-1
230118	1	1	0
230118	1	1	0
230118	1	1	1
230118	2	0	0
230118	3	0	0
230118	4	1	0
230118	4	1	-1
230118	1	1	1
230118	4	1	-1
230118	4	1	0
230118	1	1	1
230118	2	1	0
230118	4	1	0
230118	4	1	0
230118	4	1	0
230118	2	1	0
230118	3	0	0
230118	1	1	1
230118	3	0	0
230118	1	1	1
230118	1	1	1
230118	1	1	1
230118	4	1	0
230118	1	1	1
230118	3	0	0
230118	3	0	0
230118	3	0	0
230118	3	0	0
230118	3	0	0
230118	3	0	0
230118	3	0	0
230118	3	0	1
230118	4	1	0
230118	3	0	1
230118	3	0	1
230118	1	1	1
230118	2	0	0
230118	1	1	1
230118	3	0	1
230118	3	0	0
230118	3	0	1
230118	2	0	-1
230118	1	1	1
230118	3	1	-1
230118	1	1	1
230118	3	0	0
230118	4	1	0
230118	3	0	0
230118	4	1	-1
230118	2	0	-1
230118	4	1	0
230118	2	0	-1
230118	3	0	0
230118	4	1	0
230118	3	0	1
230118	1	1	0
230118	1	1	1
230118	3	0	0
230118	4	1	0
230118	2	1	0
230118	3	0	0
230118	2	0	-1
230118	3	1	-1
230118	2	1	0
230118	2	1	0
230118	1	1	1
230118	4	1	0
230118	4	1	-1
230118	3	1	-1
230118	2	1	0
230118	3	1	0
230118	4	1	0
230118	3	1	-1
230118	4	1	0
230118	4	1	-1
230118	1	1	1
230118	1	1	0
230118	1	1	1
230118	4	1	-1
230118	1	1	0
230118	3	0	0
230118	3	0	0
230118	4	1	0
230118	2	0	-1
230118	4	1	0
230118	4	1	0
230118	1	1	0
230118	4	1	-1
230118	4	1	0
230118	2	0	-1
230118	1	1	1
230118	2	0	0
230118	4	1	0
230118	3	0	1
230118	1	1	1
230118	3	0	1
230118	2	0	0
230118	3	0	0
230118	2	0	-1
230118	1	1	1
230118	1	1	1
230118	1	1	1
230118	3	0	0
230118	2	0	-1
230118	3	0	0
230118	3	0	0
230118	2	0	-1
230118	4	1	0
230118	2	0	-1
230118	4	1	0
230118	1	1	1
230118	1	1	1
230118	4	1	0
230118	1	1	1
230118	1	1	0
230118	3	0	0
230118	3	0	0
230118	2	0	-1
230118	3	0	0
230118	1	1	1
230118	4	1	0
230118	4	1	0
230118	4	1	0
230118	1	1	0
230118	1	1	1
230118	1	1	1
230118	2	0	-1
230118	2	0	-1
230118	2	0	0
230118	2	0	-1
230118	2	0	-1
230118	4	1	-1
230118	2	0	-1
230118	1	1	1
230118	3	0	0
230118	3	0	0
230118	2	0	0
230118	4	1	0
230118	1	1	1
230118	2	0	0
230118	1	1	1
230118	2	0	-1
230118	2	0	0
230118	4	1	-1
230118	3	0	1
230118	1	1	1
230118	2	0	-1
230118	2	0	-1
230118	4	1	-1
230118	1	1	1
230118	2	0	-1
230118	4	1	0
230118	3	0	0
230118	2	0	-1
230118	2	0	-1
230118	2	0	-1
230118	4	1	0
230118	2	0	-1
230118	1	1	1
230118	4	1	0
230118	1	1	1
230118	1	1	1
230118	2	0	0
230118	2	0	-1
230118	2	0	-1
230118	4	1	0
230118	2	0	-1
230118	2	0	-1
230118	4	1	0
230118	4	1	0
230118	4	1	-1
230118	2	0	0
230118	4	1	0
230118	2	0	-1
230118	3	0	1
230118	4	1	0
230118	4	1	-1
230118	3	0	0
230118	2	0	-1
230118	3	0	0
230118	2	0	-1
230118	1	1	1
230118	2	0	-1
230118	4	1	0
230118	3	0	0
230118	2	0	-1
230118	3	0	0
230118	4	1	0
230118	2	0	0
230118	1	1	1
230118	1	1	1
230118	3	0	0
230118	3	0	0
230118	1	1	1
230118	2	0	-1
230118	2	0	-1
230118	4	1	0
230118	3	0	1
230118	4	1	-1
230118	4	1	0
230118	1	1	1
230118	2	0	0
230118	2	0	-1
230118	2	0	-1
230118	2	0	-1
230118	2	0	-1
230118	1	1	1
230118	4	1	0
230118	4	1	-1
230118	3	0	0
230118	2	0	-1
230118	4	1	0
230118	1	1	1
230118	4	0	1
230118	4	1	-1
230118	3	0	0
230118	2	1	0
230118	4	1	-1
230118	2	0	0
230118	3	0	0
230118	4	1	0
230118	4	1	0
230118	1	1	1
230118	4	1	0
230118	4	1	0
230118	1	1	0
230118	4	1	-1
230118	2	0	-1
230118	2	0	-1
230118	4	1	0
230118	4	1	0
230118	4	1	-1
230118	4	1	0
230118	3	0	0
230118	4	1	0
230118	4	1	0
230118	2	0	-1
230118	2	0	-1
230118	3	0	1
230118	4	1	0
230118	4	1	-1
230118	1	1	1
230118	4	1	0
230118	4	1	0
230118	4	1	0
230118	4	1	-1
230118	2	0	-1
230118	2	0	-1
230118	4	1	0
230118	4	1	0
230118	4	1	0
230118	1	1	1
230118	2	0	-1
230118	4	1	0
230118	2	0	-1
230118	3	0	1
230118	3	0	0
230118	1	1	0
230118	1	1	1
230118	4	1	0
230118	4	1	-1
230118	4	1	0
230118	4	1	0
230118	4	1	0
230118	4	1	-1
230118	4	1	0
230118	3	0	0
230118	4	1	0
230118	3	0	0
230118	2	0	0
230118	3	0	0
230118	2	0	-1
230118	3	0	0
230118	2	0	-1
230118	4	1	-1
230118	4	1	0
230118	3	0	0
230118	4	1	0
230118	3	0	0
230118	4	1	0
230118	3	0	1
230118	1	1	1
230118	4	1	0
230118	1	1	1
230118	4	1	-1
230118	2	0	-1
230118	4	1	0
230118	4	1	0
230118	2	0	-1
230118	1	1	1
230118	4	0	1
230118	2	0	-1
230118	4	1	0
230118	1	1	1
230118	2	0	-1
230118	4	1	0
230118	1	1	0
230118	4	1	0
230118	1	1	0
230118	1	1	1
230118	4	1	0
230118	4	1	0
230118	3	0	0
230118	4	1	0
230118	3	0	0
230118	4	1	-1
230118	4	1	0
230118	2	1	0
230118	2	0	-1
230118	4	1	0
230118	4	1	-1
230118	2	0	0
230118	1	1	0
230118	4	1	-1
230118	1	1	1
230118	4	1	0
230118	3	0	0
230118	3	0	0
230118	4	1	-1
230118	4	1	-1
230118	4	1	-1
230118	4	1	0
230118	4	1	0
230118	2	1	0
230118	2	0	-1
230118	3	0	0
230118	1	1	1
230118	4	1	0
230118	3	0	0
230118	3	0	0
230118	3	0	0
230118	1	1	1
230118	3	0	1
230118	2	0	-1
230118	2	0	-1
230118	1	1	1
230118	4	1	0
230118	1	1	0
230118	4	1	0
230118	3	1	-1
230118	2	0	-1
230118	1	1	1
230118	4	1	0
230118	2	0	-1
230118	1	1	0
230118	1	1	1
230118	3	0	0
230118	1	1	1
230118	1	1	1
230118	1	1	1
230118	4	1	-1
230118	2	0	-1
230118	2	0	-1
230118	3	0	0
230118	3	0	0
230118	3	0	0
230118	3	0	0
230118	3	0	0
230118	3	0	0
230118	2	0	0
230118	3	0	0
230118	1	1	1
230118	3	0	0
230118	2	0	-1
230118	1	1	1
230118	1	1	1
230118	3	0	0
230118	2	0	-1
230118	4	1	0
230118	1	1	1
230118	1	1	1
230118	4	1	-1
230118	3	0	0
230118	1	1	1
230118	1	1	1
230118	3	0	0
230118	2	0	-1
230118	4	1	0
230118	4	1	0
230118	2	0	-1
230118	4	1	0
230118	4	1	-1
230118	1	1	1
230118	2	0	0
230118	4	1	0
230118	1	1	1
230118	1	1	1
230118	2	0	-1
230118	1	1	0
230118	1	1	1
230118	1	1	1
230118	3	0	0
230118	1	1	1
230118	1	1	1
230118	3	0	1
230118	3	0	0
230227	2	1	0
230227	4	0	1
230227	4	0	0
230227	3	0	1
230227	4	0	1
230227	3	0	0
230227	1	1	1
230227	4	0	1
230227	4	0	1
230227	4	0	1
230227	2	1	0
230227	4	0	1
230227	2	1	0
230227	4	0	1
230227	3	0	1
230227	1	1	1
230227	3	0	0
230227	4	0	1
230227	4	0	0
230227	1	1	0
230227	4	0	1
230227	4	0	1
230227	4	0	1
230227	4	0	1
230227	2	0	-1
230227	3	0	0
230227	3	0	0
230227	3	0	0
230227	1	1	1
230227	2	1	0
230227	4	0	0
230227	4	0	1
230227	4	0	1
230227	3	0	0
230227	2	1	1
230227	4	0	1
230227	1	1	1
230227	2	1	1
230227	4	0	1
230227	2	1	0
230227	3	0	0
230227	4	0	1
230227	2	1	0
230227	4	0	1
230227	3	0	1
230227	4	0	1
230227	4	0	0
230227	3	0	0
230227	1	1	1
230227	2	1	0
230227	2	1	0
230227	2	1	1
230227	3	0	0
230227	4	0	0
230227	4	0	1
230227	1	1	0
230227	2	1	0
230227	4	0	1
230227	4	0	1
230227	3	0	0
230227	3	0	0
230227	2	1	0
230227	2	1	0
230227	1	1	1
230227	1	1	1
230227	4	0	1
230227	2	0	-1
230227	1	1	1
230227	2	1	0
230227	4	0	1
230227	1	1	1
230227	3	0	0
230227	4	0	1
230227	1	1	1
230227	2	1	0
230227	4	0	1
230227	2	1	0
230227	2	1	0
230227	4	0	1
230227	2	1	0
230227	3	0	0
230227	3	0	0
230227	3	0	0
230227	1	1	1
230227	1	1	1
230227	1	1	0
230227	1	1	1
230227	1	1	1
230227	2	1	0
230227	2	1	0
230227	2	1	0
230227	3	0	0
230227	2	1	1
230227	1	1	1
230227	1	1	1
230227	1	1	1
230227	2	1	0
230227	3	0	1
230227	4	0	1
230227	1	1	0
230227	4	0	1
230227	1	1	1
230227	3	0	0
230227	4	0	1
230227	1	1	1
230227	3	0	0
230227	2	1	0
230227	3	0	1
230227	3	0	0
230227	1	1	1
230227	3	0	0
230227	3	0	0
230227	2	1	0
230227	3	0	0
230227	4	0	1
230227	1	1	1
230227	4	0	1
230227	2	1	1
230227	4	0	1
230227	4	0	1
230227	4	0	0
230227	3	0	1
230227	1	1	0
230227	1	1	0
230227	4	0	0
230227	3	0	1
230227	3	0	1
230227	2	1	0
230227	3	0	1
230227	2	1	0
230227	3	0	0
230227	3	0	0
230227	4	0	0
230227	4	0	0
230227	4	0	1
230227	4	0	0
230227	1	1	1
230227	2	1	1
230227	4	0	1
230227	2	1	0
230227	1	1	1
230227	3	0	0
230227	2	1	0
230227	1	1	1
230227	4	0	1
230227	4	0	1
230227	4	0	1
230227	2	1	0
230227	4	0	1
230227	2	1	0
230227	3	0	0
230227	1	1	1
230227	2	1	0
230227	1	1	1
230227	4	0	1
230227	4	0	1
230227	2	1	0
230227	4	0	1
230227	2	1	1
230227	4	1	-1
230227	3	0	0
230227	4	0	1
230227	2	1	0
230227	2	1	0
230227	4	0	1
230227	4	0	1
230227	4	0	1
230227	2	1	0
230227	4	0	1
230227	4	0	1
230227	4	0	1
230227	3	0	0
230227	2	1	0
230227	4	0	0
230227	2	1	0
230227	2	1	0
230227	3	0	0
230227	2	1	0
230227	2	1	1
230227	1	1	0
230227	4	0	1
230227	2	1	0
230227	4	0	1
230227	4	0	1
230227	2	1	0
230227	3	0	1
230227	2	1	1
230227	1	1	1
230227	3	0	0
230227	1	1	1
230227	4	0	1
230227	2	1	1
230227	2	1	0
230227	1	1	1
230227	4	0	1
230227	4	0	1
230227	1	1	1
230227	1	1	1
230227	3	0	0
230227	2	1	1
230227	4	0	1
230227	1	1	1
230227	2	1	0
230227	1	1	1
230227	2	1	0
230227	4	0	1
230227	4	0	1
230227	3	0	0
230227	2	1	0
230227	2	1	1
230227	4	0	1
230227	3	0	0
230227	3	0	0
230227	2	1	0
230227	4	0	1
230227	4	0	1
230227	4	0	1
230227	4	0	1
230227	4	0	0
230227	3	0	0
230227	3	0	0
230227	1	1	1
230227	2	1	0
230227	2	1	0
230227	4	0	1
230227	3	0	0
230227	4	0	0
230227	3	0	0
230227	2	1	0
230227	1	1	1
230227	1	1	0
230227	2	1	1
230227	2	1	0
230227	2	1	0
230227	4	0	1
230227	2	1	0
230227	1	1	1
230227	2	1	1
230227	2	1	0
230227	2	1	0
230227	4	0	0
230227	2	1	0
230227	3	0	1
230227	1	1	0
230227	4	0	1
230227	1	1	0
230227	2	1	0
230227	4	0	1
230227	4	0	1
230227	4	0	1
230227	2	1	0
230227	4	0	1
230227	4	0	1
230227	2	1	0
230227	1	1	1
230227	4	0	1
230227	1	1	1
230227	4	0	1
230227	4	0	1
230227	4	0	1
230227	1	1	1
230227	4	0	1
230227	4	0	1
230227	2	1	0
230227	3	0	0
230227	4	0	0
230227	1	1	0
230227	3	0	0
230227	4	0	1
230227	2	1	0
230227	1	1	1
230227	4	0	1
230227	1	1	0
230227	4	0	1
230227	1	1	0
230227	1	1	1
230227	2	1	0
230227	2	1	0
230227	3	0	0
230227	2	1	1
230227	1	1	1
230227	4	0	1
230227	4	0	1
230227	3	0	1
230227	4	0	1
230227	4	0	1
230227	4	0	1
230227	4	0	1
230227	4	0	1
230227	4	0	1
230227	4	0	1
230227	4	0	1
230227	3	0	0
230227	4	0	1
230227	3	0	0
230227	3	0	0
230227	3	0	1
230227	3	0	1
230227	1	1	0
230227	1	1	1
230227	1	1	1
230227	4	0	1
230227	1	1	1
230227	1	1	1
230227	1	1	0
230227	1	1	0
230227	1	1	1
230227	3	0	1
230227	1	1	1
230227	1	1	1
230227	1	1	0
230227	2	1	0
230227	1	1	1
230227	1	1	0
230227	1	1	1
230227	1	1	1
230227	3	0	0
230227	1	1	1
230227	2	1	0
230227	4	0	1
230227	1	1	1
230227	3	0	0
230227	3	0	0
230227	4	0	1
230227	1	1	1
230227	2	1	0
230227	3	0	1
230227	2	1	0
230227	3	0	1
230227	4	1	0
230227	2	1	0
230227	1	1	1
230227	3	0	0
230227	3	0	0
230227	1	1	1
230227	3	0	1
230227	3	0	0
230227	1	1	1
230227	4	0	1
230227	4	0	1
230227	2	1	0
230227	2	1	0
230227	3	0	0
230227	4	0	1
230227	2	1	0
230227	2	1	0
230227	2	1	1
230227	4	0	0
230227	3	0	0
230227	3	0	1
230227	3	0	0
230227	3	0	1
230227	3	0	0
230227	3	0	0
230227	4	0	1
230227	1	1	1
230227	1	1	1
230227	3	0	0
230227	1	1	0
230227	3	0	0
230227	3	0	0
230227	3	0	0
230227	1	1	1
230227	3	0	0
230227	3	0	1
230227	4	0	1
230227	4	0	1
230227	4	0	1
230227	2	1	1
230227	1	1	1
230227	1	1	1
230227	2	1	1
230227	1	1	1
230227	2	1	0
230227	3	0	1
230227	1	1	1
230227	1	1	1
230227	4	0	1
230227	4	0	1
230227	2	1	0
230227	3	0	1
230227	1	1	1
230227	2	1	0
230227	2	1	0
230227	1	1	1
230227	3	0	1
230227	3	0	0
230227	3	0	0
230227	2	1	0
230227	4	0	1
230227	2	1	0
230227	4	0	1
230227	4	0	1
230227	1	1	1
230227	3	0	0
230227	3	0	0
230227	3	0	1
230227	1	1	1
230227	1	1	1
230227	3	0	0
230555	3	1	-1
230555	4	1	0
230555	4	1	-1
230555	4	1	0
230555	4	1	0
230555	4	1	0
230555	2	1	0
230555	4	1	0
230555	4	1	0
230555	3	1	-1
230555	2	1	0
230555	3	1	-1
230555	1	1	0
230555	2	1	1
230555	2	1	0
230555	1	1	1
230555	4	1	0
230555	4	1	0
230555	3	1	0
230555	2	1	0
230555	3	1	0
230555	4	1	-1
230555	2	1	0
230555	2	1	0
230555	3	1	-1
230555	4	1	0
230555	1	1	1
230555	2	1	1
230555	2	1	0
230555	4	1	0
230555	3	1	-1
230555	2	1	0
230555	1	1	1
230555	4	1	0
230555	4	1	0
230555	4	1	0
230555	2	1	0
230555	4	1	0
230555	4	1	0
230555	4	1	0
230555	1	1	1
230555	4	1	0
230555	3	0	0
230555	1	1	0
230555	4	1	0
230555	3	1	-1
230555	1	1	0
230555	3	1	-1
230555	3	1	-1
230555	4	1	0
230555	1	1	1
230555	3	1	0
230555	4	1	-1
230555	4	1	0
230555	1	1	0
230555	4	1	0
230555	2	1	0
230555	3	1	-1
230555	1	1	1
230555	1	1	1
230555	2	1	0
230555	2	1	1
230555	1	1	1
230555	4	1	-1
230555	3	1	-1
230555	2	1	0
230555	3	1	0
230555	1	1	0
230555	1	1	1
230555	2	1	0
230555	3	1	0
230555	3	1	-1
230555	1	1	1
230555	1	1	1
230555	3	1	-1
230555	3	1	-1
230555	1	1	1
230555	4	1	0
230555	1	1	0
230555	3	1	-1
230555	4	1	0
230555	2	1	0
230555	1	1	1
230555	1	1	1
230555	2	1	1
230555	3	1	-1
230555	1	1	1
230555	1	1	1
230555	3	1	-1
230555	3	1	-1
230555	4	1	0
230555	2	1	0
230555	4	1	-1
230555	1	1	1
230555	1	1	1
230555	2	1	0
230555	4	1	0
230555	1	1	1
230555	1	1	1
230555	3	1	-1
230555	4	1	-1
230555	1	1	0
230555	3	1	-1
230555	1	1	1
230555	1	1	0
230555	2	1	1
230555	2	1	0
230555	2	1	0
230555	4	1	-1
230555	2	1	0
230555	2	1	0
230555	3	1	-1
230555	4	1	0
230555	3	1	0
230555	2	1	0
230555	2	1	0
230555	4	1	-1
230555	1	1	1
230555	3	1	-1
230555	2	1	0
230555	4	1	-1
230555	1	1	1
230555	4	1	0
230555	4	1	0
230555	2	1	0
230555	2	1	0
230555	2	1	1
230555	3	1	-1
230555	3	1	-1
230555	1	1	1
230555	1	1	1
230555	2	1	1
230555	4	1	0
230555	2	1	1
230555	4	1	-1
230555	3	1	-1
230555	4	1	0
230555	3	1	-1
230555	1	1	0
230555	3	1	-1
230555	2	1	0
230555	3	1	-1
230555	3	1	-1
230555	3	1	-1
230555	4	1	0
230555	1	1	1
230555	4	1	-1
230555	4	1	0
230555	3	1	-1
230555	1	1	1
230555	1	1	0
230555	4	1	-1
230555	3	1	-1
230555	3	1	-1
230555	3	1	0
230555	4	1	0
230555	4	1	-1
230555	4	1	0
230555	2	1	0
230555	1	1	1
230555	2	1	0
230555	2	1	0
230555	3	1	-1
230555	3	1	-1
230555	4	1	0
230555	4	1	0
230555	4	1	0
230555	4	1	0
230555	1	1	1
230555	3	1	-1
230555	1	1	1
230555	4	1	0
230555	3	1	0
230555	1	1	1
230555	1	1	1
230555	2	1	1
230555	2	1	0
230555	1	1	0
230555	2	1	0
230555	2	1	1
230555	4	1	0
230555	4	1	0
230555	4	1	-1
230555	2	1	1
230555	4	1	0
230555	2	1	0
230555	4	1	0
230555	2	1	0
230555	4	1	0
230555	4	1	-1
230555	2	1	0
230555	1	1	1
230555	4	1	0
230555	2	1	0
230555	2	1	1
230555	1	1	0
230555	4	1	0
230555	3	1	0
230555	3	1	-1
230555	4	1	0
230555	2	1	0
230555	2	1	0
230555	2	1	1
230555	1	1	1
230555	4	1	0
230555	4	1	0
230555	2	1	0
230555	4	1	0
230555	1	1	1
230555	3	1	-1
230555	3	1	0
230555	2	1	0
230555	4	1	0
230555	2	1	0
230555	2	1	0
230555	2	1	0
230555	2	1	1
230555	4	1	0
230555	2	1	0
230555	2	1	0
230555	2	1	0
230555	1	1	1
230555	3	1	-1
230555	2	1	0
230555	3	1	0
230555	4	1	0
230555	4	1	0
230555	2	1	0
230555	3	1	0
230555	4	1	0
230555	4	1	0
230555	2	1	0
230555	4	1	0
230555	2	1	0
230555	4	1	0
230555	1	1	1
230555	2	1	1
230555	4	1	0
230555	4	1	0
230555	2	1	0
230555	4	1	0
230555	2	1	0
230555	2	1	1
230555	2	1	0
230555	2	1	0
230555	2	1	0
230555	4	1	-1
230555	4	1	0
230555	2	1	1
230555	4	1	0
230555	4	1	0
230555	4	1	0
230555	4	1	0
230555	4	1	0
230555	2	1	0
230555	4	1	-1
230555	1	1	1
230555	3	1	-1
230555	1	1	1
230555	3	1	-1
230555	2	1	1
230555	2	1	0
230555	4	1	0
230555	2	1	0
230555	4	1	0
230555	3	1	0
230555	1	1	1
230555	3	1	-1
230555	3	1	0
230555	1	1	1
230555	1	1	1
230555	1	1	1
230555	3	1	0
230555	1	1	1
230555	1	1	1
230555	1	1	0
230555	2	1	1
230555	2	1	0
230555	3	1	-1
230555	3	1	0
230555	3	1	0
230555	1	1	1
230555	1	1	1
230555	1	1	1
230555	2	1	0
230555	1	1	1
230555	1	1	1
230555	1	1	1
230555	4	1	0
230555	4	0	0
230555	4	1	0
230555	1	1	1
230555	3	1	0
230555	3	1	-1
230555	3	1	-1
230555	2	1	0
230555	2	1	0
230555	3	1	-1
230555	1	1	1
230555	4	1	0
230555	1	1	1
230555	4	1	-1
230555	2	1	1
230555	4	1	0
230555	1	1	1
230555	4	1	0
230555	4	1	0
230555	2	1	1
230555	2	1	1
230555	4	1	-1
230555	4	1	0
230555	4	1	0
230555	4	1	0
230555	4	1	0
230555	2	1	0
230555	3	1	0
230555	1	1	0
230555	1	1	0
230555	3	1	-1
230555	4	1	0
230555	3	0	0
230555	3	1	-1
230555	4	1	0
230555	4	1	0
230555	1	1	0
230555	4	1	0
230555	2	1	0
230555	4	1	-1
230555	4	1	0
230555	3	1	0
230555	1	1	0
230555	3	1	-1
230555	4	1	0
230555	1	1	1
230555	2	1	0
230555	1	1	1
230555	4	1	-1
230555	4	1	0
230555	2	1	0
230555	4	1	-1
230555	4	1	0
230555	4	1	-1
230555	4	1	0
230555	4	1	0
230555	4	1	0
230555	2	1	0
230555	1	1	0
230555	3	1	-1
230555	1	1	1
230555	2	1	0
230555	1	1	1
230555	3	1	-1
230555	3	1	-1
230555	3	1	0
230555	3	1	-1
230555	3	1	-1
230555	2	1	1
230555	3	1	-1
230555	3	1	-1
230555	1	1	1
230555	4	1	-1
230555	3	1	0
230555	3	1	0
230555	4	1	0
230555	1	1	0
230555	3	1	-1
230555	1	1	0
230555	3	1	-1
230555	1	1	1
230555	4	1	0
230555	2	1	0
230555	1	1	0
230555	4	1	0
230555	3	1	-1
230555	1	1	1
230555	3	1	-1
230555	1	1	1
230555	4	1	0
230555	3	1	-1
230555	4	1	0
230555	1	0	-1
230555	2	1	0
230555	2	0	-1
230555	4	1	0
230555	4	1	0
230555	4	1	0
230555	1	1	1
230555	1	1	1
230555	1	1	1
230555	2	1	0
230555	4	1	0
230555	3	1	0
230555	3	1	-1
230555	3	1	-1
230555	1	1	1
230555	3	1	-1
230555	4	1	0
230555	2	1	0
230555	1	1	0
230555	3	1	0
230791	1	1	0
230791	1	1	1
230791	2	1	1
230791	2	0	-1
230791	2	1	0
230791	3	1	0
230791	2	1	0
230791	1	1	0
230791	2	1	0
230791	2	1	1
230791	4	1	0
230791	4	1	0
230791	4	1	0
230791	2	1	1
230791	2	1	0
230791	1	1	1
230791	2	1	0
230791	4	1	0
230791	2	1	0
230791	2	1	1
230791	3	1	-1
230791	3	1	-1
230791	1	0	-1
230791	3	1	0
230791	4	1	0
230791	2	1	0
230791	3	1	-1
230791	2	1	0
230791	1	1	1
230791	4	1	-1
230791	2	1	1
230791	1	0	0
230791	4	1	-1
230791	3	1	0
230791	2	1	0
230791	3	1	-1
230791	1	1	1
230791	3	1	-1
230791	2	1	0
230791	1	1	1
230791	2	1	0
230791	1	1	1
230791	4	1	0
230791	1	1	1
230791	2	1	0
230791	2	1	0
230791	3	1	-1
230791	2	1	1
230791	2	1	0
230791	1	1	0
230791	2	1	0
230791	2	1	0
230791	2	1	0
230791	4	1	0
230791	1	1	1
230791	3	1	-1
230791	3	1	0
230791	3	1	-1
230791	4	1	0
230791	1	1	1
230791	3	1	-1
230791	4	1	-1
230791	2	1	1
230791	3	1	-1
230791	1	1	0
230791	1	1	1
230791	1	1	1
230791	2	1	1
230791	1	1	1
230791	4	1	0
230791	2	1	1
230791	4	1	-1
230791	3	1	-1
230791	4	1	0
230791	3	1	-1
230791	2	0	-1
230791	2	1	0
230791	4	1	0
230791	4	1	0
230791	2	1	0
230791	1	1	1
230791	2	1	0
230791	4	1	0
230791	2	1	0
230791	2	1	0
230791	4	1	0
230791	2	1	0
230791	2	1	0
230791	4	1	0
230791	4	1	0
230791	1	0	0
230791	3	1	-1
230791	2	0	-1
230791	2	1	0
230791	3	0	0
230791	4	0	1
230791	2	0	-1
230791	2	1	0
230791	2	1	0
230791	2	1	0
230791	4	1	-1
230791	3	1	-1
230791	3	1	-1
230791	4	1	0
230791	1	1	1
230791	2	1	1
230791	3	0	0
230791	1	1	1
230791	1	1	1
230791	3	0	0
230791	2	0	-1
230791	3	0	0
230791	3	1	-1
230791	1	1	1
230791	3	1	-1
230791	3	1	-1
230791	3	1	-1
230791	3	0	0
230791	1	1	1
230791	3	0	0
230791	1	1	1
230791	3	0	0
230791	1	1	1
230791	1	1	1
230791	1	0	0
230791	1	1	0
230791	2	0	0
230791	3	0	0
230791	4	1	-1
230791	3	0	0
230791	3	1	-1
230791	3	1	-1
230791	1	1	1
230791	2	0	-1
230791	4	1	-1
230791	4	1	0
230791	1	1	1
230791	1	1	1
230791	3	1	-1
230791	2	0	-1
230791	1	1	1
230791	2	1	1
230791	4	1	0
230791	3	1	-1
230791	3	1	-1
230791	3	0	0
230791	4	1	-1
230791	2	0	-1
230791	3	1	-1
230791	4	1	0
230791	3	1	0
230791	4	1	0
230791	3	1	-1
230791	1	1	1
230791	2	0	-1
230791	3	1	0
230791	4	1	0
230791	4	1	0
230791	2	1	0
230791	1	1	1
230791	1	1	1
230791	4	1	0
230791	1	1	1
230791	3	1	-1
230791	2	1	0
230791	3	1	-1
230791	4	1	-1
230791	2	1	0
230791	1	1	1
230791	3	1	-1
230791	1	1	1
230791	2	1	1
230791	4	1	0
230791	1	1	1
230791	1	1	1
230791	3	1	-1
230791	4	1	0
230791	3	0	0
230791	3	0	0
230791	4	0	1
230791	3	0	0
230791	4	0	0
230791	4	1	0
230791	1	1	1
230791	2	1	0
230791	2	1	0
230791	2	1	0
230791	2	1	0
230791	4	1	0
230791	2	1	0
230791	2	1	0
230791	2	1	0
230791	4	1	-1
230791	3	1	-1
230791	3	1	-1
230791	4	1	0
230791	4	1	0
230791	2	1	0
230791	4	1	0
230791	2	1	0
230791	3	1	-1
230791	2	1	0
230791	2	0	-1
230791	2	1	0
230791	3	1	0
230791	4	1	0
230791	2	1	0
230791	3	0	0
230791	2	1	0
230791	4	1	0
230791	3	1	-1
230791	4	0	1
230791	4	1	0
230791	4	1	0
230791	3	1	-1
230791	2	0	-1
230791	4	1	0
230791	1	1	1
230791	2	0	-1
230791	2	1	0
230791	1	1	0
230791	2	1	0
230791	1	1	1
230791	2	1	0
230791	3	1	-1
230791	4	1	0
230791	4	1	0
230791	4	1	0
230791	2	1	1
230791	2	1	1
230791	2	1	0
230791	2	1	0
230791	4	1	0
230791	4	1	0
230791	2	1	0
230791	4	1	0
230791	2	0	-1
230791	2	1	0
230791	4	1	0
230791	4	1	-1
230791	2	0	-1
230791	2	1	0
230791	3	1	-1
230791	3	1	-1
230791	4	1	0
230791	3	1	0
230791	4	1	0
230791	3	1	-1
230791	4	1	0
230791	2	1	0
230791	3	0	0
230791	4	1	0
230791	2	1	0
230791	4	1	0
230791	4	1	0
230791	3	1	-1
230791	3	1	-1
230791	4	1	0
230791	4	1	0
230791	2	0	-1
230791	4	1	0
230791	3	1	-1
230791	1	1	1
230791	2	1	0
230791	4	1	0
230791	4	1	-1
230791	2	1	0
230791	1	1	1
230791	4	1	0
230791	2	1	0
230791	2	1	0
230791	2	1	0
230791	4	1	0
230791	2	1	0
230791	4	1	0
230791	1	1	0
230791	4	1	-1
230791	4	1	-1
230791	4	1	0
230791	1	1	1
230791	1	1	1
230791	2	0	0
230791	1	1	1
230791	1	1	1
230791	1	1	1
230791	3	1	-1
230791	1	1	1
230791	1	1	1
230791	3	1	-1
230791	2	1	0
230791	3	1	0
230791	1	1	1
230791	1	1	1
230791	3	1	-1
230791	1	1	1
230791	1	1	1
230791	4	1	0
230791	3	1	-1
230791	4	1	-1
230791	3	1	-1
230791	3	1	-1
230791	2	1	0
230791	3	1	-1
230791	1	1	0
230791	1	1	1
230791	1	0	0
230791	3	0	1
230791	1	1	1
230791	2	0	-1
230791	4	1	0
230791	1	1	0
230791	1	0	0
230791	3	1	-1
230791	3	0	1
230791	1	1	1
230791	1	1	0
230791	2	0	-1
230791	1	1	1
230791	1	1	0
230791	3	1	-1
230791	4	1	0
230791	1	1	1
230791	1	1	1
230791	3	1	-1
230791	1	1	1
230791	1	1	1
230791	1	1	0
230791	1	0	-1
230791	2	0	-1
230791	2	1	0
230791	4	1	0
230791	2	1	0
230791	2	1	0
230791	2	1	0
230791	2	1	1
230791	2	1	0
230791	2	1	0
230791	2	1	0
230791	3	1	0
230791	4	1	0
230791	2	1	0
230791	3	1	-1
230791	1	1	1
230791	4	1	0
230791	3	1	-1
230791	1	1	1
230791	2	0	0
230791	1	1	0
230791	2	1	0
230791	1	1	1
230791	2	1	0
230791	4	1	0
230791	3	1	-1
230791	4	1	0
230791	4	1	0
230791	3	1	-1
230791	2	1	0
230791	3	1	-1
230791	2	1	1
230791	4	1	0
230791	1	1	1
230791	3	1	-1
230791	4	1	-1
230791	1	1	1
230791	4	0	1
230791	2	1	0
230791	2	1	0
230791	2	0	-1
230791	2	1	1
230791	4	0	1
230791	2	1	1
230791	3	1	-1
230791	4	1	0
230791	3	1	-1
230791	4	0	1
230791	3	1	-1
230791	4	1	0
230791	2	1	0
230791	2	0	-1
230791	2	0	0
230791	1	0	0
230791	4	1	-1
230791	3	1	-1
230791	2	1	0
230791	2	1	0
230791	1	0	0
230791	1	1	1
230791	2	0	-1
230791	4	1	0
230791	4	1	0
230791	2	0	-1
230791	1	1	1
230791	2	1	0
230791	2	0	-1
230791	2	1	0
230791	1	1	1
230791	1	1	1
230791	1	0	0
230791	1	1	1
230791	3	1	-1
231016	3	1	-1
231016	4	1	0
231016	2	1	0
231016	4	1	-1
231016	4	0	1
231016	1	1	1
231016	4	0	1
231016	4	0	1
231016	2	1	0
231016	4	0	1
231016	3	0	1
231016	2	1	0
231016	1	1	0
231016	3	0	0
231016	4	0	1
231016	3	0	0
231016	3	0	0
231016	2	1	0
231016	3	1	0
231016	2	1	0
231016	4	0	1
231016	4	0	1
231016	2	1	0
231016	4	0	1
231016	1	0	0
231016	4	1	0
231016	2	1	0
231016	2	1	0
231016	2	1	0
231016	4	1	-1
231016	1	1	1
231016	3	0	0
231016	2	1	0
231016	1	1	1
231016	3	0	1
231016	4	0	1
231016	2	1	0
231016	1	1	1
231016	4	0	1
231016	2	1	1
231016	4	0	1
231016	4	0	1
231016	1	1	1
231016	4	0	0
231016	3	1	-1
231016	1	1	0
231016	1	1	0
231016	2	0	0
231016	3	0	0
231016	1	1	1
231016	1	1	1
231016	1	1	0
231016	3	0	1
231016	3	0	0
231016	1	1	1
231016	2	0	-1
231016	3	0	0
231016	3	0	1
231016	1	1	1
231016	3	0	0
231016	2	0	-1
231016	3	0	0
231016	2	0	0
231016	1	1	1
231016	4	1	0
231016	2	0	-1
231016	3	0	0
231016	2	0	-1
231016	2	1	0
231016	3	1	-1
231016	4	1	-1
231016	2	1	0
231016	4	1	-1
231016	1	1	1
231016	3	1	-1
231016	2	1	0
231016	4	1	0
231016	2	1	0
231016	3	0	0
231016	4	1	0
231016	4	1	0
231016	2	1	0
231016	1	1	1
231016	4	0	1
231016	2	1	0
231016	2	1	0
231016	1	1	0
231016	3	0	0
231016	2	1	0
231016	4	1	0
231016	1	1	1
231016	1	0	0
231016	1	1	1
231016	4	0	1
231016	1	1	1
231016	3	1	-1
231016	3	1	-1
231016	3	1	-1
231016	4	1	0
231016	1	1	1
231016	4	1	-1
231016	4	1	0
231016	4	1	0
231016	2	0	-1
231016	2	1	0
231016	4	1	-1
231016	4	1	0
231016	3	1	-1
231016	3	0	0
231016	4	1	0
231016	2	0	-1
231016	4	1	0
231016	2	1	0
231016	3	1	-1
231016	1	0	-1
231016	3	1	-1
231016	2	0	-1
231016	3	1	0
231016	4	1	0
231016	1	1	0
231016	2	1	0
231016	4	1	-1
231016	4	1	0
231016	1	1	1
231016	4	0	1
231016	1	0	0
231016	4	1	-1
231016	3	1	-1
231016	2	1	0
231016	1	1	1
231016	3	1	-1
231016	1	1	1
231016	2	1	0
231016	1	0	0
231016	1	1	0
231016	3	1	0
231016	2	0	-1
231016	4	1	0
231016	3	0	0
231016	2	1	0
231016	4	1	-1
231016	1	1	1
231016	2	0	-1
231016	4	1	-1
231016	1	1	1
231016	1	1	0
231016	4	1	0
231016	2	0	0
231016	4	1	-1
231016	4	1	0
231016	4	0	1
231016	3	1	0
231016	4	0	1
231016	2	1	0
231016	4	1	-1
231016	4	0	0
231016	2	1	0
231016	2	1	1
231016	2	0	-1
231016	4	1	0
231016	4	1	0
231016	2	1	0
231016	4	1	0
231016	1	1	1
231016	2	0	-1
231016	3	0	1
231016	2	1	0
231016	3	1	-1
231016	2	1	0
231016	4	1	0
231016	3	0	0
231016	4	1	0
231016	2	1	0
231016	2	1	0
231016	4	0	1
231016	4	1	0
231016	4	0	1
231016	2	1	0
231016	4	0	1
231016	1	0	0
231016	3	1	-1
231016	2	1	1
231016	1	0	0
231016	4	1	0
231016	2	1	0
231016	2	1	0
231016	2	1	1
231016	4	0	1
231016	3	1	-1
231016	4	1	0
231016	4	1	0
231016	2	1	0
231016	2	1	0
231016	4	1	-1
231016	2	1	0
231016	1	1	0
231016	4	1	0
231016	2	1	0
231016	2	1	0
231016	1	1	1
231016	1	1	1
231016	2	0	-1
231016	4	1	0
231016	1	1	0
231016	1	1	1
231016	4	0	0
231016	2	0	0
231016	3	0	0
231016	4	1	0
231016	3	0	0
231016	3	0	0
231016	3	0	1
231016	2	0	0
231016	2	0	-1
231016	2	1	1
231016	4	0	1
231016	3	1	-1
231016	4	1	0
231016	3	0	0
231016	1	0	-1
231016	2	1	0
231016	4	1	0
231016	2	1	0
231016	1	1	1
231016	2	1	1
231016	3	0	0
231016	3	0	0
231016	4	0	1
231016	1	1	1
231016	1	1	1
231016	2	1	0
231016	1	1	0
231016	4	0	0
231016	1	1	0
231016	3	0	1
231016	4	0	0
231016	3	0	0
231016	1	1	1
231016	3	0	1
231016	1	1	1
231016	1	1	1
231016	2	1	1
231016	3	0	0
231016	1	1	1
231016	4	0	1
231016	3	0	0
231016	3	0	0
231016	4	0	1
231016	1	1	1
231016	4	0	1
231016	3	0	1
231016	1	1	1
231016	3	0	0
231016	3	0	0
231016	1	1	1
231016	1	1	1
231016	3	0	0
231016	1	1	1
231016	3	0	0
231016	2	1	1
231016	3	0	0
231016	4	0	1
231016	4	0	0
231016	3	0	0
231016	3	0	0
231016	1	1	1
231016	1	1	1
231016	4	0	1
231016	4	0	1
231016	4	0	1
231016	3	0	0
231016	1	1	1
231016	4	0	1
231016	4	0	1
231016	4	0	0
231016	2	1	0
231016	2	1	0
231016	2	1	0
231016	2	1	1
231016	1	1	1
231016	4	0	1
231016	4	0	0
231016	4	0	0
231016	4	0	1
231016	4	0	1
231016	4	0	1
231016	1	1	0
231016	4	0	1
231016	4	0	1
231016	1	1	0
231016	4	0	0
231016	2	1	0
231016	1	1	1
231016	4	0	1
231016	3	0	1
231016	4	0	1
231016	3	0	0
231016	3	0	1
231016	2	1	0
231016	3	0	1
231016	1	1	1
231016	4	0	0
231016	2	1	0
231016	2	1	1
231016	2	1	1
231016	4	0	0
231016	4	0	1
231016	4	0	1
231016	3	0	0
231016	4	0	1
231016	2	1	0
231016	4	0	0
231016	1	1	1
231016	4	0	1
231016	4	0	1
231016	4	0	1
231016	3	0	0
231016	4	0	1
231016	1	1	1
231016	2	1	0
231016	1	1	1
231016	4	0	1
231016	4	0	0
231016	4	0	0
231016	4	0	0
231016	4	0	1
231016	4	0	1
231016	1	1	0
231016	4	0	1
231016	3	1	-1
231016	3	0	0
231016	4	0	1
231016	1	1	0
231016	4	0	1
231016	3	0	1
231016	4	0	1
231016	4	0	1
231016	2	1	1
231016	4	0	1
231016	4	0	1
231016	2	1	0
231016	2	1	0
231016	1	1	1
231016	2	1	0
231016	3	0	0
231016	3	0	0
231016	1	1	1
231016	3	0	0
231016	2	1	0
231016	3	0	1
231016	1	1	1
231016	1	1	1
231016	2	1	0
231016	3	0	0
231016	3	0	0
231016	3	0	1
231016	1	1	0
231016	3	0	1
231016	1	1	0
231016	3	0	0
231016	4	1	0
231016	1	1	1
231016	2	1	0
231016	1	1	1
231016	3	0	1
231016	1	1	1
231016	3	0	0
231016	2	1	0
231016	2	1	0
231016	1	1	1
231016	2	1	0
231016	4	0	1
231016	3	0	0
231016	3	0	0
231016	3	0	1
231016	1	1	1
231016	1	1	1
231016	1	1	0
231016	1	1	1
231016	3	0	1
231016	3	0	1
231016	2	1	0
231016	2	1	0
231016	1	1	1
231016	3	0	0
231016	4	0	1
231016	2	1	0
231016	4	0	0
231016	2	1	0
231016	4	0	1
231016	4	0	1
231016	3	0	0
231016	3	0	1
231016	1	1	1
231016	1	1	1
231016	2	1	0
231016	4	0	1
231016	1	1	1
231016	1	1	1
231016	1	1	1
231146	2	1	0
231146	4	1	0
231146	4	1	0
231146	2	1	0
231146	4	1	0
231146	3	1	-1
231146	4	1	-1
231146	4	1	0
231146	4	1	0
231146	2	1	1
231146	2	1	0
231146	2	1	1
231146	2	1	1
231146	1	1	1
231146	2	1	0
231146	4	1	-1
231146	2	1	0
231146	3	1	-1
231146	2	1	0
231146	2	1	1
231146	4	1	0
231146	2	1	0
231146	1	1	1
231146	4	1	0
231146	4	1	-1
231146	4	1	-1
231146	2	1	0
231146	4	1	-1
231146	2	1	0
231146	2	1	1
231146	4	1	-1
231146	1	1	0
231146	2	1	1
231146	2	1	0
231146	3	1	-1
231146	2	1	0
231146	4	1	-1
231146	3	1	-1
231146	1	1	1
231146	2	1	0
231146	2	1	1
231146	1	1	1
231146	4	1	0
231146	2	1	0
231146	2	1	0
231146	3	1	0
231146	3	1	-1
231146	3	1	-1
231146	2	1	0
231146	2	1	0
231146	1	1	1
231146	3	1	0
231146	2	1	1
231146	4	1	-1
231146	4	1	0
231146	3	1	-1
231146	1	1	0
231146	2	1	0
231146	1	1	1
231146	4	1	0
231146	2	1	0
231146	2	1	0
231146	4	1	0
231146	2	1	0
231146	3	1	-1
231146	4	1	0
231146	1	1	1
231146	1	1	1
231146	2	1	0
231146	4	1	0
231146	2	1	0
231146	4	1	-1
231146	2	1	0
231146	2	1	0
231146	1	1	1
231146	1	1	1
231146	1	1	1
231146	3	1	-1
231146	4	1	-1
231146	4	1	0
231146	4	1	0
231146	2	1	0
231146	1	1	1
231146	2	1	1
231146	2	1	0
231146	2	1	0
231146	3	1	0
231146	2	1	0
231146	1	1	1
231146	4	1	0
231146	1	1	1
231146	3	1	-1
231146	4	1	0
231146	1	1	1
231146	4	1	0
231146	1	1	1
231146	4	1	-1
231146	2	1	0
231146	1	1	0
231146	4	1	-1
231146	2	1	0
231146	3	1	-1
231146	4	1	0
231146	3	1	-1
231146	3	1	0
231146	1	1	1
231146	1	1	1
231146	4	1	0
231146	1	1	1
231146	3	1	-1
231146	4	1	-1
231146	1	1	1
231146	2	1	0
231146	3	1	-1
231146	3	1	-1
231146	2	1	0
231146	1	1	1
231146	3	1	0
231146	4	1	0
231146	3	1	-1
231146	3	1	-1
231146	4	1	0
231146	3	1	-1
231146	2	1	0
231146	2	1	0
231146	4	1	0
231146	1	1	1
231146	1	1	0
231146	3	1	-1
231146	1	1	1
231146	1	1	1
231146	1	1	1
231146	3	1	0
231146	4	1	0
231146	3	1	0
231146	3	1	-1
231146	3	1	-1
231146	2	1	0
231146	4	1	-1
231146	3	1	0
231146	2	1	1
231146	4	1	-1
231146	4	1	0
231146	1	1	1
231146	3	1	0
231146	2	1	0
231146	4	1	0
231146	4	1	0
231146	4	1	0
231146	4	1	0
231146	1	1	1
231146	4	1	0
231146	1	1	1
231146	3	1	0
231146	2	1	1
231146	3	1	-1
231146	1	1	0
231146	3	1	-1
231146	4	1	0
231146	2	1	0
231146	1	1	1
231146	1	1	1
231146	1	1	1
231146	4	1	0
231146	2	1	0
231146	4	1	0
231146	2	1	0
231146	1	1	1
231146	4	1	0
231146	2	1	0
231146	4	1	0
231146	2	1	0
231146	4	1	0
231146	3	1	-1
231146	1	1	1
231146	4	1	0
231146	1	1	1
231146	2	1	0
231146	4	1	0
231146	4	1	0
231146	2	1	0
231146	2	1	0
231146	2	1	1
231146	2	1	0
231146	1	1	0
231146	4	1	0
231146	3	1	-1
231146	4	1	0
231146	4	1	0
231146	2	1	0
231146	4	1	-1
231146	1	1	0
231146	1	1	1
231146	1	1	1
231146	3	1	-1
231146	4	1	0
231146	2	1	1
231146	4	1	-1
231146	4	1	0
231146	1	1	1
231146	4	1	0
231146	4	1	0
231146	1	1	1
231146	3	1	0
231146	1	1	1
231146	3	1	0
231146	1	1	0
231146	2	0	-1
231146	4	0	1
231146	2	0	-1
231146	4	1	0
231146	3	1	0
231146	4	1	0
231146	2	1	0
231146	1	1	1
231146	4	1	0
231146	3	1	-1
231146	2	1	0
231146	2	1	1
231146	4	1	0
231146	4	1	0
231146	2	1	1
231146	4	1	0
231146	4	1	-1
231146	1	0	0
231146	3	0	0
231146	1	0	-1
231146	4	0	1
231146	1	0	0
231146	4	1	0
231146	4	1	0
231146	1	1	1
231146	2	1	0
231146	4	1	-1
231146	4	1	0
231146	2	1	0
231146	2	1	1
231146	3	1	-1
231146	4	1	0
231146	3	1	0
231146	3	1	-1
231146	3	1	-1
231146	3	1	-1
231146	4	1	-1
231146	4	1	0
231146	4	1	-1
231146	1	1	0
231146	3	1	-1
231146	3	1	-1
231146	3	1	-1
231146	4	1	0
231146	4	1	-1
231146	3	1	-1
231146	4	1	0
231146	4	1	-1
231146	4	1	0
231146	4	1	0
231146	4	1	-1
231146	4	1	0
231146	3	1	-1
231146	3	1	-1
231146	4	1	0
231146	4	1	0
231146	4	1	0
231146	1	1	1
231146	4	1	-1
231146	4	1	0
231146	4	1	0
231146	4	1	-1
231146	4	1	0
231146	4	1	0
231146	1	1	0
231146	2	1	0
231146	2	1	0
231146	4	1	0
231146	1	1	1
231146	4	1	0
231146	4	1	0
231146	4	1	-1
231146	2	1	1
231146	4	1	0
231146	4	1	0
231146	4	1	0
231146	2	1	0
231146	4	1	0
231146	4	1	0
231146	3	1	-1
231146	1	1	1
231146	4	1	0
231146	2	0	-1
231146	1	1	1
231146	2	1	0
231146	2	1	0
231146	4	1	0
231146	3	1	-1
231146	4	1	-1
231146	2	0	-1
231146	1	1	1
231146	4	1	0
231146	4	1	0
231146	3	1	-1
231146	2	1	0
231146	4	1	-1
231146	2	0	-1
231146	2	0	-1
231146	3	1	-1
231146	4	1	0
231146	2	1	0
231146	1	1	1
231146	1	1	1
231146	3	1	-1
231146	3	1	-1
231146	1	1	1
231146	3	1	-1
231146	1	1	1
231146	3	1	0
231146	2	1	1
231146	1	1	1
231146	3	1	-1
231146	4	1	0
231146	1	1	1
231146	3	1	-1
231146	1	1	1
231146	3	1	-1
231146	1	1	1
231146	2	1	0
231146	3	1	-1
231146	2	1	0
231146	3	1	-1
231146	3	1	0
231146	2	1	0
231146	3	1	-1
231146	3	1	-1
231146	3	1	-1
231146	4	1	0
231146	3	1	0
231146	2	1	0
231146	2	0	-1
231146	3	1	0
231146	1	1	1
231146	3	1	0
231146	1	1	1
231146	1	1	1
231146	1	1	1
231146	2	1	0
231146	3	1	0
231146	1	1	0
231146	3	1	-1
231146	3	1	-1
231146	4	1	0
231146	3	1	-1
231146	3	1	0
231146	2	1	0
231146	1	1	1
231146	3	1	-1
231146	1	1	1
231146	1	1	1
231146	1	1	1
231146	1	1	1
231146	1	1	1
231146	3	1	-1
231146	1	1	1
231146	4	1	0
231146	1	1	1
231146	3	1	-1
231146	1	1	1
231146	1	1	1
231146	4	1	0
231146	4	1	0
231146	3	1	-1
231146	4	1	-1
231146	3	1	-1
231146	4	1	0
231146	2	1	0
231146	3	1	0
231146	1	1	1
231146	4	1	0
231146	2	1	0
231146	1	0	0
231146	3	1	-1
231146	1	1	0
231146	2	1	0
231146	4	1	0
231146	4	1	0
231146	1	1	1
231146	2	1	0
231146	2	1	0
231146	1	1	1
231146	3	1	-1
231146	4	1	-1
231146	2	1	0
231146	1	1	0
231146	3	1	-1
231146	1	1	1
231146	3	1	0
231146	2	1	0
231146	1	1	0
231146	3	1	-1
231146	3	1	-1
231146	3	1	-1
240070	4	1	0
240070	2	1	0
240070	4	1	0
240070	4	0	1
240070	2	1	0
240070	3	1	0
240070	3	1	-1
240070	4	1	0
240070	4	1	0
240070	4	1	0
240070	2	1	0
240070	1	0	-1
240070	2	1	0
240070	1	1	0
240070	2	1	1
240070	3	1	-1
240070	2	1	0
240070	2	1	0
240070	4	0	1
240070	2	1	0
240070	2	0	-1
240070	4	0	1
240070	4	1	0
240070	2	0	-1
240070	2	1	0
240070	4	0	1
240070	3	1	-1
240070	3	1	-1
240070	1	1	0
240070	4	0	1
240070	2	0	-1
240070	2	1	0
240070	1	1	1
240070	4	0	1
240070	4	1	0
240070	4	1	0
240070	4	1	0
240070	1	1	1
240070	2	1	0
240070	4	1	-1
240070	1	1	0
240070	4	1	0
240070	1	1	1
240070	4	1	0
240070	2	1	1
240070	4	1	0
240070	3	0	0
240070	1	0	0
240070	2	0	0
240070	1	0	-1
240070	3	0	0
240070	1	0	0
240070	3	0	0
240070	3	1	-1
240070	3	0	0
240070	3	0	0
240070	2	1	0
240070	2	0	-1
240070	2	0	-1
240070	1	0	-1
240070	1	1	0
240070	3	0	0
240070	2	1	0
240070	4	1	-1
240070	3	1	-1
240070	4	1	0
240070	1	1	1
240070	2	1	0
240070	3	0	0
240070	4	0	1
240070	1	0	0
240070	3	0	0
240070	1	0	0
240070	3	0	0
240070	3	0	1
240070	3	0	1
240070	1	1	1
240070	4	0	1
240070	4	0	1
240070	1	1	1
240070	1	0	0
240070	4	0	1
240070	2	1	0
240070	3	1	-1
240070	1	0	0
240070	2	0	-1
240070	2	1	0
240070	3	1	-1
240070	4	1	0
240070	3	1	-1
240070	1	0	0
240070	2	0	0
240070	1	0	0
240070	2	0	-1
240070	4	0	1
240070	2	0	0
240070	3	1	-1
240070	3	1	-1
240070	4	0	0
240070	1	1	1
240070	4	0	1
240070	1	1	0
240070	3	1	-1
240070	1	1	1
240070	4	1	0
240070	2	1	0
240070	1	1	1
240070	4	1	0
240070	3	1	-1
240070	1	1	0
240070	1	1	1
240070	1	1	1
240070	1	1	0
240070	3	1	-1
240070	4	1	0
240070	3	1	-1
240070	2	1	0
240070	2	0	-1
240070	1	1	0
240070	4	0	1
240070	3	1	-1
240070	1	1	1
240070	3	1	0
240070	4	1	-1
240070	4	1	-1
240070	3	0	1
240070	1	0	0
240070	1	1	0
240070	4	1	0
240070	1	1	0
240070	1	0	0
240070	4	1	0
240070	2	1	0
240070	3	0	0
240070	4	0	1
240070	2	0	-1
240070	1	0	0
240070	2	0	0
240070	4	0	1
240070	4	0	1
240070	4	1	0
240070	3	1	-1
240070	1	0	0
240070	4	0	1
240070	2	0	-1
240070	4	0	1
240070	2	0	-1
240070	1	0	-1
240070	2	0	-1
240070	4	0	1
240070	4	0	1
240070	2	1	0
240070	4	0	1
240070	4	1	0
240070	4	1	0
240070	4	0	1
240070	4	0	1
240070	4	1	0
240070	2	0	-1
240070	4	1	0
240070	3	0	1
240070	4	1	0
240070	2	0	-1
240070	1	1	0
240070	4	1	-1
240070	3	1	0
240070	2	0	-1
240070	2	0	-1
240070	1	1	1
240070	2	0	-1
240070	4	1	0
240070	2	0	-1
240070	3	1	-1
240070	4	1	0
240070	4	1	0
240070	4	1	-1
240070	3	0	1
240070	4	0	1
240070	4	0	1
240070	4	0	1
240070	2	0	-1
240070	4	1	0
240070	4	0	0
240070	2	0	-1
240070	2	0	-1
240070	3	0	0
240070	1	0	0
240070	4	0	0
240070	2	0	-1
240070	3	0	1
240070	4	0	1
240070	1	0	0
240070	4	0	1
240070	4	0	0
240070	1	0	0
240070	4	0	1
240070	2	1	0
240070	4	1	-1
240070	4	0	0
240070	2	1	0
240070	2	0	0
240070	4	0	1
240070	3	0	0
240070	2	0	-1
240070	1	0	-1
240070	2	0	-1
240070	2	0	0
240070	3	0	0
240070	1	0	-1
240070	2	1	0
240070	3	1	0
240070	3	1	-1
240070	4	0	1
240070	2	0	-1
240070	2	0	-1
240070	4	1	0
240070	3	0	1
240070	3	0	0
240070	4	1	0
240070	2	0	0
240070	4	0	1
240070	3	1	-1
240070	1	1	1
240070	1	0	0
240070	1	1	1
240070	4	0	1
240070	2	1	0
240070	3	0	0
240070	2	0	-1
240070	2	1	0
240070	4	1	-1
240070	4	1	0
240070	3	1	0
240070	2	1	0
240070	1	1	1
240070	1	1	1
240070	4	1	0
240070	2	1	0
240070	2	1	0
240070	3	0	0
240070	4	1	-1
240070	4	1	0
240070	4	1	0
240070	2	1	1
240070	4	1	0
240070	4	1	0
240070	4	1	-1
240070	3	1	-1
240070	2	1	0
240070	2	1	1
240070	4	1	-1
240070	4	1	-1
240070	4	1	0
240070	4	1	0
240070	2	0	-1
240070	3	1	-1
240070	1	1	0
240070	4	1	0
240070	4	1	0
240070	3	1	0
240070	2	1	0
240070	4	1	0
240070	1	1	1
240070	4	1	0
240070	3	1	-1
240070	2	1	0
240070	1	1	1
240070	4	1	0
240070	3	0	0
240070	1	1	0
240070	1	0	0
240070	4	0	1
240070	4	0	1
240070	3	0	0
240070	1	0	0
240070	2	0	0
240070	3	0	0
240070	4	0	1
240070	3	0	0
240070	1	0	0
240070	1	0	0
240070	3	1	-1
240070	4	1	0
240070	1	1	1
240070	1	1	1
240070	3	1	-1
240070	2	1	0
240070	3	0	0
240070	1	1	1
240070	3	0	0
240070	2	0	-1
240070	3	1	-1
240070	4	1	-1
240070	3	1	-1
240070	1	1	0
240070	4	1	0
240070	3	0	0
240070	4	1	-1
240070	2	0	-1
240070	3	1	-1
240070	3	1	-1
240070	4	1	-1
240070	3	0	0
240070	2	1	0
240070	3	1	0
240070	2	1	0
240070	2	1	0
240070	2	1	1
240070	1	0	0
240070	3	1	-1
240070	1	0	0
240070	2	1	0
240070	2	1	0
240070	2	1	1
240070	1	0	0
240070	4	1	0
240070	2	1	1
240070	4	0	1
240070	4	0	1
240070	4	0	1
240070	1	0	0
240070	4	0	1
240070	3	0	0
240070	4	0	1
240070	3	0	0
240070	1	0	0
240070	4	0	1
240070	2	0	0
240070	4	0	1
240070	2	0	-1
240070	4	0	1
240070	2	0	-1
240070	3	0	1
240070	3	0	0
240070	4	0	1
240070	1	0	-1
240070	4	0	1
240070	4	0	1
240070	2	0	0
240070	1	0	0
240070	4	0	1
240070	4	0	1
240070	2	0	-1
240070	1	0	0
240070	1	0	0
240070	1	0	0
240070	3	0	1
240070	4	0	1
240070	1	0	0
240070	1	0	0
240070	3	0	1
240070	1	0	0
240070	3	0	0
240070	1	0	0
240070	1	0	0
240070	1	0	0
240070	1	0	0
240070	4	0	1
240070	4	0	1
240070	1	0	0
240070	1	0	0
240070	2	0	-1
240070	3	0	0
240070	1	0	0
240070	4	0	1
240070	3	0	1
240070	1	0	0
240070	3	0	0
240070	3	0	0
240070	1	0	0
240070	3	0	0
240070	2	0	-1
240070	3	0	0
240070	3	0	0
240070	3	0	0
240070	4	0	1
240070	1	0	0
240070	4	0	1
240070	2	0	-1
240070	1	0	0
240070	2	0	-1
240070	3	0	0
240070	2	0	-1
240070	1	1	1
240070	1	0	0
240070	2	0	0
240070	3	0	1
240070	3	0	0
240070	1	0	0
240070	1	0	0
240070	4	0	1
240070	3	0	1
240070	2	0	-1
240070	3	0	1
240070	4	1	0
240070	3	1	-1
240070	3	0	0
240070	2	1	0
240070	4	1	0
240070	2	1	0
240084	1	1	1
240084	1	1	1
240084	1	1	1
240084	1	1	0
240084	2	1	0
240084	4	0	1
240084	2	1	1
240084	3	0	1
240084	4	0	0
240084	3	0	0
240084	2	1	0
240084	4	0	1
240084	4	0	1
240084	3	0	0
240084	2	1	1
240084	1	1	1
240084	1	1	1
240084	2	1	0
240084	4	1	0
240084	4	0	1
240084	3	0	0
240084	3	0	0
240084	2	1	0
240084	3	0	0
240084	4	1	0
240084	2	1	1
240084	3	0	0
240084	2	1	0
240084	4	0	1
240084	2	1	0
240084	3	0	0
240084	4	0	1
240084	2	1	0
240084	4	0	1
240084	4	0	1
240084	2	1	0
240084	2	1	0
240084	2	1	1
240084	1	1	0
240084	2	1	0
240084	1	1	1
240084	3	0	0
240084	1	1	1
240084	4	0	1
240084	4	0	1
240084	1	1	0
240084	1	1	1
240084	2	1	0
240084	1	1	1
240084	1	1	0
240084	3	0	0
240084	4	0	0
240084	2	1	0
240084	4	0	1
240084	4	1	0
240084	3	0	0
240084	2	1	0
240084	3	0	0
240084	4	1	0
240084	1	1	1
240084	4	1	0
240084	2	1	0
240084	2	1	0
240084	4	1	-1
240084	4	0	1
240084	3	0	0
240084	3	0	0
240084	2	1	1
240084	2	1	0
240084	4	0	1
240084	3	0	0
240084	3	0	0
240084	3	0	0
240084	2	1	1
240084	3	1	-1
240084	3	0	0
240084	1	1	1
240084	4	0	1
240084	3	0	0
240084	2	1	0
240084	2	1	0
240084	3	0	0
240084	1	1	1
240084	1	1	1
240084	1	1	1
240084	4	0	1
240084	3	0	0
240084	3	0	1
240084	2	1	0
240084	2	1	0
240084	2	1	0
240084	1	1	1
240084	2	1	0
240084	3	0	0
240084	1	1	1
240084	4	1	-1
240084	1	1	1
240084	4	0	1
240084	3	0	0
240084	2	1	0
240084	4	0	0
240084	4	0	1
240084	4	0	1
240084	4	0	0
240084	2	1	0
240084	2	1	0
240084	1	1	1
240084	1	1	1
240084	3	0	0
240084	1	1	0
240084	3	0	0
240084	3	0	1
240084	4	0	1
240084	2	1	0
240084	1	1	1
240084	2	1	0
240084	1	1	1
240084	3	0	0
240084	4	0	1
240084	3	0	0
240084	2	1	0
240084	4	0	1
240084	4	1	0
240084	1	1	1
240084	1	1	1
240084	2	1	0
240084	4	0	0
240084	4	0	1
240084	4	0	1
240084	2	1	0
240084	2	1	0
240084	4	0	1
240084	2	1	0
240084	1	1	1
240084	4	0	1
240084	2	1	0
240084	3	1	-1
240084	4	0	1
240084	2	1	0
240084	2	1	0
240084	3	0	0
240084	4	0	1
240084	1	1	1
240084	4	0	1
240084	4	0	0
240084	1	1	0
240084	4	0	0
240084	3	0	0
240084	3	0	0
240084	2	1	0
240084	4	0	1
240084	1	1	1
240084	1	1	1
240084	4	0	1
240084	4	0	1
240084	4	0	1
240084	4	0	1
240084	2	1	0
240084	3	0	1
240084	4	0	0
240084	4	0	0
240084	4	0	1
240084	3	0	0
240084	4	0	0
240084	4	0	0
240084	4	0	0
240084	1	1	1
240084	1	1	1
240084	4	0	1
240084	3	0	0
240084	2	1	1
240084	4	0	1
240084	4	0	0
240084	4	0	1
240084	3	0	0
240084	4	0	1
240084	4	0	1
240084	3	0	0
240084	4	0	0
240084	4	0	1
240084	3	0	0
240084	4	0	0
240084	2	1	0
240084	2	1	0
240084	1	1	0
240084	2	1	0
240084	4	0	1
240084	1	1	1
240084	2	1	0
240084	4	0	1
240084	2	1	0
240084	1	1	1
240084	1	1	1
240084	2	1	0
240084	4	0	1
240084	2	1	1
240084	4	0	1
240084	4	0	0
240084	3	0	1
240084	2	1	0
240084	2	1	0
240084	2	1	0
240084	3	0	1
240084	2	1	0
240084	2	1	1
240084	3	0	0
240084	1	1	0
240084	4	1	0
240084	1	1	1
240084	2	1	0
240084	2	1	0
240084	2	1	0
240084	1	1	1
240084	2	1	0
240084	3	0	1
240084	4	0	1
240084	2	1	0
240084	3	0	1
240084	2	1	0
240084	4	0	1
240084	2	1	0
240084	2	1	1
240084	2	1	0
240084	1	1	0
240084	1	1	1
240084	1	1	1
240084	4	0	1
240084	4	0	1
240084	2	1	0
240084	4	0	1
240084	2	1	0
240084	1	1	1
240084	4	0	0
240084	4	0	1
240084	2	1	0
240084	1	1	1
240084	2	1	0
240084	1	1	1
240084	1	1	1
240084	3	0	0
240084	4	0	1
240084	3	0	0
240084	1	1	1
240084	3	0	0
240084	1	1	1
240084	3	0	0
240084	3	0	0
240084	2	1	1
240084	1	1	1
240084	2	1	0
240084	4	0	1
240084	1	1	1
240084	2	1	1
240084	3	0	0
240084	3	0	1
240084	1	1	1
240084	3	0	0
240084	2	1	0
240084	1	1	1
240084	2	1	1
240084	4	0	1
240084	3	0	0
240084	1	1	1
240084	2	1	0
240084	3	0	1
240084	2	1	0
240084	3	0	0
240084	3	0	0
240084	1	1	1
240084	1	0	0
240084	1	1	0
240084	4	0	1
240084	3	0	0
240084	4	0	0
240084	3	0	1
240084	1	1	0
240084	3	0	0
240084	3	0	0
240084	3	0	0
240084	3	0	0
240084	1	1	0
240084	4	0	1
240084	2	0	-1
240084	4	0	1
240084	4	0	0
240084	3	0	0
240084	4	0	1
240084	4	0	1
240084	3	0	0
240084	2	1	1
240084	3	0	0
240084	4	0	1
240084	2	1	0
240084	4	0	1
240084	4	0	0
240084	1	1	1
240084	1	1	1
240084	4	0	1
240084	4	0	1
240084	4	0	1
240084	4	0	1
240084	2	1	1
240084	4	0	1
240084	3	0	0
240084	1	1	1
240084	4	0	1
240084	3	0	1
240084	4	0	0
240084	4	0	1
240084	4	0	1
240084	4	0	1
240084	2	1	0
240084	2	1	0
240084	4	0	1
240084	3	0	0
240084	4	0	1
240084	2	1	0
240084	4	0	1
240084	3	0	0
240084	2	1	0
240084	1	1	1
240084	4	0	0
240084	4	0	0
240084	1	1	0
240084	3	0	0
240084	4	0	1
240084	4	0	1
240084	4	0	1
240084	2	1	1
240084	1	1	1
240084	4	0	1
240084	2	1	0
240084	3	0	0
240084	4	0	1
240084	4	0	1
240084	4	0	1
240084	4	0	1
240084	4	0	1
240084	1	1	1
240084	3	0	0
240084	2	1	0
240084	4	0	1
240084	1	1	1
240084	4	0	1
240084	1	1	1
240084	2	1	0
240084	3	0	1
240084	3	0	0
240084	1	1	1
240084	3	0	0
240084	1	1	0
240084	3	0	0
240084	3	0	0
240084	1	1	1
240084	1	1	1
240084	1	1	1
240084	3	0	0
240084	2	1	0
240084	2	1	0
240084	1	1	1
240084	3	0	0
240084	3	0	0
240084	2	1	0
240084	1	1	1
240084	2	1	1
240084	3	0	1
240084	1	1	1
240084	4	0	1
240084	4	0	1
240084	4	0	1
240084	1	1	1
240084	1	1	1
240084	3	0	1
240084	3	0	1
240084	1	1	1
240084	3	0	1
240084	4	0	0
240084	3	0	0
240084	1	1	0
240084	3	0	0
240084	3	0	0
240084	2	1	0
240084	2	1	0
240084	1	1	1
240084	4	0	1
240084	1	1	1
240084	3	0	0
240084	3	0	0
240084	1	1	1
240084	1	1	1
240084	2	1	0
240084	4	0	1
240084	1	1	1
240084	4	0	1
240084	1	1	1
240084	4	0	1
240084	1	1	1
240084	4	0	1
240084	4	0	1
240084	1	1	1
240134	4	0	1
240134	4	0	1
240134	4	1	0
240134	2	1	0
240134	2	1	0
240134	2	1	1
240134	3	0	0
240134	4	0	1
240134	2	1	0
240134	2	0	0
240134	4	0	1
240134	2	1	0
240134	4	0	1
240134	4	0	1
240134	2	1	0
240134	2	1	0
240134	2	1	0
240134	3	0	0
240134	2	1	0
240134	1	1	0
240134	2	1	0
240134	1	1	1
240134	4	0	1
240134	4	0	1
240134	2	1	0
240134	3	0	0
240134	4	0	1
240134	3	1	-1
240134	1	1	0
240134	1	1	1
240134	2	1	1
240134	1	1	0
240134	4	0	1
240134	3	0	0
240134	2	1	0
240134	3	0	0
240134	2	1	0
240134	1	1	1
240134	1	1	1
240134	4	0	0
240134	3	0	0
240134	4	0	1
240134	2	1	0
240134	1	1	1
240134	1	1	1
240134	2	1	0
240134	2	1	0
240134	3	0	1
240134	2	1	0
240134	2	1	1
240134	1	1	1
240134	4	0	1
240134	3	0	0
240134	2	1	1
240134	4	0	1
240134	4	0	1
240134	4	0	1
240134	2	1	0
240134	2	1	0
240134	2	1	0
240134	2	1	0
240134	2	1	1
240134	1	1	1
240134	2	1	1
240134	2	1	0
240134	4	0	1
240134	3	0	0
240134	3	0	0
240134	3	0	0
240134	2	1	0
240134	4	0	1
240134	2	1	0
240134	1	1	1
240134	2	1	0
240134	1	1	1
240134	3	0	0
240134	2	1	0
240134	4	0	1
240134	2	1	0
240134	2	1	1
240134	1	1	1
240134	2	1	0
240134	3	0	0
240134	2	1	1
240134	4	0	0
240134	1	1	0
240134	2	1	0
240134	4	1	-1
240134	2	1	0
240134	2	1	0
240134	2	1	0
240134	2	1	1
240134	2	1	0
240134	2	1	0
240134	1	1	1
240134	4	0	1
240134	2	1	0
240134	4	1	0
240134	4	1	0
240134	3	1	-1
240134	2	1	0
240134	1	0	0
240134	1	1	1
240134	3	0	0
240134	4	1	0
240134	4	1	0
240134	4	1	0
240134	4	0	1
240134	3	1	0
240134	2	1	1
240134	3	1	0
240134	2	1	0
240134	3	1	-1
240134	1	1	1
240134	1	0	0
240134	3	1	-1
240134	1	1	1
240134	3	1	-1
240134	1	1	1
240134	3	0	0
240134	1	1	1
240134	3	1	-1
240134	1	1	1
240134	4	0	1
240134	1	1	1
240134	2	1	0
240134	2	1	0
240134	2	1	0
240134	3	0	0
240134	2	1	0
240134	2	1	0
240134	2	1	0
240134	2	1	0
240134	1	1	1
240134	4	0	1
240134	2	1	0
240134	2	1	1
240134	2	1	0
240134	4	1	0
240134	3	0	1
240134	3	0	0
240134	2	1	1
240134	1	1	1
240134	3	0	0
240134	2	1	1
240134	3	0	0
240134	2	1	1
240134	4	0	1
240134	2	1	0
240134	2	0	-1
240134	2	1	0
240134	2	1	0
240134	1	1	1
240134	2	1	0
240134	3	0	0
240134	2	0	-1
240134	4	0	1
240134	2	1	0
240134	2	1	1
240134	3	0	0
240134	4	0	1
240134	1	1	1
240134	3	0	0
240134	2	1	0
240134	1	1	0
240134	2	1	0
240134	4	1	0
240134	1	1	0
240134	3	0	0
240134	2	1	1
240134	1	1	1
240134	3	0	0
240134	1	1	1
240134	3	0	0
240134	4	0	1
240134	2	1	0
240134	2	1	0
240134	3	1	0
240134	4	1	-1
240134	2	1	0
240134	1	1	1
240134	4	0	1
240134	1	1	1
240134	1	1	1
240134	1	1	1
240134	1	1	1
240134	4	0	1
240134	4	0	0
240134	2	1	0
240134	1	1	1
240134	3	0	0
240134	2	0	0
240134	4	0	1
240134	2	1	0
240134	4	0	1
240134	3	1	0
240134	4	0	1
240134	1	1	1
240134	1	1	1
240134	1	1	1
240134	4	0	0
240134	4	0	1
240134	4	0	1
240134	4	0	0
240134	4	0	1
240134	4	0	1
240134	2	1	0
240134	2	1	0
240134	1	1	1
240134	4	0	0
240134	2	0	0
240134	4	0	1
240134	2	1	0
240134	2	1	0
240134	1	1	1
240134	2	0	0
240134	1	1	0
240134	4	0	1
240134	3	1	-1
240134	4	0	1
240134	4	0	1
240134	4	0	1
240134	2	0	-1
240134	3	1	0
240134	1	1	0
240134	3	1	0
240134	4	0	0
240134	1	1	1
240134	4	0	1
240134	4	0	1
240134	4	0	0
240134	2	0	-1
240134	4	0	1
240134	2	1	0
240134	4	0	1
240134	3	1	-1
240134	2	1	0
240134	3	0	0
240134	2	1	0
240134	2	1	0
240134	4	0	1
240134	2	1	0
240134	3	0	0
240134	2	1	0
240134	1	1	0
240134	4	0	1
240134	3	0	0
240134	4	0	1
240134	4	0	1
240134	1	1	1
240134	4	1	0
240134	2	1	0
240134	3	1	-1
240134	2	1	0
240134	2	1	0
240134	4	1	-1
240134	2	1	0
240134	2	1	0
240134	1	1	1
240134	2	0	-1
240134	4	0	1
240134	4	1	0
240134	3	1	0
240134	4	0	1
240134	3	1	-1
240134	4	1	0
240134	3	0	1
240134	4	0	1
240134	4	1	0
240134	3	0	0
240134	2	1	1
240134	2	0	-1
240134	4	0	1
240134	1	1	0
240134	2	1	0
240134	2	1	0
240134	4	0	1
240134	4	0	1
240134	3	1	0
240134	2	1	0
240134	1	1	1
240134	3	0	0
240134	2	1	0
240134	3	0	1
240134	3	0	1
240134	3	0	0
240134	3	0	0
240134	2	1	0
240134	1	1	1
240134	1	1	1
240134	1	1	1
240134	3	0	0
240134	3	0	0
240134	4	0	1
240134	2	1	1
240134	4	0	1
240134	3	1	-1
240134	4	0	1
240134	2	1	0
240134	3	0	1
240134	2	1	0
240134	2	1	0
240134	4	0	1
240134	3	0	0
240134	2	1	0
240134	1	1	0
240134	4	0	1
240134	1	1	1
240134	3	0	0
240134	4	0	0
240134	1	1	1
240134	2	1	0
240134	2	1	0
240134	2	1	1
240134	1	1	1
240134	1	1	1
240134	3	0	0
240134	3	1	-1
240134	2	1	0
240134	3	0	0
240134	1	1	1
240134	3	0	0
240134	3	0	1
240134	3	1	-1
240134	3	0	0
240134	3	0	0
240134	4	0	1
240134	1	1	1
240134	1	1	1
240134	1	1	1
240134	4	0	1
240134	3	0	0
240134	2	1	0
240134	4	0	1
240134	3	0	0
240134	4	0	1
240134	4	0	1
240134	3	0	1
240134	4	0	0
240134	3	0	0
240134	3	0	0
240134	3	0	0
240134	3	0	0
240134	4	0	1
240134	3	0	1
240134	1	1	1
240134	3	0	1
240134	1	1	0
240134	3	0	1
240134	4	0	1
240134	1	1	0
240134	2	1	0
240134	3	0	0
240134	1	1	0
240134	3	0	1
240134	3	0	0
240134	1	1	1
240134	1	1	1
240134	1	1	1
240134	1	1	1
240134	2	1	0
240134	1	1	0
240134	1	1	1
240134	1	1	1
240134	1	1	0
240134	2	0	0
240134	3	0	0
240134	2	0	-1
240134	3	1	-1
240134	3	1	-1
240134	1	1	1
240134	4	0	1
240134	2	1	1
240134	3	0	0
240134	1	1	1
240134	2	1	0
240134	1	1	1
240134	3	0	0
240134	1	1	1
240134	1	1	0
240134	2	1	0
240134	1	1	1
240134	1	1	0
240134	1	1	1
240134	2	0	-1
240134	1	1	1
240134	2	1	0
240134	2	1	1
240134	3	0	0
240134	1	1	1
240134	3	0	0
240134	1	1	0
240134	2	0	-1
240134	3	1	-1
240134	1	0	0
240134	4	1	0
240134	1	1	1
240134	4	0	1
240134	1	1	1
240134	4	0	0
240135	4	1	-1
240135	4	0	1
240135	2	1	0
240135	3	0	1
240135	4	0	0
240135	4	0	1
240135	2	1	0
240135	2	1	0
240135	4	0	1
240135	3	0	0
240135	4	0	1
240135	3	0	0
240135	4	0	0
240135	2	1	0
240135	1	1	1
240135	4	0	1
240135	2	1	0
240135	4	0	0
240135	3	0	0
240135	1	1	1
240135	2	1	0
240135	2	1	0
240135	1	1	1
240135	4	0	1
240135	2	0	-1
240135	2	1	0
240135	2	1	1
240135	2	1	0
240135	4	0	1
240135	4	0	1
240135	2	1	0
240135	1	1	0
240135	3	0	0
240135	3	0	1
240135	4	0	1
240135	2	1	0
240135	3	0	0
240135	1	1	1
240135	3	0	0
240135	3	0	0
240135	3	0	0
240135	4	0	1
240135	4	0	1
240135	4	0	1
240135	2	1	0
240135	2	1	1
240135	4	0	1
240135	2	1	0
240135	1	1	1
240135	4	0	0
240135	2	1	1
240135	2	1	0
240135	2	1	0
240135	4	0	1
240135	4	0	1
240135	1	1	0
240135	2	0	0
240135	2	1	1
240135	3	0	0
240135	2	1	0
240135	2	1	0
240135	2	1	0
240135	1	1	1
240135	2	1	0
240135	2	1	0
240135	2	1	0
240135	1	1	1
240135	2	1	0
240135	4	0	1
240135	4	0	1
240135	3	0	0
240135	1	1	1
240135	1	1	1
240135	3	0	0
240135	2	1	0
240135	3	0	1
240135	3	0	1
240135	4	0	1
240135	3	0	0
240135	1	1	1
240135	4	1	0
240135	3	0	0
240135	2	1	0
240135	2	1	1
240135	1	1	1
240135	2	1	0
240135	3	0	0
240135	2	1	1
240135	4	0	1
240135	3	0	0
240135	2	1	0
240135	4	0	1
240135	1	1	0
240135	3	0	0
240135	2	1	0
240135	4	0	1
240135	2	0	-1
240135	1	1	1
240135	3	0	0
240135	4	0	1
240135	2	1	0
240135	4	0	1
240135	1	1	0
240135	2	1	0
240135	2	1	0
240135	1	1	1
240135	2	1	0
240135	4	0	0
240135	4	0	1
240135	4	0	1
240135	2	1	0
240135	4	0	1
240135	2	1	0
240135	4	0	1
240135	2	1	0
240135	3	0	0
240135	1	1	1
240135	2	1	0
240135	4	0	1
240135	2	1	0
240135	4	0	1
240135	1	1	1
240135	2	1	0
240135	2	0	-1
240135	4	0	0
240135	1	1	0
240135	4	0	1
240135	4	0	0
240135	1	1	1
240135	2	1	0
240135	1	1	1
240135	2	1	0
240135	3	0	1
240135	2	0	0
240135	4	0	1
240135	3	0	0
240135	4	0	1
240135	1	1	1
240135	1	1	1
240135	3	0	0
240135	3	0	1
240135	2	0	0
240135	3	0	0
240135	4	0	1
240135	4	0	1
240135	4	0	1
240135	3	0	0
240135	3	0	0
240135	4	0	1
240135	2	1	0
240135	3	0	0
240135	1	1	1
240135	3	0	0
240135	4	0	1
240135	3	0	0
240135	1	1	1
240135	3	0	1
240135	1	1	1
240135	2	1	0
240135	4	0	1
240135	1	1	1
240135	3	0	0
240135	1	1	1
240135	2	0	-1
240135	1	1	1
240135	1	1	1
240135	3	0	0
240135	4	0	1
240135	2	1	1
240135	4	0	1
240135	1	1	0
240135	3	0	1
240135	2	1	0
240135	4	0	1
240135	4	0	0
240135	1	1	1
240135	2	1	0
240135	4	0	1
240135	4	0	0
240135	3	0	0
240135	4	0	0
240135	1	1	1
240135	3	0	0
240135	3	0	0
240135	4	0	1
240135	3	0	0
240135	1	1	0
240135	1	1	1
240135	1	1	1
240135	1	1	1
240135	3	0	1
240135	2	1	0
240135	2	1	1
240135	3	0	0
240135	4	0	1
240135	2	1	0
240135	2	1	0
240135	4	0	1
240135	2	1	0
240135	2	1	1
240135	4	0	0
240135	4	0	1
240135	1	1	1
240135	1	1	1
240135	4	0	1
240135	4	0	1
240135	4	0	1
240135	1	1	1
240135	4	0	0
240135	2	1	0
240135	2	1	0
240135	2	1	0
240135	1	1	1
240135	3	0	0
240135	2	1	1
240135	4	0	1
240135	2	1	0
240135	2	1	0
240135	1	1	1
240135	3	0	1
240135	1	1	1
240135	1	1	1
240135	2	0	0
240135	3	0	0
240135	3	0	0
240135	2	1	1
240135	4	0	0
240135	2	1	1
240135	3	0	0
240135	2	1	0
240135	2	1	1
240135	1	1	1
240135	3	0	0
240135	4	0	1
240135	1	1	1
240135	2	1	0
240135	2	1	0
240135	2	1	1
240135	2	1	1
240135	1	1	1
240135	4	0	1
240135	2	1	1
240135	2	1	0
240135	2	1	0
240135	2	1	0
240135	3	0	1
240135	1	1	1
240135	2	1	0
240135	2	1	0
240135	3	0	1
240135	2	1	0
240135	2	1	0
240135	2	1	0
240135	2	1	0
240135	4	0	1
240135	4	0	1
240135	4	0	0
240135	4	0	1
240135	3	0	1
240135	4	0	0
240135	2	1	0
240135	1	1	1
240135	2	1	0
240135	3	0	0
240135	2	1	0
240135	2	1	0
240135	2	1	1
240135	1	1	0
240135	2	1	0
240135	4	1	0
240135	2	1	0
240135	2	1	0
240135	2	1	0
240135	1	1	0
240135	4	0	0
240135	2	1	0
240135	3	0	0
240135	2	1	0
240135	3	0	0
240135	1	1	1
240135	1	1	1
240135	4	0	0
240135	3	0	1
240135	3	0	0
240135	3	0	0
240135	4	0	1
240135	2	1	0
240135	3	0	1
240135	3	0	0
240135	1	1	1
240135	3	0	0
240135	3	0	1
240135	4	0	1
240135	3	0	0
240135	1	1	0
240135	1	1	1
240135	2	1	0
240135	4	0	1
240135	4	0	0
240135	2	1	0
240135	1	1	1
240135	3	0	0
240135	1	1	1
240135	1	1	1
240135	1	1	1
240135	2	1	0
240135	1	1	1
240135	1	1	1
240135	3	0	0
240135	1	1	1
240135	1	1	1
240135	1	1	0
240135	2	1	0
240135	4	0	1
240135	1	1	1
240135	3	0	0
240135	4	0	1
240135	2	1	0
240135	3	0	1
240135	2	1	0
240135	1	1	1
240135	1	1	1
240135	1	1	1
240135	1	1	1
240135	2	1	1
240135	3	0	1
240135	3	0	0
240135	3	0	0
240135	1	1	0
240135	2	1	0
240135	3	0	0
240135	2	1	0
240135	4	0	1
240135	4	0	1
240135	4	0	1
240135	3	0	0
240135	3	0	0
240135	3	0	0
240135	2	1	0
240135	2	1	0
240135	1	1	0
240135	1	1	1
240135	4	0	1
240135	1	1	1
240135	3	0	0
240135	1	1	1
240135	1	1	1
240135	1	1	1
240135	3	0	0
240135	3	0	0
240135	2	1	1
240135	1	1	1
240135	1	1	1
240135	3	0	0
240135	3	0	1
240135	2	1	0
240135	2	1	0
240135	2	1	0
240135	1	1	1
240135	3	0	0
240135	2	0	0
240135	2	1	0
240135	2	1	0
240135	4	0	1
240135	4	0	0
240135	1	1	1
240135	4	0	1
240135	2	1	0
240135	3	0	0
240135	3	0	0
240135	1	1	1
240135	3	0	0
240135	3	0	0
240135	3	0	0
240135	4	0	1
240135	1	1	0
240135	3	0	0
240135	2	1	0
240135	4	0	1
240135	4	0	1
240135	4	0	1
240135	2	1	0
240135	1	1	1
240135	2	1	0
240135	2	1	0
240135	2	1	0
240135	3	0	0
240135	4	0	1
240135	1	1	1
240135	3	0	0
240135	1	1	1
240135	1	1	1
240135	1	1	1
240135	2	1	1
240135	3	0	0
240135	3	0	0
240135	1	1	1
240135	4	0	0
240135	3	0	0
240135	4	0	1
240231	4	0	0
240231	2	1	1
240231	3	0	1
240231	1	1	1
240231	2	1	1
240231	3	0	0
240231	2	1	0
240231	2	1	0
240231	1	1	1
240231	2	1	0
240231	2	1	0
240231	4	0	0
240231	4	1	0
240231	4	0	1
240231	4	0	1
240231	2	1	0
240231	2	1	0
240231	2	0	-1
240231	1	1	1
240231	4	0	1
240231	3	0	1
240231	2	1	0
240231	3	0	0
240231	4	0	0
240231	4	0	1
240231	2	1	0
240231	2	1	0
240231	2	1	0
240231	4	0	0
240231	4	0	1
240231	2	1	0
240231	2	1	0
240231	1	1	1
240231	4	0	1
240231	3	0	0
240231	4	0	1
240231	4	0	1
240231	2	1	0
240231	2	1	0
240231	2	1	0
240231	4	0	1
240231	2	1	0
240231	1	1	1
240231	3	0	0
240231	1	1	1
240231	1	1	1
240231	2	1	0
240231	1	1	1
240231	1	1	0
240231	4	1	0
240231	3	0	0
240231	2	1	0
240231	4	0	1
240231	3	1	0
240231	1	1	1
240231	2	1	1
240231	1	1	1
240231	2	1	0
240231	4	0	0
240231	1	1	1
240231	1	1	1
240231	2	1	0
240231	4	0	1
240231	2	1	0
240231	1	1	1
240231	2	1	0
240231	4	0	1
240231	1	1	1
240231	2	1	1
240231	1	1	1
240231	4	0	1
240231	3	0	0
240231	3	0	0
240231	3	0	0
240231	2	1	0
240231	4	0	1
240231	2	1	0
240231	2	1	1
240231	3	0	0
240231	4	0	1
240231	4	0	1
240231	2	1	0
240231	2	1	0
240231	4	0	1
240231	2	1	1
240231	4	0	0
240231	2	1	0
240231	2	1	0
240231	3	0	1
240231	4	0	0
240231	1	1	1
240231	2	1	1
240231	1	1	1
240231	3	0	0
240231	2	1	0
240231	4	0	0
240231	4	0	1
240231	4	0	1
240231	3	0	0
240231	3	0	0
240231	2	1	0
240231	2	1	0
240231	3	0	0
240231	3	0	0
240231	4	0	0
240231	2	1	0
240231	3	0	0
240231	1	1	1
240231	3	0	0
240231	4	0	1
240231	2	1	1
240231	3	0	0
240231	1	1	1
240231	3	0	0
240231	1	1	1
240231	3	0	0
240231	1	1	1
240231	1	1	1
240231	3	0	1
240231	3	0	0
240231	3	0	0
240231	2	1	0
240231	1	1	1
240231	3	0	0
240231	2	1	0
240231	4	0	0
240231	3	0	1
240231	1	1	1
240231	2	1	1
240231	3	0	1
240231	3	0	0
240231	3	0	0
240231	3	0	0
240231	3	0	0
240231	4	0	1
240231	1	1	1
240231	1	1	1
240231	4	0	1
240231	4	0	1
240231	4	0	1
240231	2	1	0
240231	3	0	0
240231	3	0	0
240231	2	1	1
240231	1	1	0
240231	1	1	0
240231	4	0	1
240231	2	1	0
240231	3	0	0
240231	4	0	1
240231	4	0	1
240231	4	0	1
240231	1	1	1
240231	3	0	0
240231	4	0	1
240231	3	0	0
240231	2	1	0
240231	3	0	0
240231	3	0	0
240231	2	1	1
240231	2	1	0
240231	1	1	1
240231	2	1	0
240231	4	1	0
240231	3	0	0
240231	2	1	1
240231	4	0	1
240231	1	1	1
240231	4	1	0
240231	1	1	1
240231	2	1	0
240231	2	1	0
240231	3	0	1
240231	3	0	1
240231	2	1	0
240231	2	0	-1
240231	2	1	0
240231	4	0	1
240231	2	1	0
240231	4	0	0
240231	1	1	0
240231	2	1	0
240231	2	1	0
240231	2	1	0
240231	2	1	0
240231	3	0	0
240231	1	1	1
240231	1	1	1
240231	1	1	0
240231	2	1	0
240231	2	1	0
240231	4	0	1
240231	3	0	1
240231	4	0	0
240231	3	0	0
240231	1	1	1
240231	2	1	0
240231	1	1	0
240231	3	0	0
240231	2	1	0
240231	2	1	1
240231	2	1	0
240231	4	0	1
240231	4	0	1
240231	1	1	1
240231	4	0	1
240231	4	0	0
240231	4	0	1
240231	4	0	1
240231	4	0	1
240231	4	0	1
240231	2	1	0
240231	1	1	0
240231	3	0	0
240231	2	1	0
240231	2	1	0
240231	2	1	0
240231	3	0	0
240231	2	1	1
240231	2	1	0
240231	4	0	1
240231	2	1	0
240231	2	1	1
240231	4	0	1
240231	1	1	1
240231	2	1	1
240231	1	1	1
240231	3	0	0
240231	3	0	0
240231	2	1	0
240231	4	0	1
240231	4	0	1
240231	2	1	0
240231	2	1	0
240231	2	1	0
240231	4	1	-1
240231	4	0	1
240231	2	1	0
240231	4	0	1
240231	2	1	0
240231	4	0	1
240231	3	0	0
240231	1	1	1
240231	2	0	0
240231	2	1	0
240231	3	0	0
240231	2	1	0
240231	2	1	0
240231	2	1	0
240231	4	0	1
240231	2	1	0
240231	2	1	0
240231	2	1	1
240231	3	0	0
240231	2	1	0
240231	1	1	1
240231	4	0	0
240231	1	1	1
240231	2	1	0
240231	1	1	1
240231	2	1	0
240231	2	1	0
240231	1	1	1
240231	2	1	0
240231	2	1	0
240231	3	0	0
240231	2	1	0
240231	3	0	0
240231	4	0	1
240231	2	1	0
240231	2	1	0
240231	4	0	1
240231	3	0	0
240231	3	0	0
240231	4	0	0
240231	3	0	1
240231	2	1	0
240231	3	0	0
240231	1	0	-1
240231	3	0	0
240231	4	0	1
240231	4	0	1
240231	1	1	1
240231	1	1	0
240231	4	0	1
240231	1	1	1
240231	1	1	1
240231	4	0	0
240231	4	0	1
240231	2	1	0
240231	2	1	0
240231	1	1	1
240231	3	0	0
240231	2	1	0
240231	1	1	1
240231	2	1	1
240231	4	0	1
240231	2	1	1
240231	1	1	1
240231	3	0	0
240231	1	0	-1
240231	4	0	1
240231	1	1	1
240231	2	0	-1
240231	1	1	1
240231	1	1	0
240231	3	0	0
240231	3	0	0
240231	3	0	1
240231	1	1	1
240231	1	1	0
240231	3	0	0
240231	3	0	0
240231	1	0	0
240231	1	1	1
240231	1	1	1
240231	1	1	0
240231	1	1	1
240231	4	0	1
240231	3	0	0
240231	4	0	1
240231	2	1	0
240231	3	0	0
240231	4	0	1
240231	3	0	1
240231	1	1	1
240231	2	1	0
240231	2	1	1
240231	2	1	0
240231	1	1	1
240231	2	1	0
240231	3	0	0
240231	1	1	1
240231	4	0	1
240231	1	1	1
240231	3	0	0
240231	3	0	0
240231	2	1	0
240231	1	1	1
240231	1	1	0
240231	1	1	0
240231	1	1	1
240231	1	1	1
240231	3	1	0
240231	4	0	1
240231	2	1	0
240231	2	1	1
240231	4	0	1
240231	2	1	0
240231	2	1	0
240231	4	0	1
240231	1	1	1
240231	4	0	1
240231	2	0	-1
240231	1	1	1
240231	4	0	1
240231	4	0	1
240231	1	1	1
240231	3	1	-1
240231	3	0	0
240231	3	1	-1
240231	2	1	0
240231	3	0	0
240231	1	1	1
240231	4	0	1
240231	3	0	0
240231	1	1	0
240231	2	1	1
240231	1	1	1
240231	3	0	0
240231	3	0	1
240231	1	1	0
240231	4	0	1
240231	4	0	1
240231	4	0	1
240231	2	1	0
240231	3	0	1
240231	1	1	1
240231	2	1	0
240231	2	1	1
240231	1	1	1
240231	2	1	1
240231	3	0	0
240231	4	0	1
240231	1	1	0
240231	3	1	0
240231	1	0	0
240231	2	1	0
240231	3	1	-1
240231	1	0	-1
240231	4	0	1
240231	1	1	1
240231	4	0	1
240231	3	0	0
240231	4	0	1
240231	3	0	0
240231	4	0	1
240231	3	0	1
240231	3	0	0
240231	1	1	1
240360	2	1	0
240360	3	0	0
240360	4	0	1
240360	1	1	1
240360	1	1	0
240360	1	1	0
240360	1	1	1
240360	4	0	0
240360	1	1	1
240360	3	0	0
240360	4	0	0
240360	4	0	1
240360	2	1	0
240360	3	0	1
240360	3	0	0
240360	4	0	1
240360	2	1	0
240360	4	0	1
240360	1	1	1
240360	1	1	1
240360	2	1	1
240360	3	0	1
240360	1	1	1
240360	2	1	0
240360	3	0	0
240360	4	0	1
240360	4	0	1
240360	2	1	0
240360	3	0	0
240360	2	1	0
240360	1	1	0
240360	3	0	0
240360	2	1	1
240360	4	0	1
240360	2	1	0
240360	1	1	1
240360	2	1	0
240360	1	1	1
240360	4	0	1
240360	3	0	0
240360	1	1	1
240360	1	1	1
240360	4	0	1
240360	4	0	1
240360	3	0	0
240360	4	0	1
240360	1	1	1
240360	4	0	1
240360	1	1	1
240360	3	0	0
240360	2	1	0
240360	2	1	1
240360	2	1	0
240360	3	0	1
240360	4	0	1
240360	3	0	0
240360	4	0	1
240360	4	0	1
240360	2	1	0
240360	2	1	0
240360	3	0	0
240360	2	1	0
240360	4	0	1
240360	2	1	1
240360	3	0	0
240360	3	0	0
240360	3	0	0
240360	2	1	0
240360	1	1	1
240360	3	0	0
240360	3	0	0
240360	4	0	1
240360	1	1	0
240360	1	1	0
240360	3	0	0
240360	2	1	0
240360	1	1	1
240360	4	0	0
240360	1	1	1
240360	2	1	0
240360	2	1	0
240360	2	1	0
240360	2	1	0
240360	4	0	1
240360	4	0	1
240360	4	0	1
240360	4	0	1
240360	4	0	1
240360	2	1	0
240360	4	0	1
240360	4	0	1
240360	2	1	0
240360	2	1	0
240360	3	0	0
240360	4	0	1
240360	2	1	0
240360	4	0	0
240360	3	0	0
240360	3	0	0
240360	4	0	0
240360	2	1	0
240360	3	0	1
240360	4	0	1
240360	4	0	1
240360	4	0	1
240360	3	0	0
240360	1	1	1
240360	2	1	0
240360	2	1	0
240360	2	1	0
240360	1	1	1
240360	2	1	0
240360	1	1	1
240360	4	0	1
240360	4	0	1
240360	3	0	0
240360	4	0	1
240360	4	0	1
240360	4	0	1
240360	2	1	0
240360	2	1	0
240360	4	0	1
240360	3	0	0
240360	3	0	0
240360	1	1	1
240360	1	1	1
240360	2	1	0
240360	2	1	1
240360	3	0	0
240360	2	1	1
240360	1	1	1
240360	4	0	0
240360	3	0	1
240360	2	1	0
240360	3	0	0
240360	2	1	0
240360	2	1	0
240360	2	1	1
240360	1	1	1
240360	2	1	0
240360	2	1	0
240360	4	0	1
240360	4	0	1
240360	4	0	1
240360	1	1	1
240360	2	1	0
240360	4	0	0
240360	4	0	1
240360	1	1	1
240360	4	0	0
240360	2	1	1
240360	1	1	1
240360	4	0	1
240360	1	1	1
240360	2	1	0
240360	4	0	1
240360	2	1	0
240360	1	1	1
240360	2	1	1
240360	3	0	0
240360	4	0	1
240360	2	1	0
240360	4	0	1
240360	2	1	0
240360	2	1	0
240360	2	0	-1
240360	4	0	1
240360	3	0	0
240360	4	0	1
240360	1	1	0
240360	2	1	0
240360	4	0	1
240360	1	1	1
240360	2	1	0
240360	4	0	0
240360	2	1	0
240360	4	0	1
240360	4	0	1
240360	2	1	0
240360	2	1	0
240360	2	1	0
240360	4	0	1
240360	4	0	1
240360	2	1	0
240360	3	0	0
240360	1	1	1
240360	3	0	0
240360	3	0	0
240360	2	1	0
240360	2	1	0
240360	2	1	0
240360	2	1	1
240360	4	0	1
240360	3	0	0
240360	2	1	0
240360	2	1	0
240360	2	1	0
240360	2	1	0
240360	1	1	1
240360	2	1	0
240360	4	0	0
240360	2	1	0
240360	2	1	0
240360	1	1	1
240360	4	0	1
240360	2	1	1
240360	2	1	0
240360	1	1	1
240360	2	1	0
240360	3	0	0
240360	2	1	0
240360	2	1	0
240360	1	1	1
240360	2	1	0
240360	1	1	1
240360	2	1	0
240360	2	1	0
240360	2	1	1
240360	2	1	0
240360	2	1	1
240360	3	0	0
240360	2	1	0
240360	3	0	1
240360	1	1	1
240360	1	1	1
240360	2	1	1
240360	3	0	0
240360	2	1	0
240360	2	1	0
240360	3	0	1
240360	2	1	0
240360	3	0	0
240360	2	1	0
240360	4	0	1
240360	1	1	0
240360	1	1	1
240360	4	0	0
240360	3	0	0
240360	4	0	1
240360	2	1	0
240360	1	1	1
240360	3	0	0
240360	1	1	0
240360	3	0	0
240360	2	1	0
240360	2	1	1
240360	2	1	0
240360	3	0	0
240360	2	1	0
240360	1	1	1
240360	3	0	0
240360	4	1	0
240360	4	0	1
240360	1	1	1
240360	4	0	1
240360	3	0	0
240360	3	0	0
240360	4	0	1
240360	3	0	0
240360	4	0	1
240360	3	0	0
240360	3	0	0
240360	1	1	1
240360	1	1	0
240360	1	1	0
240360	4	0	1
240360	3	0	0
240360	2	1	0
240360	1	1	1
240360	1	1	0
240360	1	1	1
240360	3	0	0
240360	3	0	0
240360	1	1	1
240360	1	1	1
240360	3	0	0
240360	3	0	1
240360	4	0	0
240360	1	1	0
240360	2	1	0
240360	3	0	1
240360	1	1	1
240360	1	1	1
240360	4	0	1
240360	1	1	1
240360	4	0	0
240360	4	0	1
240360	2	1	0
240360	2	1	0
240360	1	1	1
240360	4	0	1
240360	3	0	0
240360	1	1	1
240360	1	1	1
240360	1	1	1
240360	2	1	0
240360	3	0	1
240360	3	0	0
240360	1	1	1
240360	3	0	0
240360	3	0	0
240360	1	1	1
240360	3	0	0
240360	1	1	0
240360	3	0	1
240360	3	0	0
240360	3	0	1
240360	1	1	1
240360	1	1	1
240360	2	1	0
240360	4	0	0
240360	3	0	1
240360	2	1	0
240360	3	0	0
240360	1	1	1
240360	3	0	0
240360	2	1	0
240360	1	1	1
240360	1	1	0
240360	3	0	0
240558	4	1	0
240558	3	1	-1
240558	1	1	0
240558	1	1	1
240558	3	1	-1
240558	1	1	1
240558	3	1	-1
240558	3	1	-1
240558	3	1	-1
240558	2	1	0
240558	4	1	0
240558	3	1	-1
240558	4	1	0
240558	2	1	1
240558	2	1	0
240558	3	1	-1
240558	2	1	0
240558	3	1	-1
240558	4	1	0
240558	4	1	0
240558	2	1	0
240558	1	0	0
240558	4	0	1
240558	2	1	0
240558	4	1	0
240558	2	1	0
240558	1	1	0
240558	2	1	0
240558	4	1	0
240558	2	1	0
240558	4	1	-1
240558	4	1	0
240558	4	1	-1
240558	2	0	-1
240558	2	0	0
240558	1	1	1
240558	4	0	1
240558	4	0	1
240558	1	0	0
240558	4	1	0
240558	1	1	1
240558	4	0	1
240558	4	1	0
240558	3	0	0
240558	3	1	-1
240558	4	1	0
240558	1	0	0
240558	4	1	0
240558	4	1	0
240558	2	1	0
240558	1	1	1
240558	2	1	1
240558	3	1	-1
240558	2	1	0
240558	4	1	0
240558	1	1	1
240558	3	1	-1
240558	3	0	0
240558	3	0	0
240558	1	1	1
240558	1	0	0
240558	4	1	0
240558	4	1	0
240558	1	1	1
240558	2	0	0
240558	1	0	0
240558	3	1	-1
240558	2	0	-1
240558	3	1	-1
240558	2	0	-1
240558	2	1	1
240558	3	1	0
240558	1	1	1
240558	2	1	0
240558	2	1	0
240558	3	1	-1
240558	2	1	0
240558	4	1	0
240558	2	0	0
240558	2	1	0
240558	1	1	0
240558	4	1	-1
240558	4	1	0
240558	2	1	0
240558	4	1	0
240558	1	1	1
240558	4	0	1
240558	4	1	0
240558	2	1	0
240558	2	1	0
240558	4	1	-1
240558	2	1	1
240558	2	0	-1
240558	2	1	0
240558	4	1	0
240558	4	1	0
240558	4	1	-1
240558	4	1	-1
240558	2	1	0
240558	3	1	-1
240558	2	1	1
240558	2	0	-1
240558	4	1	-1
240558	4	1	-1
240558	1	1	1
240558	2	0	-1
240558	4	1	-1
240558	2	1	1
240558	4	0	0
240558	4	0	0
240558	1	1	1
240558	3	0	0
240558	3	0	0
240558	3	1	-1
240558	3	1	-1
240558	4	1	-1
240558	1	1	1
240558	4	1	0
240558	2	1	0
240558	1	0	0
240558	3	0	0
240558	4	1	0
240558	2	1	0
240558	1	1	1
240558	1	1	1
240558	2	0	-1
240558	3	1	-1
240558	4	1	0
240558	4	1	0
240558	1	1	0
240558	1	1	0
240558	4	1	0
240558	3	1	-1
240558	3	1	-1
240558	2	1	1
240558	3	1	-1
240558	3	1	-1
240558	4	1	0
240558	1	0	0
240558	3	0	0
240558	2	1	0
240558	4	1	0
240558	4	1	-1
240558	2	1	0
240558	2	1	1
240558	1	1	0
240558	4	0	1
240558	2	1	1
240558	4	1	0
240558	3	1	-1
240558	1	1	1
240558	1	1	0
240558	3	0	0
240558	2	1	0
240558	2	0	-1
240558	2	1	1
240558	4	1	0
240558	4	1	0
240558	1	1	1
240558	4	1	0
240558	4	1	0
240558	4	1	0
240558	1	1	0
240558	1	1	1
240558	3	1	-1
240558	1	1	0
240558	3	0	0
240558	4	1	0
240558	3	0	1
240558	2	1	0
240558	4	0	1
240558	1	0	-1
240558	4	1	0
240558	3	0	0
240558	2	1	0
240558	2	1	0
240558	3	1	-1
240558	4	1	0
240558	2	0	-1
240558	4	1	-1
240558	2	1	1
240558	2	1	1
240558	3	0	0
240558	2	1	0
240558	2	1	1
240558	1	1	1
240558	2	0	-1
240558	2	1	0
240558	2	1	0
240558	2	1	1
240558	1	1	1
240558	4	0	1
240558	3	1	-1
240558	1	1	1
240558	2	1	1
240558	3	1	-1
240558	2	1	0
240558	4	1	0
240558	2	1	0
240558	2	1	0
240558	4	1	0
240558	2	1	0
240558	3	1	-1
240558	2	1	0
240558	3	1	-1
240558	2	1	0
240558	3	1	-1
240558	2	0	-1
240558	2	1	0
240558	2	1	0
240558	2	1	0
240558	2	1	0
240558	2	1	1
240558	2	1	0
240558	2	0	-1
240558	2	1	0
240558	2	1	0
240558	2	1	1
240558	1	1	1
240558	2	1	0
240558	1	0	0
240558	2	0	-1
240558	2	1	0
240558	1	0	-1
240558	2	1	0
240558	3	1	-1
240558	2	1	1
240558	1	0	0
240558	2	0	-1
240558	4	1	0
240558	2	1	0
240558	2	0	-1
240558	4	1	0
240558	4	0	0
240558	2	1	0
240558	4	1	0
240558	4	0	1
240558	4	0	1
240558	2	1	0
240558	2	1	0
240558	2	0	-1
240558	1	1	1
240558	3	1	-1
240558	4	1	0
240558	3	0	0
240558	3	1	-1
240558	1	1	1
240558	3	0	0
240558	1	1	1
240558	2	0	0
240558	1	1	1
240558	4	0	1
240558	4	1	0
240558	1	1	0
240558	4	0	1
240558	1	0	0
240558	2	1	0
240558	2	1	0
240558	1	1	1
240558	4	0	1
240558	1	0	0
240558	2	1	0
240558	3	1	-1
240558	4	0	1
240558	1	0	0
240558	4	1	0
240558	2	0	-1
240558	3	1	-1
240558	3	1	-1
240558	4	1	0
240558	4	0	0
240558	3	0	0
240558	2	1	0
240558	2	1	0
240558	3	0	0
240558	2	1	0
240558	2	1	0
240558	3	1	0
240558	2	0	-1
240558	3	0	1
240558	1	1	1
240558	2	0	-1
240558	1	1	1
240558	2	0	0
240558	3	1	-1
240558	2	0	-1
240558	1	1	1
240558	2	1	0
240558	2	0	-1
240558	2	1	0
240558	3	1	-1
240558	1	1	1
240558	2	1	0
240558	2	1	0
240558	1	1	1
240558	2	1	1
240558	3	1	-1
240558	1	1	1
240558	3	0	0
240558	3	0	0
240558	3	1	0
240558	3	1	-1
240558	1	1	1
240558	2	0	-1
240558	3	0	0
240558	2	1	0
240558	2	1	0
240558	3	0	0
240558	4	0	0
240558	2	0	-1
240558	2	1	1
240558	2	1	0
240558	4	1	0
240558	1	0	0
240558	2	1	0
240558	2	1	0
240558	3	0	1
240558	1	0	0
240558	1	0	0
240558	1	1	0
240558	1	0	0
240558	4	1	0
240558	3	1	-1
240558	3	1	-1
240558	3	1	-1
240558	3	1	-1
240558	1	0	0
240558	1	1	1
240558	2	1	0
240558	1	0	-1
240558	1	1	1
240558	4	1	0
240558	1	1	1
240558	3	0	0
240558	3	0	0
240558	1	0	0
240558	4	0	0
240558	3	1	0
240558	4	1	0
240558	1	1	0
240558	1	1	1
240558	3	0	0
240558	3	1	-1
240558	1	0	-1
240558	3	1	-1
240558	2	1	0
240558	3	1	-1
240558	1	1	1
240558	2	0	0
240558	1	0	-1
240558	3	1	-1
240558	3	1	0
240558	1	1	1
240558	1	1	1
240558	3	1	-1
240558	2	1	0
240558	1	1	0
240558	3	1	-1
240558	1	1	1
240558	1	1	1
240558	4	1	0
240558	3	0	0
240558	4	1	-1
240558	3	0	0
240558	3	0	0
240558	2	1	0
240558	1	0	0
240558	1	1	1
240558	4	0	1
240558	2	0	-1
240558	4	0	1
240558	4	1	-1
240558	2	1	0
240558	4	1	0
240558	1	1	1
240558	3	1	0
240558	2	0	0
240558	3	1	0
240558	3	0	0
240558	1	1	0
240558	4	1	-1
240558	3	0	0
240558	1	0	0
240558	2	1	0
240558	4	1	0
240558	4	0	1
240558	4	0	1
240558	3	0	1
240558	3	0	0
240558	2	1	0
240558	1	1	0
240558	1	0	-1
240558	4	1	0
240558	3	1	-1
240558	1	1	0
240558	1	1	1
240558	2	1	0
240558	4	1	0
240558	1	0	0
240558	1	0	-1
240917	2	1	0
240917	2	1	0
240917	4	1	-1
240917	4	1	-1
240917	3	1	0
240917	3	1	0
240917	1	0	-1
240917	1	0	-1
240917	3	0	0
240917	3	0	0
240917	1	1	1
240917	1	1	1
240917	1	0	0
240917	1	0	0
240917	1	1	1
240917	1	1	1
240917	4	0	1
240917	4	0	1
240917	1	1	0
240917	1	1	0
240917	2	0	-1
240917	2	0	-1
240917	3	1	-1
240917	3	1	-1
240917	4	1	0
240917	4	1	0
240917	3	0	1
240917	3	0	1
240917	1	0	-1
240917	1	0	-1
240917	1	1	1
240917	1	1	1
240917	2	1	0
240917	2	1	0
240917	3	0	0
240917	3	0	0
240917	1	1	0
240917	1	1	0
240917	3	1	-1
240917	3	1	-1
240917	4	1	0
240917	4	1	0
240917	4	0	1
240917	4	0	1
240917	3	0	1
240917	3	0	1
240917	2	1	0
240917	2	1	0
240917	2	1	0
240917	2	1	0
240917	4	1	0
240917	4	1	0
240917	2	0	-1
240917	2	0	-1
240917	4	1	-1
240917	4	1	-1
240917	3	1	-1
240917	3	1	-1
240917	4	0	1
240917	4	0	1
240917	2	0	-1
240917	2	0	-1
240917	3	0	0
240917	3	0	0
240917	3	0	1
240917	3	0	1
240917	2	1	0
240917	2	1	0
240917	1	1	1
240917	1	1	1
240917	3	0	0
240917	3	0	0
240917	4	1	0
240917	4	1	0
240917	4	0	1
240917	4	0	1
240917	3	1	0
240917	3	1	0
240917	2	1	0
240917	2	1	0
240917	4	0	1
240917	4	0	1
240917	4	0	0
240917	4	0	0
240917	2	0	0
240917	2	0	0
240917	4	1	0
240917	4	1	0
240917	2	1	0
240917	2	1	0
240917	4	0	1
240917	4	0	1
240917	1	1	1
240917	1	1	1
240917	1	0	0
240917	1	0	0
240917	2	0	-1
240917	2	0	-1
240917	4	1	0
240917	4	1	0
240917	2	0	-1
240917	2	0	-1
240917	2	1	0
240917	2	1	0
240917	2	1	1
240917	2	1	1
240917	4	1	0
240917	4	1	0
240917	2	1	0
240917	2	1	0
240917	3	1	0
240917	3	1	0
240917	1	1	1
240917	1	1	1
240917	3	1	-1
240917	3	1	-1
240917	4	0	1
240917	4	0	1
240917	4	0	1
240917	4	0	1
240917	3	0	0
240917	3	0	0
240917	1	1	1
240917	1	1	1
240917	1	0	0
240917	1	0	0
240917	1	0	0
240917	1	0	0
240917	3	1	-1
240917	3	1	-1
240917	1	1	1
240917	1	1	1
240917	2	1	0
240917	2	1	0
240917	2	0	-1
240917	2	0	-1
240917	1	1	1
240917	1	1	1
240917	2	1	0
240917	2	1	0
240917	4	1	0
240917	4	1	0
240917	3	1	-1
240917	3	1	-1
240917	2	1	0
240917	2	1	0
240917	3	0	0
240917	3	0	0
240917	1	0	-1
240917	1	0	-1
240917	1	1	1
240917	1	1	1
240917	1	0	0
240917	1	0	0
240917	4	1	0
240917	4	1	0
240917	3	1	-1
240917	3	1	-1
240917	3	0	0
240917	3	0	0
240917	4	0	1
240917	4	0	1
240917	4	1	-1
240917	4	1	-1
240917	2	1	0
240917	2	1	0
240917	2	1	0
240917	2	1	0
240917	4	1	0
240917	4	1	0
240917	4	0	1
240917	4	0	1
240917	2	0	-1
240917	2	0	-1
240917	4	1	-1
240917	4	1	-1
240917	2	1	0
240917	2	1	0
240917	4	0	1
240917	4	0	1
240917	4	1	0
240917	4	1	0
240917	3	1	0
240917	3	1	0
240917	2	0	0
240917	2	0	0
240917	2	1	0
240917	2	1	0
240917	4	0	1
240917	4	0	1
240917	2	1	0
240917	2	1	0
240917	2	1	0
240917	2	1	0
240917	4	1	0
240917	4	1	0
240917	3	0	1
240917	3	0	1
240917	1	0	0
240917	1	0	0
240917	4	1	0
240917	4	1	0
240917	4	0	1
240917	4	0	1
240917	2	0	0
240917	2	0	0
240917	1	1	1
240917	1	1	1
240917	2	0	-1
240917	2	0	-1
240917	4	0	1
240917	4	0	1
240917	1	1	1
240917	1	1	1
240917	2	0	-1
240917	2	0	-1
240917	2	0	-1
240917	2	0	-1
240917	2	0	-1
240917	2	0	-1
240917	2	1	1
240917	2	1	1
240917	3	1	-1
240917	3	1	-1
240917	2	1	1
240917	2	1	1
240917	1	1	0
240917	1	1	0
240917	4	0	0
240917	4	0	0
240917	1	1	1
240917	1	1	1
240917	2	0	-1
240917	2	0	-1
240917	3	1	-1
240917	3	1	-1
240917	3	1	0
240917	3	1	0
240917	1	1	0
240917	1	1	0
240917	4	1	-1
240917	4	1	-1
240917	3	0	1
240917	3	0	1
240917	2	1	0
240917	2	1	0
240917	2	0	-1
240917	2	0	-1
240917	3	0	1
240917	3	0	1
240917	1	1	1
240917	1	1	1
240917	1	0	0
240917	1	0	0
240917	3	0	0
240917	3	0	0
240917	2	1	0
240917	2	1	0
240917	3	1	-1
240917	3	1	-1
240917	2	0	0
240917	2	0	0
240917	3	0	0
240917	3	0	0
240917	4	1	-1
240917	4	1	-1
240917	1	0	-1
240917	1	0	-1
240917	1	1	1
240917	1	1	1
240917	4	1	0
240917	4	1	0
240917	4	1	0
240917	4	1	0
240917	4	1	0
240917	4	1	0
240917	2	1	0
240917	2	1	0
240917	4	1	0
240917	4	1	0
240917	1	1	1
240917	1	1	1
240917	4	1	0
240917	4	1	0
240917	4	1	0
240917	4	1	0
240917	3	1	-1
240917	3	1	-1
240917	2	1	1
240917	2	1	1
240917	2	0	-1
240917	2	0	-1
240917	4	1	0
240917	4	1	0
240917	1	1	1
240917	1	1	1
240917	4	0	1
240917	4	0	1
240917	2	1	0
240917	2	1	0
240917	4	1	0
240917	4	1	0
240917	3	1	0
240917	3	1	0
240917	4	1	0
240917	4	1	0
240917	2	1	1
240917	2	1	1
240917	4	0	1
240917	4	0	1
240917	2	1	0
240917	2	1	0
240917	2	1	0
240917	2	1	0
240917	4	1	0
240917	4	1	0
240917	2	1	0
240917	2	1	0
240917	4	1	0
240917	4	1	0
240917	1	1	1
240917	1	1	1
240917	2	0	-1
240917	2	0	-1
240917	2	0	-1
240917	2	0	-1
240917	1	1	1
240917	1	1	1
240917	3	1	-1
240917	3	1	-1
240917	4	1	0
240917	4	1	0
240917	1	0	0
240917	1	0	0
240917	2	1	1
240917	2	1	1
240917	2	0	-1
240917	2	0	-1
240917	1	1	0
240917	1	1	0
240917	2	0	-1
240917	2	0	-1
240917	2	1	0
240917	2	1	0
240917	3	1	-1
240917	3	1	-1
240917	2	1	0
240917	2	1	0
240917	2	1	0
240917	2	1	0
240917	4	0	1
240917	4	0	1
240917	3	0	0
240917	3	0	0
240917	2	1	0
240917	2	1	0
240917	4	0	1
240917	4	0	1
240917	4	1	0
240917	4	1	0
240917	2	1	0
240917	2	1	0
240917	4	1	0
240917	4	1	0
240917	1	1	1
240917	1	1	1
240917	4	1	0
240917	4	1	0
240917	4	0	1
240917	4	0	1
240917	3	1	0
240917	3	1	0
240917	1	1	1
240917	1	1	1
240917	4	0	1
240917	4	0	1
240917	3	1	-1
240917	3	1	-1
240917	3	1	-1
240917	3	1	-1
240917	4	1	0
240917	4	1	0
240917	2	0	-1
240917	2	0	-1
240917	1	1	1
240917	1	1	1
240917	3	0	0
240917	3	0	0
240917	1	1	1
240917	1	1	1
240917	4	0	1
240917	4	0	1
240917	2	0	-1
240917	2	0	-1
240917	4	1	0
240917	4	1	0
240917	2	1	0
240917	2	1	0
240917	4	1	0
240917	4	1	0
240917	2	1	0
240917	2	1	0
240917	2	1	0
240917	2	1	0
240917	2	1	0
240917	2	1	0
240917	1	1	1
240917	1	1	1
240917	2	0	-1
240917	2	0	-1
240917	2	1	0
240917	2	1	0
240917	2	0	-1
240917	2	0	-1
240917	2	0	-1
240917	2	0	-1
240917	2	1	1
240917	2	1	1
240917	2	0	-1
240917	2	0	-1
240917	2	1	0
240917	2	1	0
240917	2	1	0
240917	2	1	0
240917	2	1	1
240917	2	1	1
240917	2	1	0
240917	2	1	0
240917	2	1	0
240917	2	1	0
240917	4	0	1
240917	4	0	1
240917	2	1	0
240917	2	1	0
240917	2	1	0
240917	2	1	0
240917	2	0	0
240917	2	0	0
240917	3	1	-1
240917	3	1	-1
240917	3	1	-1
240917	3	1	-1
240917	4	1	0
240917	4	1	0
240917	2	0	-1
240917	2	0	-1
240917	2	1	0
240917	2	1	0
240917	2	1	0
240917	2	1	0
240917	3	0	0
240917	3	0	0
240917	4	1	0
240917	4	1	0
240917	2	0	-1
240917	2	0	-1
240917	2	1	0
240917	2	1	0
240917	3	1	0
240917	3	1	0
240917	2	1	0
240917	2	1	0
240917	2	1	0
240917	2	1	0
240917	2	1	0
240917	2	1	0
240917	1	1	1
240917	1	1	1
240917	3	1	0
240917	3	1	0
240917	2	1	0
240917	2	1	0
240917	1	1	1
240917	1	1	1
240917	4	0	1
240917	4	0	1
240917	2	1	1
240917	2	1	1
240917	1	1	1
240917	1	1	1
240917	4	1	0
240917	4	1	0
240917	1	0	0
240917	1	0	0
240917	3	0	0
240917	3	0	0
240917	4	1	0
240917	4	1	0
240917	1	1	1
240917	1	1	1
240917	1	1	0
240917	1	1	0
240917	3	0	1
240917	3	0	1
240917	3	1	-1
240917	3	1	-1
240917	1	1	0
240917	1	1	0
240917	1	0	0
240917	1	0	0
240917	3	1	0
240917	3	1	0
240917	4	0	1
240917	4	0	1
240917	1	1	1
240917	1	1	1
240917	1	0	0
240917	1	0	0
240917	2	0	-1
240917	2	0	-1
240917	4	1	0
240917	4	1	0
240917	4	1	0
240917	4	1	0
240917	2	1	0
240917	2	1	0
240917	4	0	0
240917	4	0	0
240917	3	0	0
240917	3	0	0
240917	2	1	1
240917	2	1	1
240917	1	1	1
240917	1	1	1
240917	1	1	1
240917	1	1	1
240917	1	1	1
240917	1	1	1
240917	3	1	0
240917	3	1	0
240917	3	1	-1
240917	3	1	-1
240917	1	1	1
240917	1	1	1
240917	3	1	-1
240917	3	1	-1
240917	3	1	0
240917	3	1	0
240917	3	1	-1
240917	3	1	-1
240917	4	1	0
240917	4	1	0
240917	1	0	0
240917	1	0	0
240917	3	0	0
240917	3	0	0
240917	3	0	0
240917	3	0	0
240917	2	1	0
240917	2	1	0
240917	4	0	1
240917	4	0	1
240917	3	0	0
240917	3	0	0
240917	2	0	-1
240917	2	0	-1
240917	1	1	1
240917	1	1	1
240917	1	1	1
240917	1	1	1
240917	4	1	0
240917	4	1	0
240917	1	1	1
240917	1	1	1
240917	3	1	-1
240917	3	1	-1
240917	4	1	-1
240917	4	1	-1
240917	1	1	1
240917	1	1	1
240917	2	1	0
240917	2	1	0
240917	3	0	0
240917	3	0	0
240917	4	1	-1
240917	4	1	-1
240917	2	1	0
240917	2	1	0
240917	3	0	0
240917	3	0	0
240917	1	0	0
240917	1	0	0
240917	1	1	1
240917	1	1	1
240917	3	0	0
240917	3	0	0
240917	1	0	-1
240917	1	0	-1
240917	2	0	-1
240917	2	0	-1
240917	3	1	-1
240917	3	1	-1
240917	3	1	-1
240917	3	1	-1
240917	1	0	0
240917	1	0	0
240917	3	0	0
240917	3	0	0
240917	3	1	-1
240917	3	1	-1
240917	4	0	1
240917	4	0	1
240917	1	0	0
240917	1	0	0
240917	3	1	-1
240917	3	1	-1
240917	1	0	-1
240917	1	0	-1
240917	3	1	0
240917	3	1	0
240917	2	0	-1
240917	2	0	-1
240917	1	1	1
240917	1	1	1
240917	1	1	1
240917	1	1	1
240917	3	0	0
240917	3	0	0
240917	2	1	0
240917	2	1	0
240917	3	0	1
240917	3	0	1
240917	3	1	-1
240917	3	1	-1
240917	1	0	0
240917	1	0	0
240917	1	1	1
240917	1	1	1
240917	3	0	0
240917	3	0	0
240917	3	1	0
240917	3	1	0
240917	2	0	-1
240917	2	0	-1
240917	1	1	0
240917	1	1	0
240917	2	0	0
240917	2	0	0
240917	1	1	0
240917	1	1	0
240997	2	1	0
240997	4	0	1
240997	2	1	0
240997	4	0	0
240997	3	0	0
240997	4	0	1
240997	4	0	1
240997	2	1	0
240997	3	0	0
240997	2	1	0
240997	4	0	1
240997	4	0	1
240997	4	0	1
240997	4	0	0
240997	4	0	1
240997	4	0	1
240997	3	0	1
240997	2	1	0
240997	1	1	1
240997	3	0	0
240997	4	0	1
240997	1	1	1
240997	1	1	0
240997	4	0	1
240997	4	0	1
240997	2	1	0
240997	2	1	0
240997	3	0	1
240997	2	1	0
240997	2	1	0
240997	4	0	1
240997	2	1	0
240997	3	0	0
240997	4	0	1
240997	1	1	0
240997	4	0	1
240997	4	0	1
240997	4	0	1
240997	4	0	1
240997	3	0	1
240997	1	1	1
240997	4	0	1
240997	2	1	1
240997	4	0	0
240997	4	0	1
240997	4	0	0
240997	4	0	1
240997	1	1	1
240997	2	1	0
240997	4	0	1
240997	2	1	0
240997	1	1	1
240997	3	0	0
240997	4	0	0
240997	4	0	1
240997	4	0	1
240997	4	0	1
240997	4	0	1
240997	4	0	1
240997	3	0	1
240997	4	0	0
240997	4	0	1
240997	1	1	1
240997	2	1	0
240997	4	0	0
240997	4	0	1
240997	2	1	1
240997	1	1	1
240997	1	1	1
240997	4	0	1
240997	3	0	0
240997	3	0	1
240997	2	1	0
240997	4	0	1
240997	1	1	1
240997	4	0	0
240997	3	0	0
240997	4	0	1
240997	1	1	0
240997	4	0	1
240997	3	0	0
240997	1	1	1
240997	1	1	1
240997	4	0	1
240997	3	0	0
240997	1	1	0
240997	3	0	0
240997	2	1	0
240997	1	1	1
240997	2	1	0
240997	1	1	1
240997	3	0	0
240997	4	0	1
240997	1	1	1
240997	3	0	0
240997	1	1	0
240997	1	1	1
240997	4	0	1
240997	1	1	0
240997	1	1	0
240997	1	1	1
240997	3	0	0
240997	1	1	0
240997	4	0	1
240997	2	1	0
240997	3	0	1
240997	4	0	0
240997	1	1	1
240997	3	0	0
240997	3	0	0
240997	1	1	1
240997	3	0	1
240997	3	0	0
240997	1	1	0
240997	3	0	0
240997	3	0	0
240997	3	0	0
240997	1	1	1
240997	2	1	0
240997	1	1	1
240997	4	0	1
240997	3	0	0
240997	3	0	0
240997	3	0	0
240997	2	1	0
240997	4	0	1
240997	3	0	1
240997	2	1	1
240997	3	0	0
240997	1	1	0
240997	3	0	0
240997	3	0	0
240997	1	1	1
240997	3	0	0
240997	3	0	1
240997	3	0	0
240997	4	0	1
240997	1	1	1
240997	2	1	0
240997	1	1	1
240997	4	0	1
240997	2	1	0
240997	1	1	1
240997	4	0	0
240997	1	1	0
240997	2	1	0
240997	1	1	1
240997	2	1	0
240997	3	0	0
240997	3	0	0
240997	3	0	0
240997	1	1	0
240997	4	0	1
240997	4	0	1
240997	1	1	1
240997	2	1	0
240997	1	1	1
240997	3	0	0
240997	1	1	1
240997	2	1	0
240997	4	0	1
240997	3	0	0
240997	3	0	0
240997	1	1	1
240997	4	0	1
240997	2	1	1
240997	1	1	0
240997	2	0	-1
240997	2	1	0
240997	4	0	1
240997	1	1	0
240997	4	0	1
240997	3	0	1
240997	3	0	0
240997	2	1	0
240997	1	1	0
240997	3	0	0
240997	1	1	1
240997	1	1	1
240997	3	0	0
240997	3	0	0
240997	3	0	1
240997	4	0	1
240997	4	0	1
240997	2	1	0
240997	3	0	1
240997	4	0	0
240997	2	1	0
240997	1	1	1
240997	2	1	0
240997	2	1	1
240997	4	0	0
240997	3	0	0
240997	1	1	1
240997	4	0	1
240997	2	1	0
240997	2	1	0
240997	3	0	0
240997	3	0	0
240997	3	0	0
240997	2	1	1
240997	4	0	1
240997	1	1	1
240997	2	1	0
240997	1	1	1
240997	1	1	1
240997	1	1	0
240997	2	1	0
240997	4	0	1
240997	3	0	0
240997	3	0	0
240997	1	1	1
240997	3	0	0
240997	4	0	1
240997	1	1	1
240997	3	0	0
240997	1	1	1
240997	3	0	0
240997	3	0	1
240997	1	1	0
240997	4	1	0
240997	3	0	0
240997	2	1	0
240997	1	1	1
240997	2	1	0
240997	2	1	0
240997	1	1	1
240997	4	0	1
240997	4	0	1
240997	4	0	1
240997	2	1	0
240997	1	1	1
240997	4	0	1
240997	2	1	0
240997	3	0	0
240997	2	1	0
240997	4	0	1
240997	2	1	0
240997	4	0	1
240997	2	1	0
240997	1	1	0
240997	4	0	1
240997	4	0	1
240997	2	1	0
240997	4	0	1
240997	2	1	0
240997	2	1	0
240997	4	0	1
240997	4	0	1
240997	1	1	1
240997	1	1	1
240997	1	1	1
240997	4	0	1
240997	3	1	-1
240997	2	1	0
240997	2	1	0
240997	2	1	0
240997	2	1	0
240997	2	1	0
240997	3	1	-1
240997	2	1	0
240997	3	0	0
240997	3	0	0
240997	2	1	1
240997	2	1	0
240997	4	0	1
240997	1	1	0
240997	2	1	0
240997	3	0	0
240997	1	1	1
240997	2	1	0
240997	3	0	1
240997	3	0	0
240997	1	1	1
240997	2	1	0
240997	2	1	1
240997	4	0	1
240997	4	0	1
240997	4	0	1
240997	4	0	1
240997	3	0	0
240997	2	1	1
240997	3	0	0
240997	1	1	1
240997	4	0	1
240997	4	0	1
240997	4	0	1
240997	4	0	1
240997	2	1	0
240997	2	1	0
240997	4	0	1
240997	2	1	0
240997	2	1	1
240997	3	0	0
240997	2	1	0
240997	2	1	0
240997	4	0	1
240997	2	1	0
240997	4	0	1
240997	1	1	1
240997	4	0	1
240997	2	1	0
240997	1	1	0
240997	4	0	0
240997	4	0	1
240997	1	1	1
240997	3	0	1
240997	4	0	1
240997	4	0	1
240997	4	0	1
240997	1	1	1
240997	2	1	0
240997	4	0	1
240997	2	1	0
240997	4	0	1
240997	2	1	1
240997	4	0	1
240997	1	1	1
240997	4	0	1
240997	4	0	1
241014	1	1	1
241014	4	0	1
241014	4	1	0
241014	4	0	1
241014	2	1	0
241014	1	1	1
241014	3	0	0
241014	1	1	1
241014	2	1	0
241014	3	1	-1
241014	3	1	-1
241014	1	1	1
241014	2	0	-1
241014	1	1	1
241014	4	1	-1
241014	4	1	0
241014	4	1	0
241014	3	1	-1
241014	1	1	1
241014	3	1	-1
241014	2	1	0
241014	3	1	-1
241014	2	0	-1
241014	2	1	1
241014	3	0	0
241014	4	1	0
241014	2	1	0
241014	4	1	0
241014	1	1	1
241014	1	1	1
241014	3	0	1
241014	4	1	0
241014	3	1	-1
241014	3	1	-1
241014	1	1	1
241014	1	1	0
241014	1	0	0
241014	2	1	0
241014	4	1	-1
241014	1	1	1
241014	2	0	-1
241014	4	1	0
241014	2	1	0
241014	4	0	1
241014	4	0	1
241014	1	0	0
241014	2	0	-1
241014	2	1	0
241014	3	1	-1
241014	3	0	1
241014	4	0	1
241014	4	0	1
241014	4	0	1
241014	1	1	1
241014	4	0	0
241014	2	1	0
241014	1	1	1
241014	3	1	-1
241014	1	1	1
241014	1	1	1
241014	4	0	1
241014	3	0	0
241014	3	1	-1
241014	2	1	1
241014	2	1	0
241014	2	1	0
241014	2	1	0
241014	2	0	-1
241014	1	1	1
241014	4	0	1
241014	3	1	-1
241014	1	1	1
241014	3	0	0
241014	3	1	0
241014	4	1	-1
241014	2	1	0
241014	1	1	1
241014	2	0	-1
241014	3	0	1
241014	3	0	0
241014	1	1	1
241014	1	1	0
241014	3	1	0
241014	2	1	0
241014	3	1	-1
241014	4	0	0
241014	2	0	-1
241014	4	1	0
241014	2	0	-1
241014	4	0	0
241014	4	1	-1
241014	3	1	-1
241014	1	1	1
241014	4	0	1
241014	2	1	0
241014	2	1	0
241014	3	0	0
241014	4	0	1
241014	3	1	-1
241014	1	1	0
241014	2	1	1
241014	4	0	1
241014	4	0	1
241014	4	0	1
241014	2	1	0
241014	4	0	1
241014	2	0	-1
241014	2	1	0
241014	4	0	1
241014	2	1	0
241014	2	1	1
241014	4	0	1
241014	2	1	1
241014	4	0	1
241014	4	0	1
241014	4	0	1
241014	2	1	0
241014	2	1	0
241014	2	1	0
241014	3	0	1
241014	2	1	0
241014	4	0	1
241014	3	0	0
241014	4	1	0
241014	2	1	0
241014	4	0	0
241014	2	0	0
241014	1	1	1
241014	3	0	1
241014	1	1	1
241014	1	1	1
241014	4	0	1
241014	3	0	0
241014	2	1	0
241014	4	0	1
241014	3	1	-1
241014	2	1	0
241014	1	1	1
241014	2	0	-1
241014	2	1	1
241014	4	0	0
241014	2	1	1
241014	1	1	0
241014	4	1	-1
241014	4	0	1
241014	3	0	0
241014	2	1	0
241014	3	1	-1
241014	2	1	0
241014	4	0	1
241014	2	1	0
241014	4	0	1
241014	4	0	1
241014	1	1	0
241014	1	1	1
241014	1	1	0
241014	4	1	0
241014	4	0	0
241014	2	1	0
241014	2	0	-1
241014	2	1	1
241014	2	1	0
241014	2	1	0
241014	3	0	0
241014	4	0	1
241014	2	1	1
241014	2	1	1
241014	2	1	0
241014	3	0	0
241014	1	1	1
241014	3	0	0
241014	2	1	0
241014	4	0	1
241014	2	0	-1
241014	3	0	0
241014	1	1	0
241014	2	1	0
241014	1	1	1
241014	2	1	1
241014	3	0	0
241014	2	1	1
241014	1	1	1
241014	2	1	0
241014	2	1	0
241014	2	1	1
241014	2	1	0
241014	4	0	1
241014	2	1	0
241014	2	1	0
241014	4	0	0
241014	3	0	0
241014	2	1	0
241014	2	1	0
241014	4	0	1
241014	2	1	0
241014	2	1	1
241014	4	0	1
241014	2	1	0
241014	2	1	0
241014	1	1	1
241014	4	0	1
241014	2	1	0
241014	2	1	1
241014	1	1	1
241014	3	0	0
241014	2	1	0
241014	3	0	0
241014	1	1	1
241014	2	1	0
241014	2	1	1
241014	2	1	0
241014	2	0	-1
241014	2	1	0
241014	4	0	1
241014	4	0	1
241014	3	1	-1
241014	1	1	0
241014	2	1	0
241014	1	1	1
241014	2	1	1
241014	3	0	0
241014	4	0	1
241014	4	0	1
241014	3	0	0
241014	1	1	1
241014	4	0	1
241014	4	0	0
241014	2	1	0
241014	4	0	0
241014	2	1	0
241014	2	1	1
241014	4	0	1
241014	1	1	1
241014	1	1	1
241014	2	1	0
241014	4	0	0
241014	3	0	0
241014	2	1	0
241014	2	1	1
241014	2	1	0
241014	1	1	0
241014	1	1	0
241014	3	0	0
241014	3	0	1
241014	2	1	0
241014	3	0	0
241014	2	1	0
241014	1	1	1
241014	3	0	0
241014	1	1	0
241014	1	1	1
241014	1	1	0
241014	1	1	0
241014	1	1	1
241014	4	0	1
241014	2	1	0
241014	3	0	1
241014	3	0	1
241014	2	1	0
241014	1	1	1
241014	1	1	0
241014	1	1	0
241014	1	1	0
241014	1	1	1
241014	3	0	0
241014	1	1	1
241014	1	1	0
241014	1	1	1
241014	3	0	0
241014	3	0	0
241014	3	0	0
241014	1	1	0
241014	1	1	1
241014	3	0	0
241014	3	0	0
241014	2	1	0
241014	4	1	0
241014	4	0	1
241014	1	1	0
241014	3	0	1
241014	1	1	1
241014	4	0	0
241014	3	0	1
241014	4	0	1
241014	2	1	0
241014	1	1	1
241014	2	1	0
241014	3	0	0
241014	2	0	-1
241014	3	1	-1
241014	3	0	0
241014	3	0	0
241014	3	0	0
241014	4	0	1
241014	3	0	1
241014	1	1	0
241014	1	1	1
241014	2	1	0
241014	3	0	1
241014	4	0	1
241014	3	0	0
241014	3	0	0
241014	4	0	1
241014	1	1	1
241014	1	1	1
241014	3	0	0
241014	3	0	0
241014	2	1	0
241014	4	0	1
241014	2	1	1
241014	4	1	0
241014	4	1	0
241014	3	0	0
241014	3	0	1
241014	1	1	1
241014	4	0	1
241014	1	1	1
241014	1	1	0
241014	3	0	0
241014	2	1	0
241023	4	0	1
241023	1	1	1
241023	4	0	1
241023	2	1	0
241023	4	0	0
241023	3	0	0
241023	3	0	0
241023	3	0	0
241023	1	1	1
241023	4	0	1
241023	4	0	1
241023	3	0	0
241023	3	0	0
241023	3	0	1
241023	3	0	0
241023	2	1	0
241023	4	0	1
241023	4	0	1
241023	1	1	1
241023	3	0	0
241023	3	0	1
241023	3	0	0
241023	3	0	0
241023	1	1	1
241023	3	0	1
241023	2	1	1
241023	2	1	0
241023	4	0	1
241023	3	0	0
241023	4	0	1
241023	1	1	1
241023	4	0	1
241023	4	0	1
241023	4	0	0
241023	2	1	0
241023	4	0	1
241023	1	1	1
241023	1	1	1
241023	3	0	0
241023	1	1	1
241023	1	1	1
241023	2	1	1
241023	2	1	0
241023	4	0	1
241023	4	0	1
241023	1	1	0
241023	2	1	0
241023	1	1	0
241023	3	0	0
241023	2	1	0
241023	4	0	1
241023	1	1	0
241023	2	1	0
241023	2	1	0
241023	4	0	0
241023	1	1	1
241023	3	0	0
241023	2	1	0
241023	4	0	0
241023	3	0	0
241023	2	1	0
241023	4	0	1
241023	4	0	1
241023	3	0	0
241023	2	1	0
241023	1	1	1
241023	2	1	0
241023	3	0	0
241023	2	1	1
241023	1	1	0
241023	1	1	0
241023	4	0	1
241023	4	0	1
241023	3	0	0
241023	3	0	0
241023	2	1	0
241023	4	0	1
241023	4	0	1
241023	2	1	0
241023	1	1	1
241023	2	1	0
241023	2	1	1
241023	2	1	0
241023	2	1	0
241023	2	1	0
241023	3	0	0
241023	2	1	0
241023	4	0	1
241023	4	0	1
241023	1	1	1
241023	3	0	0
241023	4	0	1
241023	2	1	0
241023	1	1	1
241023	4	0	1
241023	2	1	0
241023	4	0	1
241023	1	1	1
241023	3	0	1
241023	3	0	1
241023	3	0	0
241023	2	1	0
241023	3	0	0
241023	1	1	0
241023	4	0	1
241023	2	1	0
241023	2	1	1
241023	3	0	0
241023	4	0	1
241023	2	1	0
241023	1	1	1
241023	2	1	0
241023	2	1	0
241023	2	1	0
241023	3	0	0
241023	3	0	0
241023	4	0	1
241023	3	0	1
241023	2	1	0
241023	2	1	0
241023	4	0	1
241023	3	0	0
241023	3	0	0
241023	4	0	1
241023	4	0	0
241023	1	1	1
241023	4	0	1
241023	4	0	1
241023	3	0	0
241023	1	1	1
241023	2	1	1
241023	1	1	1
241023	2	1	0
241023	1	1	1
241023	1	1	1
241023	3	0	0
241023	4	0	1
241023	2	1	0
241023	2	1	0
241023	4	0	1
241023	1	1	1
241023	3	0	1
241023	1	1	0
241023	4	0	1
241023	2	1	1
241023	2	1	0
241023	4	0	0
241023	2	1	0
241023	4	0	0
241023	2	1	0
241023	2	1	0
241023	1	1	1
241023	2	1	1
241023	4	0	1
241023	1	1	0
241023	1	1	1
241023	4	0	1
241023	2	1	0
241023	3	0	0
241023	4	0	1
241023	2	1	1
241023	2	1	0
241023	2	1	0
241023	2	1	0
241023	4	0	1
241023	4	0	1
241023	3	0	0
241023	4	0	1
241023	4	0	0
241023	1	1	1
241023	3	0	0
241023	4	0	1
241023	3	0	0
241023	1	1	1
241023	2	1	0
241023	4	0	1
241023	2	1	1
241023	2	1	0
241023	1	1	0
241023	2	1	0
241023	2	1	0
241023	2	1	1
241023	2	1	0
241023	4	0	1
241023	3	0	1
241023	2	1	0
241023	2	1	0
241023	2	1	0
241023	4	0	1
241023	2	1	0
241023	2	1	0
241023	4	0	1
241023	2	1	0
241023	4	0	1
241023	2	1	0
241023	2	1	0
241023	1	1	1
241023	4	0	1
241023	2	1	0
241023	4	0	1
241023	2	1	0
241023	2	1	1
241023	4	0	1
241023	2	1	1
241023	3	0	0
241023	2	1	0
241023	2	1	1
241023	3	0	0
241023	3	0	0
241023	2	1	0
241023	4	0	1
241023	3	0	0
241023	2	1	0
241023	2	1	0
241023	2	1	0
241023	2	1	0
241023	2	1	0
241023	3	0	0
241023	3	0	0
241023	3	0	0
241023	4	0	1
241023	2	1	0
241023	4	0	1
241023	3	0	0
241023	2	1	0
241023	1	1	1
241023	1	1	1
241023	2	1	0
241023	3	0	1
241023	3	0	0
241023	2	1	0
241023	4	0	1
241023	2	1	0
241023	3	0	1
241023	2	1	0
241023	3	0	0
241023	3	0	0
241023	1	1	1
241023	2	1	0
241023	1	1	1
241023	4	0	1
241023	3	0	0
241023	1	1	1
241023	3	0	0
241023	1	1	1
241023	1	1	1
241023	3	0	0
241023	1	1	1
241023	1	1	1
241023	1	1	1
241023	3	0	1
241023	3	0	0
241023	1	1	1
241023	1	1	1
241023	2	1	0
241023	4	0	1
241023	4	0	0
241023	4	0	1
241023	2	1	0
241023	4	0	1
241023	4	0	0
241023	1	1	0
241023	4	0	1
241023	3	0	0
241023	2	1	0
241023	2	1	0
241023	4	0	1
241023	2	1	0
241023	1	1	1
241023	4	0	1
241023	2	1	0
241023	2	1	0
241023	1	1	0
241023	2	1	0
241023	4	0	1
241023	4	0	1
241023	1	1	0
241023	2	1	0
241023	2	1	0
241023	4	0	1
241023	4	0	1
241023	3	0	0
241023	1	1	1
241023	1	1	1
241023	2	1	0
241023	4	0	0
241023	3	0	0
241023	1	1	1
241023	1	1	1
241023	1	1	1
241023	3	0	0
241023	2	1	0
241023	3	0	0
241023	2	1	0
241023	4	0	1
241023	1	1	1
241023	2	1	0
241023	1	1	1
241023	3	0	0
241023	3	0	0
241023	1	1	1
241023	1	1	1
241023	1	1	1
241023	1	1	1
241023	3	0	0
241023	4	1	0
241023	3	0	0
241023	2	1	0
241023	3	0	0
241023	1	1	1
241023	3	0	1
241023	3	0	0
241023	3	0	0
241023	2	1	0
241023	2	1	0
241023	1	1	1
241023	3	0	0
241023	4	0	1
241023	3	0	1
241023	3	0	0
241023	1	1	0
241023	4	1	0
241023	1	1	1
241023	3	0	0
241023	4	0	1
241023	4	0	0
241023	1	1	0
241023	3	0	0
241023	1	1	1
241023	3	0	0
241023	2	1	1
241023	2	1	0
241023	1	1	0
241023	4	0	1
241023	4	0	1
241023	1	1	1
241023	2	1	1
241023	3	0	1
241023	1	1	1
241023	4	0	1
241023	1	1	1
241023	1	1	1
241023	1	1	1
241023	4	0	1
241023	4	0	0
241023	3	0	0
241023	3	0	0
241023	3	0	0
241023	3	0	0
241023	3	0	0
241023	1	1	1
241023	3	0	0
241023	3	0	1
241023	2	1	0
241023	1	1	1
241023	4	0	1
241023	4	0	1
241023	4	0	1
241023	2	1	0
241023	2	1	0
241023	3	0	0
241023	1	1	0
241023	2	1	0
241023	2	1	0
241023	2	1	0
241023	2	1	0
241023	1	1	1
241023	1	1	0
241023	1	1	0
241023	3	0	0
241023	4	0	1
241023	2	1	0
241023	1	1	1
241023	1	1	1
241023	2	1	0
241023	2	1	0
241023	4	0	1
241023	2	1	0
241023	2	1	0
241023	2	1	0
241023	2	1	0
241023	4	0	1
241023	1	1	1
241023	1	1	0
241023	2	1	1
241023	2	1	0
241023	3	0	1
241023	1	1	0
241023	2	1	0
241023	1	1	0
241023	4	0	1
241023	2	1	0
241023	4	0	1
241023	2	1	0
241023	1	1	0
241023	2	1	0
241023	3	0	0
241023	2	1	1
241023	1	1	1
241023	1	1	0
241039	3	1	0
241039	2	0	-1
241039	2	0	-1
241039	3	0	1
241039	3	1	-1
241039	4	1	0
241039	2	0	-1
241039	4	0	0
241039	1	1	0
241039	2	0	-1
241039	1	1	1
241039	3	0	0
241039	2	0	0
241039	2	0	-1
241039	4	0	1
241039	3	0	0
241039	3	0	0
241039	2	0	-1
241039	4	1	0
241039	3	0	0
241039	3	0	0
241039	1	1	1
241039	3	0	0
241039	2	0	-1
241039	3	0	0
241039	1	1	1
241039	4	0	0
241039	1	1	1
241039	1	1	1
241039	2	0	-1
241039	1	1	1
241039	1	1	1
241039	3	0	0
241039	2	0	-1
241039	4	1	-1
241039	3	0	0
241039	3	0	1
241039	1	1	1
241039	2	0	-1
241039	2	0	-1
241039	4	0	1
241039	4	1	0
241039	1	1	1
241039	4	1	-1
241039	2	1	0
241039	1	1	1
241039	1	1	1
241039	2	0	0
241039	4	1	0
241039	4	1	0
241039	4	1	-1
241039	3	0	1
241039	1	1	1
241039	4	0	1
241039	1	1	1
241039	2	0	-1
241039	4	1	0
241039	2	0	-1
241039	3	1	-1
241039	2	0	0
241039	1	1	1
241039	3	1	0
241039	1	1	0
241039	2	0	-1
241039	3	0	0
241039	3	0	0
241039	4	1	-1
241039	1	1	1
241039	1	1	1
241039	1	1	1
241039	1	1	1
241039	4	0	1
241039	4	1	-1
241039	2	0	-1
241039	3	0	0
241039	1	1	0
241039	4	1	0
241039	4	1	0
241039	3	0	0
241039	4	1	0
241039	3	0	0
241039	4	1	0
241039	1	1	1
241039	4	1	0
241039	4	1	-1
241039	4	0	1
241039	4	1	0
241039	2	0	0
241039	4	0	1
241039	2	0	-1
241039	2	0	-1
241039	3	1	-1
241039	3	0	0
241039	4	1	0
241039	2	0	-1
241039	4	0	1
241039	2	0	-1
241039	2	1	0
241039	3	0	0
241039	2	0	-1
241039	1	1	1
241039	4	0	0
241039	2	0	-1
241039	2	0	-1
241039	2	0	-1
241039	2	0	-1
241039	4	1	0
241039	4	0	1
241039	3	0	0
241039	3	0	0
241039	1	1	1
241039	2	0	-1
241039	4	1	0
241039	3	0	0
241039	2	0	-1
241039	1	1	1
241039	3	0	1
241039	3	0	0
241039	3	0	1
241039	3	0	0
241039	2	0	-1
241039	4	0	1
241039	4	1	-1
241039	4	1	-1
241039	2	0	-1
241039	2	0	-1
241039	4	1	0
241039	4	1	0
241039	1	1	1
241039	2	0	-1
241039	3	0	0
241039	4	1	0
241039	3	0	0
241039	2	0	-1
241039	1	1	1
241039	3	1	-1
241039	2	0	0
241039	4	0	1
241039	1	1	1
241039	2	0	-1
241039	1	1	1
241039	3	0	0
241039	3	0	0
241039	2	0	-1
241039	2	0	-1
241039	4	1	0
241039	2	0	-1
241039	4	0	0
241039	1	1	1
241039	4	0	1
241039	1	1	1
241039	4	1	0
241039	2	0	-1
241039	4	1	0
241039	2	0	-1
241039	2	0	-1
241039	1	1	0
241039	4	0	0
241039	4	0	1
241039	2	0	0
241039	2	0	-1
241039	2	0	-1
241039	3	0	0
241039	2	0	-1
241039	4	1	0
241039	3	0	0
241039	3	0	1
241039	1	1	1
241039	2	0	-1
241039	4	1	0
241039	2	0	-1
241039	1	1	0
241039	2	0	-1
241039	2	0	0
241039	3	0	0
241039	4	1	0
241039	2	0	-1
241039	2	0	0
241039	4	1	-1
241039	1	1	1
241039	4	1	0
241039	2	0	-1
241039	4	1	0
241039	4	1	-1
241039	4	0	0
241039	3	0	0
241039	2	0	-1
241039	1	1	0
241039	4	0	0
241039	1	1	0
241039	2	0	-1
241039	2	0	-1
241039	4	0	1
241039	4	1	0
241039	4	1	0
241039	1	1	1
241039	2	0	-1
241039	4	0	1
241039	1	1	1
241039	4	1	-1
241039	1	1	1
241039	2	0	-1
241039	3	0	0
241039	4	0	0
241039	4	1	0
241039	3	0	0
241039	1	1	1
241039	1	1	1
241039	3	0	0
241039	2	0	-1
241039	4	1	0
241039	2	0	-1
241039	3	0	1
241039	4	0	1
241039	4	0	1
241039	1	1	0
241039	4	1	0
241039	4	1	0
241039	4	0	1
241039	4	1	0
241039	4	1	0
241039	4	1	-1
241039	4	0	1
241039	4	1	-1
241039	4	0	1
241039	3	0	0
241039	1	1	0
241039	1	1	1
241039	3	0	1
241039	1	1	0
241039	2	0	0
241039	4	1	0
241039	1	1	1
241039	1	1	0
241039	3	0	0
241039	2	0	-1
241039	4	0	1
241039	4	1	0
241039	1	1	1
241039	2	0	0
241039	1	1	1
241039	4	1	0
241039	3	0	0
241039	2	0	-1
241039	2	0	-1
241039	3	0	0
241039	3	0	0
241039	3	0	0
241039	4	1	0
241039	2	0	-1
241039	1	1	1
241039	1	1	0
241039	1	1	0
241039	4	1	-1
241039	4	0	1
241039	2	0	0
241039	2	0	-1
241039	1	1	1
241039	4	1	0
241039	2	0	0
241039	3	0	0
241039	2	0	-1
241039	4	1	0
241039	1	1	0
241039	3	0	0
241039	3	0	0
241039	4	1	0
241039	4	1	0
241039	2	0	-1
241039	4	0	1
241039	4	1	-1
241039	2	0	-1
241039	4	1	0
241039	1	1	1
241039	1	1	1
241039	4	0	0
241039	4	0	1
241039	2	0	-1
241039	4	1	0
241039	4	1	-1
241039	4	1	0
241039	3	0	1
241039	2	0	-1
241039	4	1	0
241039	1	1	0
241039	4	1	0
241039	3	0	1
241039	3	0	0
241039	4	1	0
241039	4	1	0
241039	4	1	-1
241039	4	1	-1
241039	2	0	0
241039	4	1	0
241039	2	0	-1
241039	2	0	-1
241039	2	0	-1
241039	4	0	1
241039	2	0	-1
241039	4	1	-1
241039	4	1	0
241039	2	0	-1
241039	4	1	0
241039	3	0	0
241039	4	1	0
241039	1	1	1
241039	2	0	0
241039	4	0	0
241039	4	0	1
241039	2	0	0
241039	3	0	0
241039	1	1	1
241039	4	0	1
241039	4	1	0
241039	1	1	1
241039	4	1	0
241039	3	0	1
241039	4	1	-1
241039	4	1	0
241039	4	0	1
241039	1	0	0
241039	4	0	1
241039	3	0	0
241039	3	0	0
241039	1	1	0
241039	4	1	0
241039	4	1	-1
241039	1	1	1
241039	2	0	0
241039	1	1	1
241039	4	0	1
241039	3	0	0
241039	3	0	0
241039	3	0	0
241039	3	0	0
241039	3	0	0
241039	4	0	0
241039	1	1	1
241039	1	1	1
241039	3	0	0
241039	2	0	-1
241039	2	0	-1
241039	1	1	1
241039	3	0	0
241039	1	1	1
241039	3	0	0
241039	1	1	0
241039	3	0	0
241039	2	0	0
241039	3	0	0
241039	3	0	0
241039	2	0	-1
241039	1	1	0
241039	3	0	0
241039	1	1	1
241039	2	0	0
241039	3	0	0
241039	1	1	0
241039	1	0	0
241039	3	0	0
241039	3	0	0
241039	3	0	0
241039	1	1	1
241039	4	1	0
241039	1	1	1
241039	1	1	1
241039	3	0	0
241039	1	0	0
241039	3	0	1
241039	1	1	1
241039	4	0	0
241039	1	1	1
241039	3	0	0
241039	1	1	1
241039	1	1	0
241039	1	1	0
241039	2	0	-1
241039	1	1	0
241039	3	0	1
241039	3	0	0
241039	2	0	-1
241039	3	0	1
241039	3	0	0
241039	1	1	1
241039	4	1	0
241039	1	1	0
241039	2	0	-1
241039	3	0	0
241039	3	0	0
241039	4	1	0
241039	3	0	1
241039	4	1	0
241039	1	1	1
241039	1	1	0
241039	4	0	1
241039	4	1	-1
241039	1	1	1
241039	2	1	0
241039	1	1	1
241039	3	0	1
241064	4	0	0
241064	4	0	0
241064	4	0	0
241064	4	0	0
241064	4	1	0
241064	4	1	0
241064	4	0	1
241064	4	0	1
241064	3	0	0
241064	3	0	0
241064	4	0	0
241064	4	0	0
241064	2	1	0
241064	2	1	0
241064	4	0	1
241064	4	0	1
241064	1	1	1
241064	1	1	1
241064	4	0	0
241064	4	0	0
241064	4	0	1
241064	4	0	1
241064	2	1	0
241064	2	1	0
241064	1	1	1
241064	1	1	1
241064	3	0	0
241064	3	0	0
241064	2	1	1
241064	2	1	1
241064	4	0	1
241064	4	0	1
241064	3	0	1
241064	3	0	1
241064	2	1	0
241064	2	1	0
241064	4	0	1
241064	4	0	1
241064	4	0	1
241064	4	0	1
241064	4	0	1
241064	4	0	1
241064	3	0	0
241064	3	0	0
241064	1	1	1
241064	1	1	1
241064	4	0	1
241064	4	0	1
241064	2	0	-1
241064	2	0	-1
241064	3	0	0
241064	3	0	0
241064	1	1	1
241064	1	1	1
241064	1	1	1
241064	1	1	1
241064	1	1	1
241064	1	1	1
241064	3	1	-1
241064	3	1	-1
241064	3	0	0
241064	3	0	0
241064	1	1	1
241064	1	1	1
241064	1	1	1
241064	1	1	1
241064	2	1	0
241064	2	1	0
241064	3	0	0
241064	3	0	0
241064	1	1	0
241064	1	1	0
241064	4	0	0
241064	4	0	0
241064	2	1	0
241064	2	1	0
241064	1	1	0
241064	1	1	0
241064	3	0	0
241064	3	0	0
241064	2	1	0
241064	2	1	0
241064	2	1	1
241064	2	1	1
241064	3	0	0
241064	3	0	0
241064	1	1	1
241064	1	1	1
241064	2	1	0
241064	2	1	0
241064	1	1	1
241064	1	1	1
241064	1	1	0
241064	1	1	0
241064	3	0	0
241064	3	0	0
241064	2	1	0
241064	2	1	0
241064	1	1	1
241064	1	1	1
241064	2	1	1
241064	2	1	1
241064	3	0	0
241064	3	0	0
241064	3	0	0
241064	3	0	0
241064	1	1	1
241064	1	1	1
241064	4	1	0
241064	4	1	0
241064	2	1	0
241064	2	1	0
241064	2	1	0
241064	2	1	0
241064	1	1	1
241064	1	1	1
241064	3	0	0
241064	3	0	0
241064	4	0	1
241064	4	0	1
241064	2	1	0
241064	2	1	0
241064	4	0	1
241064	4	0	1
241064	1	1	0
241064	1	1	0
241064	3	0	0
241064	3	0	0
241064	3	0	1
241064	3	0	1
241064	4	0	1
241064	4	0	1
241064	3	0	0
241064	3	0	0
241064	4	0	1
241064	4	0	1
241064	2	1	0
241064	2	1	0
241064	3	0	0
241064	3	0	0
241064	2	1	0
241064	2	1	0
241064	1	1	1
241064	1	1	1
241064	3	0	1
241064	3	0	1
241064	1	1	1
241064	1	1	1
241064	2	1	1
241064	2	1	1
241064	1	1	1
241064	1	1	1
241064	4	0	1
241064	4	0	1
241064	3	0	0
241064	3	0	0
241064	2	1	0
241064	2	1	0
241064	2	1	0
241064	2	1	0
241064	2	1	0
241064	2	1	0
241064	4	0	1
241064	4	0	1
241064	4	0	1
241064	4	0	1
241064	2	1	0
241064	2	1	0
241064	2	1	0
241064	2	1	0
241064	4	0	1
241064	4	0	1
241064	2	1	1
241064	2	1	1
241064	1	1	1
241064	1	1	1
241064	2	1	0
241064	2	1	0
241064	4	0	1
241064	4	0	1
241064	4	0	1
241064	4	0	1
241064	2	1	0
241064	2	1	0
241064	1	1	1
241064	1	1	1
241064	2	1	0
241064	2	1	0
241064	2	1	0
241064	2	1	0
241064	1	1	1
241064	1	1	1
241064	3	0	0
241064	3	0	0
241064	4	0	1
241064	4	0	1
241064	3	0	1
241064	3	0	1
241064	3	0	0
241064	3	0	0
241064	3	0	0
241064	3	0	0
241064	2	1	0
241064	2	1	0
241064	1	1	1
241064	1	1	1
241064	1	1	1
241064	1	1	1
241064	4	1	0
241064	4	1	0
241064	4	0	1
241064	4	0	1
241064	2	1	0
241064	2	1	0
241064	2	1	0
241064	2	1	0
241064	1	1	1
241064	1	1	1
241064	4	0	1
241064	4	0	1
241064	4	0	1
241064	4	0	1
241064	4	0	0
241064	4	0	0
241064	4	0	1
241064	4	0	1
241064	4	0	1
241064	4	0	1
241064	2	1	0
241064	2	1	0
241064	2	0	0
241064	2	0	0
241064	4	0	1
241064	4	0	1
241064	4	0	0
241064	4	0	0
241064	3	0	0
241064	3	0	0
241064	2	0	-1
241064	2	0	-1
241064	4	0	1
241064	4	0	1
241064	2	1	0
241064	2	1	0
241064	1	1	1
241064	1	1	1
241064	1	1	1
241064	1	1	1
241064	4	0	0
241064	4	0	0
241064	4	0	1
241064	4	0	1
241064	2	1	0
241064	2	1	0
241064	4	0	1
241064	4	0	1
241064	4	0	1
241064	4	0	1
241064	3	0	0
241064	3	0	0
241064	2	1	0
241064	2	1	0
241064	4	0	1
241064	4	0	1
241064	2	1	0
241064	2	1	0
241064	2	1	0
241064	2	1	0
241064	2	1	0
241064	2	1	0
241064	1	1	1
241064	1	1	1
241064	4	0	1
241064	4	0	1
241064	4	0	0
241064	4	0	0
241064	2	1	0
241064	2	1	0
241064	1	1	1
241064	1	1	1
241064	1	1	1
241064	1	1	1
241064	2	1	0
241064	2	1	0
241064	3	0	0
241064	3	0	0
241064	4	0	1
241064	4	0	1
241064	3	0	0
241064	3	0	0
241064	3	0	0
241064	3	0	0
241064	3	0	0
241064	3	0	0
241064	4	0	1
241064	4	0	1
241064	1	1	0
241064	1	1	0
241064	2	1	0
241064	2	1	0
241064	3	0	0
241064	3	0	0
241064	4	0	1
241064	4	0	1
241064	2	1	0
241064	2	1	0
241064	3	0	0
241064	3	0	0
241064	4	0	1
241064	4	0	1
241064	2	1	0
241064	2	1	0
241064	2	1	0
241064	2	1	0
241064	2	1	1
241064	2	1	1
241064	2	1	0
241064	2	1	0
241064	4	0	1
241064	4	0	1
241064	1	1	1
241064	1	1	1
241064	2	1	0
241064	2	1	0
241064	2	1	0
241064	2	1	0
241064	1	1	1
241064	1	1	1
241064	2	1	0
241064	2	1	0
241064	2	1	0
241064	2	1	0
241064	2	1	0
241064	2	1	0
241064	3	0	1
241064	3	0	1
241064	2	1	0
241064	2	1	0
241064	2	1	1
241064	2	1	1
241064	2	1	0
241064	2	1	0
241064	3	0	0
241064	3	0	0
241064	4	0	1
241064	4	0	1
241064	2	1	0
241064	2	1	0
241064	1	1	1
241064	1	1	1
241064	3	0	0
241064	3	0	0
241064	1	1	1
241064	1	1	1
241064	2	1	0
241064	2	1	0
241064	1	1	0
241064	1	1	0
241064	4	0	1
241064	4	0	1
241064	1	1	0
241064	1	1	0
241064	2	1	0
241064	2	1	0
241064	4	0	1
241064	4	0	1
241064	4	0	1
241064	4	0	1
241064	2	1	0
241064	2	1	0
241064	3	0	0
241064	3	0	0
241064	1	1	0
241064	1	1	0
241064	2	1	0
241064	2	1	0
241064	2	1	0
241064	2	1	0
241064	1	1	1
241064	1	1	1
241064	2	1	0
241064	2	1	0
241064	2	1	0
241064	2	1	0
241064	4	0	0
241064	4	0	0
241064	2	1	0
241064	2	1	0
241064	4	0	1
241064	4	0	1
241064	2	1	0
241064	2	1	0
241064	2	1	0
241064	2	1	0
241064	2	1	0
241064	2	1	0
241064	4	0	1
241064	4	0	1
241064	4	0	1
241064	4	0	1
241064	2	1	0
241064	2	1	0
241064	2	1	1
241064	2	1	1
241064	4	0	1
241064	4	0	1
241064	4	0	0
241064	4	0	0
241064	2	1	1
241064	2	1	1
241064	2	1	0
241064	2	1	0
241064	2	1	0
241064	2	1	0
241064	3	0	0
241064	3	0	0
241064	2	1	0
241064	2	1	0
241064	4	0	1
241064	4	0	1
241064	2	1	0
241064	2	1	0
241064	2	1	0
241064	2	1	0
241064	4	0	1
241064	4	0	1
241064	4	0	1
241064	4	0	1
241064	2	1	0
241064	2	1	0
241064	3	0	0
241064	3	0	0
241064	4	0	1
241064	4	0	1
241064	2	1	0
241064	2	1	0
241064	1	1	1
241064	1	1	1
241064	2	1	0
241064	2	1	0
241064	3	0	0
241064	3	0	0
241064	3	0	1
241064	3	0	1
241064	2	1	0
241064	2	1	0
241064	1	1	1
241064	1	1	1
241064	2	1	0
241064	2	1	0
241064	1	1	1
241064	1	1	1
241064	4	0	1
241064	4	0	1
241064	2	1	0
241064	2	1	0
241064	1	1	0
241064	1	1	0
241064	3	0	1
241064	3	0	1
241064	2	1	0
241064	2	1	0
241064	2	1	0
241064	2	1	0
241064	2	1	0
241064	2	1	0
241064	2	1	1
241064	2	1	1
241064	3	0	0
241064	3	0	0
241064	4	0	1
241064	4	0	1
241064	3	0	0
241064	3	0	0
241064	2	1	0
241064	2	1	0
241064	2	1	0
241064	2	1	0
241064	3	0	0
241064	3	0	0
241064	1	1	1
241064	1	1	1
241064	3	0	0
241064	3	0	0
241064	4	0	1
241064	4	0	1
241064	3	0	0
241064	3	0	0
241064	3	0	0
241064	3	0	0
241064	3	0	0
241064	3	0	0
241064	3	0	0
241064	3	0	0
241064	3	0	0
241064	3	0	0
241064	4	0	1
241064	4	0	1
241064	1	1	1
241064	1	1	1
241064	3	0	0
241064	3	0	0
241064	1	1	0
241064	1	1	0
241064	1	1	1
241064	1	1	1
241064	1	1	0
241064	1	1	0
241064	1	1	1
241064	1	1	1
241064	4	0	1
241064	4	0	1
241064	1	1	1
241064	1	1	1
241064	3	0	0
241064	3	0	0
241064	3	0	0
241064	3	0	0
241064	3	0	0
241064	3	0	0
241064	2	1	0
241064	2	1	0
241064	1	1	1
241064	1	1	1
241064	1	1	0
241064	1	1	0
241064	4	0	0
241064	4	0	0
241064	3	0	0
241064	3	0	0
241064	2	1	0
241064	2	1	0
241064	4	0	1
241064	4	0	1
241064	1	1	0
241064	1	1	0
241064	3	0	0
241064	3	0	0
241064	3	0	1
241064	3	0	1
241064	1	1	1
241064	1	1	1
241064	1	1	1
241064	1	1	1
241064	2	1	0
241064	2	1	0
241064	1	1	1
241064	1	1	1
241064	3	0	0
241064	3	0	0
241064	3	0	0
241064	3	0	0
241064	3	0	0
241064	3	0	0
241064	3	0	0
241064	3	0	0
241064	2	1	0
241064	2	1	0
241064	3	0	0
241064	3	0	0
241064	1	1	1
241064	1	1	1
241064	2	1	0
241064	2	1	0
241064	3	0	1
241064	3	0	1
241064	4	0	1
241064	4	0	1
241064	1	1	1
241064	1	1	1
241064	1	1	1
241064	1	1	1
241064	1	1	1
241064	1	1	1
241064	1	1	0
241064	1	1	0
241064	2	1	0
241064	2	1	0
241064	3	0	1
241064	3	0	1
241064	2	1	0
241064	2	1	0
241064	2	1	1
241064	2	1	1
241064	1	1	1
241064	1	1	1
241064	2	1	0
241064	2	1	0
241064	1	1	1
241064	1	1	1
241064	3	0	0
241064	3	0	0
241064	3	0	0
241064	3	0	0
241064	3	0	0
241064	3	0	0
241064	4	0	1
241064	4	0	1
241064	3	0	0
241064	3	0	0
241064	2	1	0
241064	2	1	0
241064	3	0	0
241064	3	0	0
241064	1	1	1
241064	1	1	1
241064	1	1	1
241064	1	1	1
241064	1	1	0
241064	1	1	0
241064	2	1	1
241064	2	1	1
241064	1	1	1
241064	1	1	1
241064	3	0	0
241064	3	0	0
241064	4	0	1
241064	4	0	1
241064	1	1	1
241064	1	1	1
241064	4	0	1
241064	4	0	1
241064	4	0	1
241064	4	0	1
241064	2	1	0
241064	2	1	0
241064	4	0	1
241064	4	0	1
241064	4	0	0
241064	4	0	0
241064	1	1	1
241064	1	1	1
241064	3	0	0
241064	3	0	0
241064	1	1	1
241064	1	1	1
241064	1	1	1
241064	1	1	1
241064	3	0	1
241064	3	0	1
241135	2	0	-1
241135	2	1	0
241135	1	1	1
241135	1	1	0
241135	4	0	1
241135	2	1	0
241135	4	1	0
241135	1	1	1
241135	1	0	0
241135	3	1	-1
241135	4	1	0
241135	3	0	0
241135	4	1	-1
241135	1	1	1
241135	3	0	0
241135	1	1	0
241135	1	1	1
241135	3	0	0
241135	4	1	0
241135	1	0	0
241135	2	1	1
241135	4	0	1
241135	2	1	0
241135	3	1	-1
241135	1	1	1
241135	2	1	1
241135	2	1	0
241135	4	1	-1
241135	4	1	0
241135	4	1	0
241135	2	1	0
241135	4	1	0
241135	1	1	1
241135	2	0	-1
241135	2	1	0
241135	1	1	1
241135	2	0	-1
241135	4	1	-1
241135	2	1	0
241135	2	1	0
241135	4	1	0
241135	3	1	-1
241135	4	1	0
241135	2	1	0
241135	4	1	0
241135	2	1	0
241135	1	1	1
241135	2	1	0
241135	3	0	0
241135	1	0	-1
241135	2	1	0
241135	3	1	-1
241135	1	1	1
241135	3	0	0
241135	4	1	0
241135	1	1	0
241135	1	0	0
241135	4	1	0
241135	4	1	0
241135	3	1	-1
241135	3	0	0
241135	3	1	0
241135	1	1	1
241135	3	1	-1
241135	4	1	-1
241135	3	1	-1
241135	1	1	1
241135	1	1	1
241135	4	0	1
241135	2	1	0
241135	3	0	0
241135	3	1	-1
241135	2	0	-1
241135	2	1	1
241135	3	0	0
241135	3	1	-1
241135	4	1	0
241135	1	1	1
241135	3	0	0
241135	3	1	-1
241135	3	1	-1
241135	2	1	0
241135	3	1	-1
241135	2	1	0
241135	4	1	0
241135	4	1	0
241135	2	1	0
241135	2	0	-1
241135	3	0	0
241135	1	1	1
241135	4	0	1
241135	3	0	1
241135	1	1	1
241135	2	1	0
241135	4	0	1
241135	3	1	-1
241135	2	1	0
241135	3	0	0
241135	1	0	0
241135	4	1	0
241135	1	1	1
241135	2	0	-1
241135	2	1	1
241135	2	0	0
241135	2	1	0
241135	2	1	0
241135	3	1	-1
241135	2	0	-1
241135	4	1	0
241135	4	1	0
241135	4	1	0
241135	1	0	0
241135	2	1	0
241135	4	0	1
241135	1	1	1
241135	4	1	0
241135	4	1	0
241135	4	1	0
241135	1	1	0
241135	2	1	0
241135	3	0	0
241135	4	1	0
241135	4	1	-1
241135	3	0	0
241135	4	1	0
241135	3	1	-1
241135	1	1	1
241135	4	1	-1
241135	2	0	0
241135	2	1	1
241135	4	0	1
241135	2	1	0
241135	2	0	0
241135	4	0	1
241135	4	1	0
241135	4	0	1
241135	1	1	0
241135	4	1	0
241135	2	1	0
241135	3	0	0
241135	1	1	0
241135	2	1	1
241135	1	0	0
241135	4	1	0
241135	2	0	-1
241135	2	1	0
241135	4	1	0
241135	3	1	-1
241135	4	1	0
241135	4	1	0
241135	2	1	0
241135	4	1	0
241135	4	0	1
241135	2	1	0
241135	2	0	-1
241135	1	0	0
241135	2	1	0
241135	2	1	0
241135	2	0	-1
241135	4	1	0
241135	2	1	1
241135	2	1	0
241135	1	0	-1
241135	2	1	0
241135	2	1	1
241135	3	0	0
241135	4	1	0
241135	2	1	0
241135	4	1	0
241135	2	1	0
241135	2	1	0
241135	2	1	0
241135	2	1	0
241135	3	1	-1
241135	2	1	0
241135	1	1	1
241135	1	1	0
241135	3	1	-1
241135	2	1	1
241135	2	1	0
241135	4	1	0
241135	2	1	0
241135	4	0	1
241135	1	1	1
241135	2	0	-1
241135	2	1	0
241135	2	1	0
241135	2	1	0
241135	4	1	0
241135	4	1	0
241135	2	1	0
241135	2	0	-1
241135	2	1	0
241135	2	1	0
241135	3	1	-1
241135	2	0	-1
241135	1	1	1
241135	2	1	0
241135	4	1	0
241135	1	1	1
241135	3	1	0
241135	2	1	0
241135	4	1	0
241135	2	1	0
241135	2	1	1
241135	2	1	0
241135	3	1	-1
241135	4	1	0
241135	3	0	0
241135	2	1	0
241135	1	1	1
241135	1	1	1
241135	3	0	0
241135	2	1	0
241135	1	1	1
241135	4	1	0
241135	4	1	0
241135	2	1	0
241135	4	1	0
241135	2	1	0
241135	4	1	-1
241135	3	0	0
241135	1	1	1
241135	1	0	0
241135	2	1	0
241135	1	1	1
241135	2	1	0
241135	2	1	0
241135	3	0	0
241135	4	1	0
241135	2	1	0
241135	2	1	0
241135	3	1	-1
241135	4	1	0
241135	2	1	1
241135	4	1	-1
241135	2	1	0
241135	3	0	0
241135	2	1	1
241135	2	1	0
241135	4	0	0
241135	3	0	0
241135	3	0	0
241135	3	0	0
241135	2	1	0
241135	4	0	0
241135	3	0	0
241135	4	0	1
241135	3	0	1
241135	2	1	0
241135	3	0	0
241135	1	1	1
241135	2	1	0
241135	1	1	0
241135	2	1	0
241135	4	0	1
241135	3	0	0
241135	1	1	1
241135	3	0	0
241135	3	0	1
241135	3	0	0
241135	2	1	1
241135	4	0	1
241135	4	0	0
241135	2	1	0
241135	1	1	1
241135	1	1	0
241135	3	0	0
241135	3	0	0
241135	4	0	1
241135	1	1	1
241135	1	1	0
241135	1	1	0
241135	3	0	0
241135	4	0	1
241135	1	1	1
241135	3	0	0
241135	1	1	1
241135	3	0	0
241135	1	1	1
241135	1	1	0
241135	3	0	0
241135	3	0	0
241135	3	0	1
241135	3	0	0
241135	3	0	0
241135	3	0	0
241135	1	1	1
241135	1	1	1
241135	3	0	0
241135	2	1	0
241135	4	0	1
241135	1	1	1
241135	1	1	1
241135	1	1	1
241135	2	1	1
241135	3	0	0
241135	1	1	1
241135	1	1	1
241135	4	0	1
241135	3	0	0
241135	3	0	0
241135	2	1	0
241135	4	0	1
241135	1	1	1
241135	1	1	1
241135	3	0	0
241135	2	1	0
241135	3	0	0
241135	2	1	0
241135	2	1	0
241135	1	1	1
241135	1	1	0
241135	1	1	0
241135	4	1	0
241135	1	1	1
241135	1	1	1
241135	3	0	0
241135	1	1	0
241135	1	1	1
18111273	1	1	1
18111273	4	0	1
18111273	2	0	-1
18111273	4	0	1
18111273	2	0	-1
18111273	2	0	-1
18111273	4	0	1
18111273	4	0	1
18111273	3	0	0
18111273	2	1	1
18111273	1	1	1
18111273	4	0	1
18111273	3	0	0
18111273	1	1	1
18111273	2	0	-1
18111273	3	0	0
18111273	3	0	0
18111273	4	0	1
18111273	4	0	1
18111273	1	1	1
18111273	1	1	1
18111273	1	1	0
18111273	2	1	1
18111273	1	1	1
18111273	4	0	1
18111273	4	0	1
18111273	1	1	1
18111273	1	1	1
18111273	1	1	1
18111273	2	1	0
18111273	3	0	1
18111273	2	1	0
18111273	4	0	1
18111273	3	0	0
18111273	4	0	1
18111273	1	1	1
18111273	3	0	0
18111273	2	1	0
18111273	2	1	0
18111273	3	0	0
18111273	1	1	1
18111273	4	0	1
18111273	1	1	1
18111273	4	0	0
18111273	2	1	0
18111273	2	1	1
18111273	4	0	0
18111273	3	0	0
18111273	3	0	0
18111273	4	0	0
18111273	3	0	1
18111273	2	1	0
18111273	1	1	1
18111273	3	0	0
18111273	3	0	1
18111273	1	1	1
18111273	1	1	0
18111273	2	1	0
18111273	3	0	0
18111273	4	0	1
18111273	2	1	0
18111273	2	1	0
18111273	1	1	1
18111273	1	1	0
18111273	2	1	1
18111273	4	0	1
18111273	3	0	0
18111273	3	0	0
18111273	2	1	0
18111273	2	1	0
18111273	4	0	0
18111273	4	0	1
18111273	3	0	0
18111273	4	0	1
18111273	3	0	0
18111273	3	0	0
18111273	1	1	1
18111273	3	0	0
18111273	1	1	0
18111273	2	1	0
18111273	2	1	0
18111273	3	0	0
18111273	1	1	1
18111273	2	1	1
18111273	1	1	0
18111273	3	0	0
18111273	2	1	0
18111273	2	1	0
18111273	2	1	1
18111273	4	0	1
18111273	2	1	0
18111273	1	1	1
18111273	2	1	0
18111273	1	1	1
18111273	2	1	0
18111273	4	0	1
18111273	1	1	1
18111273	3	0	0
18111273	4	0	1
18111273	4	0	1
18111273	4	0	1
18111273	2	1	0
18111273	3	0	0
18111273	3	0	1
18111273	2	1	0
18111273	4	0	1
18111273	2	1	0
18111273	3	0	0
18111273	4	0	0
18111273	4	0	1
18111273	2	1	0
18111273	2	1	0
18111273	4	0	1
18111273	3	0	0
18111273	2	1	0
18111273	4	1	0
18111273	4	0	1
18111273	4	0	0
18111273	1	1	1
18111273	1	1	1
18111273	1	0	-1
18111273	1	1	1
18111273	2	1	1
18111273	4	0	0
18111273	4	0	0
18111273	1	1	1
18111273	4	0	1
18111273	4	0	0
18111273	4	0	1
18111273	2	1	1
18111273	2	1	0
18111273	3	0	0
18111273	2	1	0
18111273	2	1	1
18111273	4	0	1
18111273	4	0	1
18111273	2	1	0
18111273	2	1	0
18111273	3	0	0
18111273	4	0	1
18111273	4	0	1
18111273	3	0	1
18111273	1	1	1
18111273	4	0	1
18111273	2	1	0
18111273	2	1	0
18111273	3	0	0
18111273	1	1	1
18111273	4	0	1
18111273	2	1	0
18111273	4	0	1
18111273	4	0	0
18111273	2	1	0
18111273	4	0	0
18111273	3	0	0
18111273	2	1	0
18111273	4	0	1
18111273	2	1	0
18111273	2	1	0
18111273	4	0	1
18111273	2	1	0
18111273	4	0	1
18111273	2	1	0
18111273	3	0	0
18111273	2	1	0
18111273	2	0	-1
18111273	2	1	1
18111273	2	1	0
18111273	2	1	0
18111273	4	0	1
18111273	1	1	1
18111273	2	1	1
18111273	4	0	1
18111273	3	0	0
18111273	3	0	0
18111273	2	1	0
18111273	3	0	0
18111273	2	1	0
18111273	2	1	0
18111273	1	1	1
18111273	4	0	1
18111273	1	1	1
18111273	1	1	1
18111273	2	1	0
18111273	2	1	0
18111273	2	1	1
18111273	2	1	0
18111273	2	1	1
18111273	4	0	1
18111273	2	1	0
18111273	3	1	-1
18111273	4	1	0
18111273	3	0	0
18111273	2	1	0
18111273	4	0	1
18111273	2	1	0
18111273	2	1	1
18111273	4	0	1
18111273	3	0	1
18111273	1	1	1
18111273	2	1	0
18111273	4	0	1
18111273	2	1	0
18111273	2	1	1
18111273	2	1	1
18111273	4	0	1
18111273	3	0	1
18111273	3	0	0
18111273	3	0	1
18111273	2	1	0
18111273	2	1	1
18111273	4	0	1
18111273	4	0	1
18111273	2	1	0
18111273	2	1	0
18111273	2	1	0
18111273	2	1	1
18111273	2	1	0
18111273	2	1	0
18111273	3	0	0
18111273	2	1	0
18111273	2	1	0
18111273	2	1	1
18111273	1	1	0
18111273	3	0	0
18111273	2	1	0
18111273	1	1	1
18111273	1	1	0
18111273	4	0	0
18111273	1	1	1
18111273	1	1	0
18111273	4	0	1
18111273	1	1	1
18111273	2	1	0
18111273	1	1	1
18111273	4	0	1
18111273	2	1	0
18111273	2	1	0
18111273	2	1	0
18111273	4	0	1
18111273	3	0	0
18111273	4	0	1
18111273	2	1	0
18111273	3	0	0
18111273	4	0	1
18111273	3	0	0
18111273	1	1	1
18111273	1	1	1
18111273	2	1	0
18111273	2	1	0
18111273	1	1	1
18111273	3	0	0
18111273	3	0	0
18111273	2	1	0
18111273	1	1	1
18111273	4	0	1
18111273	1	1	1
18111273	3	0	0
18111273	3	0	0
18111273	1	1	1
18111273	3	0	0
18111273	3	0	0
18111273	2	1	0
18111273	3	0	0
18111273	1	1	1
18111273	3	0	0
18111273	1	1	1
18111273	4	0	1
18111273	3	0	0
18111273	3	0	0
18111273	3	0	1
18111273	2	1	0
18111273	1	1	1
18111273	4	0	1
18111273	4	0	1
18111273	1	1	1
18111273	4	0	0
18111273	1	1	1
18111273	4	0	1
18111273	4	0	1
18111273	1	1	1
18111273	3	0	0
18111273	3	0	0
18111273	1	1	1
18111273	3	0	0
18111273	4	0	0
18111273	2	1	1
18111273	1	1	1
18111273	3	0	0
18111273	1	1	1
18111273	1	1	1
18111273	2	1	0
18111273	4	0	1
18111273	3	0	0
18111273	3	0	0
18111273	3	0	0
18111273	3	0	0
18111273	1	1	1
18111273	1	1	1
18111273	1	1	1
18111273	3	0	0
18111273	2	1	1
18111273	1	1	1
18111273	3	0	0
18111273	1	1	1
18111273	3	0	0
18111273	1	1	1
18111273	4	0	0
18111273	1	1	1
18111273	3	0	0
18111273	1	1	1
18111273	2	1	0
18111273	1	1	0
18111273	1	1	1
18111273	1	1	1
18111273	3	0	1
18111273	3	0	0
18111273	2	1	1
18111273	1	1	0
18111273	2	1	0
21111404	1	1	1
21111404	1	1	1
21111404	1	1	1
21111404	2	1	0
21111404	3	0	0
21111404	1	1	1
21111404	2	1	1
21111404	1	1	1
21111404	1	1	1
21111404	3	0	0
21111404	2	1	1
21111404	1	1	1
21111404	4	0	0
21111404	2	1	0
21111404	3	0	0
21111404	1	1	1
21111404	1	1	1
21111404	2	1	0
21111404	1	1	1
21111404	1	1	1
21111404	3	1	-1
21111404	4	0	1
21111404	4	0	1
21111404	2	1	0
21111404	3	0	1
21111404	3	0	0
21111404	1	1	0
21111404	4	0	1
21111404	4	0	0
21111404	3	0	1
21111404	1	1	0
21111404	3	0	0
21111404	4	0	1
21111404	2	1	0
21111404	3	0	1
21111404	3	0	1
21111404	2	1	0
21111404	3	0	0
21111404	3	0	0
21111404	3	0	1
21111404	1	1	1
21111404	3	0	0
21111404	3	0	0
21111404	3	0	1
21111404	2	1	1
21111404	3	0	1
21111404	1	1	0
21111404	4	0	1
21111404	3	0	0
21111404	1	1	1
21111404	3	0	0
21111404	2	1	0
21111404	3	0	1
21111404	2	1	0
21111404	3	0	0
21111404	4	0	1
21111404	2	1	0
21111404	1	1	1
21111404	3	0	1
21111404	4	0	1
21111404	3	0	0
21111404	2	1	0
21111404	3	0	0
21111404	1	1	0
21111404	4	0	1
21111404	3	0	1
21111404	4	0	1
21111404	1	1	1
21111404	3	0	0
21111404	1	1	1
21111404	2	1	0
21111404	3	0	1
21111404	2	1	0
21111404	4	0	1
21111404	1	1	1
21111404	1	1	1
21111404	1	1	0
21111404	4	0	0
21111404	2	1	0
21111404	1	1	0
21111404	1	1	1
21111404	2	1	0
21111404	4	0	1
21111404	4	0	1
21111404	4	0	1
21111404	1	1	0
21111404	3	0	0
21111404	2	1	0
21111404	1	1	1
21111404	2	1	1
21111404	3	0	0
21111404	1	1	1
21111404	1	1	1
21111404	1	1	1
21111404	2	1	0
21111404	4	0	0
21111404	4	0	1
21111404	4	0	1
21111404	4	0	1
21111404	2	1	0
21111404	4	0	1
21111404	1	1	1
21111404	4	0	1
21111404	4	0	1
21111404	2	1	0
21111404	4	0	1
21111404	2	0	-1
21111404	3	0	0
21111404	2	1	1
21111404	4	0	1
21111404	4	0	1
21111404	1	1	1
21111404	2	1	0
21111404	4	0	1
21111404	2	1	0
21111404	2	1	1
21111404	4	0	1
21111404	3	0	0
21111404	4	0	1
21111404	2	1	1
21111404	1	1	0
21111404	3	0	0
21111404	4	0	0
21111404	2	1	0
21111404	2	1	0
21111404	1	1	1
21111404	4	0	1
21111404	3	0	0
21111404	2	1	0
21111404	3	0	0
21111404	4	0	1
21111404	3	0	0
21111404	3	0	0
21111404	4	0	1
21111404	4	0	1
21111404	4	0	0
21111404	2	1	0
21111404	1	1	1
21111404	1	1	1
21111404	1	1	1
21111404	2	1	0
21111404	2	1	0
21111404	3	0	0
21111404	2	1	0
21111404	3	0	0
21111404	2	1	0
21111404	4	0	1
21111404	4	0	1
21111404	2	1	1
21111404	2	1	0
21111404	4	0	1
21111404	1	1	1
21111404	2	1	0
21111404	2	1	0
21111404	3	0	0
21111404	4	0	1
21111404	4	0	0
21111404	1	1	0
21111404	3	0	0
21111404	3	0	0
21111404	2	1	0
21111404	4	0	1
21111404	2	1	0
21111404	2	1	0
21111404	3	0	0
21111404	3	0	0
21111404	2	1	0
21111404	2	1	0
21111404	4	0	0
21111404	4	0	1
21111404	2	1	0
21111404	2	1	0
21111404	2	1	0
21111404	3	0	0
21111404	4	0	1
21111404	2	1	0
21111404	4	0	1
21111404	4	0	1
21111404	4	0	1
21111404	4	0	1
21111404	4	0	1
21111404	4	0	1
21111404	1	1	1
21111404	2	1	0
21111404	3	0	0
21111404	4	0	1
21111404	4	0	0
21111404	4	0	1
21111404	1	1	0
21111404	4	0	1
21111404	1	1	1
21111404	3	0	1
21111404	1	1	1
21111404	2	1	0
21111404	4	0	1
21111404	3	0	0
21111404	2	1	1
21111404	4	0	1
21111404	2	1	1
21111404	4	0	1
21111404	4	0	0
21111404	4	0	1
21111404	2	1	0
21111404	4	0	1
21111404	2	1	0
21111404	4	0	0
21111404	1	1	0
21111404	2	1	1
21111404	1	1	1
21111404	4	0	1
21111404	4	0	1
21111404	1	1	1
21111404	2	1	0
21111404	1	1	1
21111404	1	1	1
21111404	4	0	1
21111404	2	1	1
21111404	2	1	0
21111404	2	1	0
21111404	4	0	1
21111404	4	0	1
21111404	1	1	1
21111404	2	1	0
21111404	1	1	1
21111404	1	1	0
21111404	2	1	0
21111404	2	1	0
21111404	4	0	1
21111404	4	0	1
21111404	2	1	0
21111404	2	1	0
21111404	3	0	0
21111404	3	0	0
21111404	4	0	1
21111404	3	0	0
21111404	2	1	0
21111404	3	0	0
21111404	2	1	0
21111404	4	0	1
21111404	2	1	0
21111404	4	0	1
21111404	4	0	0
21111404	2	1	0
21111404	2	1	0
21111404	4	0	1
21111404	3	0	0
21111404	1	1	1
21111404	4	0	0
21111404	2	1	0
21111404	3	0	0
21111404	4	0	1
21111404	3	0	1
21111404	1	1	1
21111404	4	0	0
21111404	4	0	1
21111404	4	0	1
21111404	1	1	0
21111404	2	1	1
21111404	4	0	1
21111404	2	1	1
21111404	4	0	1
21111404	4	0	1
21111404	3	0	0
21111404	4	0	1
21111404	2	1	1
21111404	1	1	1
21111404	4	0	1
21111404	3	0	0
21111404	3	0	0
21111404	2	1	1
21111404	4	0	0
21111404	4	0	1
21111404	3	0	0
21111404	3	0	0
21111404	4	0	1
21111404	4	0	1
21111404	2	1	0
21111404	3	0	0
21111404	2	1	1
21111404	4	0	1
21111404	4	0	1
21111404	4	0	1
21111404	4	0	1
21111404	4	0	1
21111404	4	0	1
21111404	4	0	1
21111404	4	0	1
21111404	4	0	1
21111404	4	0	1
21111404	3	0	0
21111404	4	0	0
21111404	1	1	1
21111404	4	0	1
21111404	3	0	1
21111404	4	0	1
21111404	4	0	1
21111404	2	0	-1
21111404	4	0	1
21111404	4	0	1
21111404	2	1	1
21111404	4	0	0
21111404	4	0	0
21111404	4	0	1
21111404	4	0	1
21111404	2	1	0
21111404	4	0	1
21111404	1	1	1
21111404	2	1	1
21111404	2	1	0
21111404	1	1	0
21111404	1	1	1
21111404	4	0	1
21111404	2	1	0
21111404	1	1	0
21111404	4	0	1
21111404	1	1	1
21111404	4	0	1
21111404	3	0	0
21111404	1	1	1
21111404	2	1	1
21111404	1	1	1
21111404	3	0	0
21111404	3	0	0
21111404	4	0	1
21111404	2	1	0
21111404	1	1	0
21111404	2	1	0
21111404	4	0	1
21111404	1	1	1
21111404	1	1	0
21111404	3	0	0
21111404	2	1	1
21111404	2	1	0
21111404	4	0	1
21111404	4	0	0
21111404	2	1	0
21111404	2	1	0
21111404	1	1	1
21111404	3	0	0
21111404	4	0	0
21111404	4	0	1
21111404	3	0	0
21111404	4	0	1
21111404	4	0	1
21111404	4	0	1
21111404	1	1	1
21111404	3	0	0
21111404	3	0	0
21111404	1	1	1
21111404	1	1	1
21111404	1	1	1
21111404	1	1	0
21111404	1	1	0
21111404	3	0	0
21111404	3	0	0
21111404	3	0	1
21111404	1	1	0
21111404	3	0	1
21111404	1	1	1
21111404	4	0	1
21111404	1	1	1
21111404	2	1	1
21111404	3	0	1
21111404	1	1	1
21111404	1	1	1
21111404	1	1	1
21111404	2	1	1
21111404	1	1	1
21111404	2	1	0
21111404	1	1	0
21111404	1	1	1
21111404	3	0	0
21111404	1	1	0
21111404	3	0	0
21111404	1	1	1
21111404	4	0	0
21111404	3	0	0
21111404	3	0	0
21111404	3	0	0
21111404	3	0	0
21111404	1	1	1
21111404	1	1	1
21111404	3	0	0
21111404	3	0	0
21111404	3	0	0
21111404	4	0	1
21111404	3	0	0
21111404	4	0	1
21111404	3	0	0
21111404	2	1	0
21111404	1	1	0
21111404	4	0	1
21111404	1	1	1
21111404	1	1	1
21111404	2	1	0
21111404	3	0	1
21111404	3	0	0
21111404	3	0	0
21111404	3	0	1
21111404	1	1	1
231080028	1	1	1
231080028	2	0	-1
231080028	4	1	0
231080028	4	1	0
231080028	1	1	1
231080028	3	1	-1
231080028	2	1	0
231080028	3	1	-1
231080028	2	1	0
231080028	4	1	0
231080028	4	1	0
231080028	3	1	-1
231080028	2	1	1
231080028	1	1	1
231080028	4	1	0
231080028	1	0	0
231080028	3	1	-1
231080028	2	1	0
231080028	1	1	1
231080028	3	1	0
231080028	4	1	0
231080028	2	1	0
231080028	3	0	1
231080028	2	1	0
231080028	1	1	1
231080028	2	1	0
231080028	4	1	0
231080028	1	1	1
231080028	3	0	0
231080028	4	1	0
231080028	3	1	-1
231080028	3	1	-1
231080028	3	1	-1
231080028	1	1	1
231080028	3	0	0
231080028	4	1	0
231080028	4	1	0
231080028	2	0	-1
231080028	1	1	1
231080028	1	1	1
231080028	1	1	0
231080028	4	1	-1
231080028	3	1	-1
231080028	2	1	0
231080028	2	1	0
231080028	4	1	0
231080028	2	1	0
231080028	2	1	0
231080028	3	0	0
231080028	1	1	1
231080028	1	1	1
231080028	1	1	1
231080028	3	0	1
231080028	2	0	-1
231080028	4	1	-1
231080028	2	1	0
231080028	3	1	0
231080028	1	1	1
231080028	3	1	-1
231080028	2	0	-1
231080028	1	1	0
231080028	3	1	-1
231080028	2	0	-1
231080028	4	1	-1
231080028	3	1	-1
231080028	3	1	-1
231080028	4	1	0
231080028	2	1	0
231080028	3	1	0
231080028	4	1	0
231080028	4	1	0
231080028	3	0	0
231080028	2	1	0
231080028	4	1	0
231080028	3	1	-1
231080028	3	1	-1
231080028	1	1	0
231080028	4	1	0
231080028	2	1	0
231080028	4	1	0
231080028	4	1	-1
231080028	1	0	0
231080028	1	1	0
231080028	2	1	0
231080028	2	1	0
231080028	1	1	1
231080028	2	0	-1
231080028	4	1	0
231080028	1	1	1
231080028	3	1	-1
231080028	2	1	1
231080028	3	1	-1
231080028	3	1	0
231080028	4	1	0
231080028	3	1	-1
231080028	1	1	0
231080028	3	1	-1
231080028	4	1	0
231080028	4	1	0
231080028	4	1	0
231080028	3	1	0
231080028	4	1	-1
231080028	3	1	-1
231080028	4	1	0
231080028	2	0	0
231080028	1	1	1
231080028	4	1	0
231080028	1	1	1
231080028	3	0	0
231080028	4	1	0
231080028	2	0	-1
231080028	2	1	0
231080028	1	1	0
231080028	4	1	0
231080028	4	1	0
231080028	2	1	0
231080028	4	1	0
231080028	4	1	0
231080028	3	1	-1
231080028	3	0	1
231080028	2	0	-1
231080028	4	1	0
231080028	4	1	0
231080028	4	1	-1
231080028	2	1	0
231080028	4	1	0
231080028	4	1	-1
231080028	4	1	-1
231080028	3	1	-1
231080028	4	1	0
231080028	1	1	1
231080028	1	1	1
231080028	2	1	0
231080028	3	1	-1
231080028	3	1	-1
231080028	2	0	-1
231080028	1	1	1
231080028	4	1	0
231080028	4	1	-1
231080028	1	1	1
231080028	4	1	0
231080028	4	1	0
231080028	1	1	1
231080028	2	0	-1
231080028	4	1	0
231080028	2	1	0
231080028	1	1	1
231080028	3	1	0
231080028	4	1	-1
231080028	4	1	-1
231080028	1	0	0
231080028	3	1	-1
231080028	3	0	1
231080028	3	0	0
231080028	4	1	0
231080028	4	1	-1
231080028	4	0	1
231080028	2	1	0
231080028	4	1	0
231080028	4	1	0
231080028	4	1	-1
231080028	3	1	0
231080028	2	1	0
231080028	2	1	0
231080028	2	1	1
231080028	2	1	0
231080028	3	1	-1
231080028	2	0	-1
231080028	2	1	1
231080028	2	1	1
231080028	4	0	0
231080028	4	1	-1
231080028	2	1	0
231080028	2	1	1
231080028	2	1	0
231080028	2	1	0
231080028	2	0	-1
231080028	1	1	1
231080028	4	1	-1
231080028	4	1	0
231080028	1	1	1
231080028	2	1	0
231080028	1	1	1
231080028	2	0	-1
231080028	2	1	0
231080028	4	1	-1
231080028	3	1	-1
231080028	4	1	0
231080028	1	1	1
231080028	4	1	-1
231080028	2	1	0
231080028	2	1	0
231080028	4	1	-1
231080028	4	1	-1
231080028	4	1	-1
231080028	2	1	0
231080028	2	1	0
231080028	4	1	0
231080028	4	1	0
231080028	2	0	-1
231080028	1	1	0
231080028	2	1	0
231080028	1	1	1
231080028	4	1	0
231080028	4	1	0
231080028	2	1	0
231080028	4	1	0
231080028	4	1	0
231080028	4	1	-1
231080028	1	1	1
231080028	4	1	0
231080028	3	1	-1
231080028	1	1	1
231080028	2	1	0
231080028	4	1	0
231080028	1	1	1
231080028	3	1	-1
231080028	4	1	0
231080028	2	1	0
231080028	1	1	1
231080028	1	1	1
231080028	4	1	0
231080028	1	1	0
231080028	3	1	-1
231080028	3	1	-1
231080028	1	1	1
231080028	3	1	-1
231080028	4	1	-1
231080028	4	1	0
231080028	2	1	0
231080028	3	1	-1
231080028	3	1	-1
231080028	2	1	0
231080028	3	1	-1
231080028	1	1	1
231080028	3	0	1
231080028	3	0	1
231080028	3	0	0
231080028	1	1	1
231080028	1	1	1
231080028	1	1	1
231080028	3	0	0
231080028	3	0	0
231080028	2	1	0
231080028	3	1	-1
231080028	3	0	0
231080028	3	0	0
231080028	2	1	0
231080028	1	1	1
231080028	3	1	-1
231080028	3	1	0
231080028	2	1	0
231080028	2	0	-1
231080028	4	1	0
231080028	1	1	0
231080028	4	1	-1
231080028	4	1	0
231080028	2	1	0
231080028	4	1	0
231080028	2	1	0
231080028	2	1	0
231080028	1	1	1
231080028	4	1	0
231080028	2	1	0
231080028	4	1	0
231080028	4	1	0
231080028	3	1	-1
231080028	4	1	0
231080028	1	1	1
231080028	1	1	0
231080028	4	1	0
231080028	1	1	1
231080028	2	1	0
231080028	4	1	0
231080028	4	1	0
231080028	4	1	0
231080028	4	1	0
231080028	1	1	1
231080028	4	1	0
231080028	2	1	0
231080028	4	1	0
231080028	4	1	0
231080028	4	1	0
231080028	2	1	0
231080028	4	1	0
231080028	1	1	1
231080028	2	1	0
231080028	1	1	0
231080028	3	1	-1
231080028	1	1	1
231080028	3	1	0
231080028	4	1	0
231080028	1	1	0
231080028	2	0	-1
231080028	1	1	1
231080028	1	1	1
231080028	3	1	-1
231080028	4	1	0
231080028	1	1	1
231080028	1	1	1
231080028	3	1	-1
231080028	4	1	0
231080028	1	1	1
231080028	1	1	0
231080028	4	1	-1
231080028	1	1	1
231080028	2	0	-1
231080028	1	1	1
231080028	3	1	0
231080028	1	1	1
231080028	1	1	1
231080028	3	1	-1
231080028	3	1	-1
231080028	3	1	-1
231080028	1	1	1
231080028	1	1	0
231080028	2	1	0
231080028	3	1	-1
231080028	3	1	-1
231080028	4	1	0
231080107	1	1	1
231080107	4	1	0
231080107	4	1	0
231080107	4	1	0
231080107	1	1	0
231080107	4	1	0
231080107	3	0	0
231080107	2	1	0
231080107	4	1	0
231080107	4	1	0
231080107	1	1	1
231080107	4	1	0
231080107	2	1	0
231080107	1	1	1
231080107	4	1	0
231080107	2	1	0
231080107	4	1	0
231080107	1	1	0
231080107	1	1	1
231080107	4	0	1
231080107	2	0	-1
231080107	3	1	-1
231080107	3	1	-1
231080107	4	1	0
231080107	4	1	-1
231080107	4	1	-1
231080107	4	0	1
231080107	3	0	1
231080107	1	0	0
231080107	2	0	-1
231080107	2	1	1
231080107	4	1	0
231080107	3	1	-1
231080107	4	1	0
231080107	3	0	0
231080107	2	1	0
231080107	2	1	1
231080107	1	1	1
231080107	3	1	0
231080107	1	1	1
231080107	2	1	0
231080107	2	1	0
231080107	1	0	0
231080107	2	1	0
231080107	3	1	-1
231080107	3	0	0
231080107	1	1	0
231080107	3	1	-1
231080107	1	1	1
231080107	1	1	1
231080107	2	1	0
231080107	3	1	0
231080107	1	1	1
231080107	3	1	-1
231080107	2	1	0
231080107	2	0	0
231080107	3	1	0
231080107	3	0	0
231080107	3	0	0
231080107	1	1	1
231080107	3	1	0
231080107	2	1	0
231080107	2	1	0
231080107	4	1	-1
231080107	1	1	1
231080107	2	1	0
231080107	2	1	1
231080107	1	1	1
231080107	4	1	0
231080107	1	1	1
231080107	2	1	0
231080107	4	1	0
231080107	3	0	1
231080107	1	1	1
231080107	3	1	0
231080107	1	1	1
231080107	2	1	0
231080107	3	1	0
231080107	4	1	0
231080107	3	0	0
231080107	3	1	-1
231080107	4	1	0
231080107	4	0	1
231080107	1	0	0
231080107	4	1	0
231080107	2	1	1
231080107	4	1	-1
231080107	1	1	1
231080107	4	1	0
231080107	2	0	0
231080107	4	1	-1
231080107	2	1	1
231080107	4	1	0
231080107	2	1	0
231080107	2	1	0
231080107	4	1	0
231080107	3	0	0
231080107	4	1	0
231080107	3	1	-1
231080107	3	1	-1
231080107	3	0	0
231080107	1	1	1
231080107	4	1	0
231080107	2	1	0
231080107	2	1	0
231080107	4	1	0
231080107	2	1	0
231080107	2	0	-1
231080107	2	1	0
231080107	2	1	0
231080107	4	1	0
231080107	4	1	0
231080107	1	1	1
231080107	2	0	-1
231080107	2	1	0
231080107	3	1	-1
231080107	4	1	-1
231080107	2	1	0
231080107	1	0	0
231080107	4	0	1
231080107	4	1	-1
231080107	3	1	-1
231080107	4	0	1
231080107	2	0	-1
231080107	4	1	0
231080107	4	1	0
231080107	1	1	0
231080107	1	1	1
231080107	2	1	0
231080107	4	1	0
231080107	1	1	1
231080107	3	0	0
231080107	2	0	-1
231080107	1	1	0
231080107	2	1	0
231080107	2	1	0
231080107	2	1	0
231080107	4	1	0
231080107	1	1	0
231080107	2	1	1
231080107	4	1	0
231080107	2	1	0
231080107	4	1	0
231080107	1	1	1
231080107	2	1	0
231080107	4	1	0
231080107	4	1	0
231080107	4	1	-1
231080107	2	1	0
231080107	1	1	1
231080107	4	1	0
231080107	2	1	0
231080107	2	1	0
231080107	4	1	0
231080107	3	1	-1
231080107	2	1	0
231080107	2	1	0
231080107	3	0	0
231080107	3	1	-1
231080107	3	1	0
231080107	4	1	0
231080107	1	1	1
231080107	2	1	0
231080107	3	1	-1
231080107	2	1	0
231080107	3	1	-1
231080107	3	1	0
231080107	2	1	0
231080107	3	1	-1
231080107	1	1	1
231080107	2	0	-1
231080107	2	0	-1
231080107	2	0	-1
231080107	2	1	0
231080107	2	1	0
231080107	2	1	0
231080107	3	0	0
231080107	2	1	0
231080107	2	1	0
231080107	1	1	0
231080107	2	1	0
231080107	1	1	1
231080107	3	1	-1
231080107	3	1	0
231080107	3	1	-1
231080107	4	1	-1
231080107	4	1	0
231080107	2	1	0
231080107	4	1	0
231080107	2	1	0
231080107	2	1	1
231080107	2	1	0
231080107	2	1	0
231080107	1	1	0
231080107	3	1	0
231080107	2	0	-1
231080107	2	1	0
231080107	1	1	1
231080107	2	0	-1
231080107	2	1	0
231080107	2	1	0
231080107	2	0	-1
231080107	2	1	0
231080107	2	0	-1
231080107	2	1	1
231080107	2	1	0
231080107	2	1	0
231080107	1	1	0
231080107	4	0	1
231080107	2	0	0
231080107	1	1	1
231080107	3	1	-1
231080107	2	1	0
231080107	1	1	0
231080107	4	1	0
231080107	2	1	0
231080107	1	0	0
231080107	2	1	0
231080107	4	1	-1
231080107	4	1	0
231080107	4	1	0
231080107	4	1	-1
231080107	4	1	0
231080107	2	1	1
231080107	2	1	0
231080107	1	1	0
231080107	2	1	0
231080107	2	1	0
231080107	4	1	0
231080107	3	1	0
231080107	2	1	0
231080107	4	1	0
231080107	1	1	1
231080107	4	1	-1
231080107	2	1	0
231080107	4	1	0
231080107	2	1	0
231080107	3	1	-1
231080107	2	1	0
231080107	4	1	0
231080107	3	1	0
231080107	4	1	0
231080107	3	0	0
231080107	2	1	0
231080107	1	0	0
231080107	1	0	0
231080107	1	1	1
231080107	3	1	-1
231080107	1	1	0
231080107	4	1	0
231080107	1	1	1
231080107	2	1	0
231080107	1	1	1
231080107	2	1	0
231080107	4	1	0
231080107	4	1	0
231080107	1	1	1
231080107	4	1	0
231080107	3	1	-1
231080107	2	1	0
231080107	2	1	0
231080107	1	1	1
231080107	3	1	-1
231080107	1	1	1
231080107	3	1	-1
231080107	1	1	1
231080107	4	1	0
231080107	1	0	0
231080107	3	1	-1
231080107	2	1	0
231080107	1	1	1
231080107	2	1	0
231080107	4	1	0
231080107	3	1	0
231080107	1	0	-1
231080107	3	0	1
231080107	1	0	0
231080107	1	1	0
231080107	2	1	0
231080107	1	1	1
231080107	2	1	0
231080107	3	1	-1
231080107	1	1	1
231080107	1	1	0
231080107	3	1	-1
231080107	2	1	0
231080107	1	1	1
231080107	3	1	-1
231080107	3	1	-1
231080107	3	1	0
231080107	3	1	-1
231080107	4	1	0
231080107	1	1	0
231080107	4	1	0
231080107	1	1	1
231080107	3	1	0
231080107	3	1	-1
231080107	1	1	0
231080107	4	1	-1
231080107	1	1	0
231080107	3	1	-1
231080107	4	1	0
231080107	3	1	-1
231080107	1	1	1
231080107	3	1	-1
231080107	3	1	-1
231080107	1	1	1
231080107	4	1	0
231080107	3	1	-1
231080107	3	1	0
231080107	1	1	1
231080107	3	1	-1
231080107	1	1	1
231080107	3	1	-1
231080107	1	1	1
231080107	2	1	0
231080107	3	1	0
231080107	3	1	-1
231080107	2	1	0
231080107	3	1	-1
231080108	4	0	1
231080108	1	1	0
231080108	2	0	-1
231080108	2	0	-1
231080108	4	0	1
231080108	1	0	0
231080108	1	1	1
231080108	4	0	1
231080108	4	1	-1
231080108	3	1	-1
231080108	3	0	1
231080108	3	0	0
231080108	4	0	1
231080108	2	0	-1
231080108	4	0	0
231080108	1	0	0
231080108	3	0	0
231080108	4	1	0
231080108	2	0	0
231080108	4	1	0
231080108	3	0	0
231080108	1	1	1
231080108	3	0	0
231080108	2	0	-1
231080108	4	0	1
231080108	2	0	-1
231080108	4	1	-1
231080108	3	1	-1
231080108	3	0	0
231080108	2	0	-1
231080108	4	1	0
231080108	4	1	0
231080108	4	0	1
231080108	2	0	0
231080108	1	0	0
231080108	1	0	-1
231080108	2	0	-1
231080108	4	1	0
231080108	4	1	0
231080108	2	0	0
231080108	3	0	0
231080108	4	1	0
231080108	1	1	0
231080108	3	0	0
231080108	3	0	0
231080108	1	1	1
231080108	2	0	-1
231080108	2	0	-1
231080108	1	1	0
231080108	4	1	0
231080108	2	0	-1
231080108	2	0	-1
231080108	4	0	1
231080108	3	0	0
231080108	4	1	0
231080108	3	0	0
231080108	1	1	1
231080108	2	0	0
231080108	1	1	1
231080108	4	0	1
231080108	1	1	1
231080108	4	1	-1
231080108	1	0	-1
231080108	3	0	0
231080108	3	0	0
231080108	3	0	0
231080108	2	0	-1
231080108	3	0	0
231080108	2	1	1
231080108	3	0	0
231080108	2	0	0
231080108	4	0	1
231080108	2	0	0
231080108	1	0	0
231080108	1	1	1
231080108	4	0	1
231080108	4	0	1
231080108	4	0	1
231080108	4	1	0
231080108	3	0	0
231080108	4	1	0
231080108	2	0	-1
231080108	4	1	-1
231080108	2	0	-1
231080108	4	0	1
231080108	3	0	1
231080108	2	0	0
231080108	2	0	-1
231080108	2	0	0
231080108	1	1	1
231080108	4	0	1
231080108	2	0	-1
231080108	1	1	1
231080108	4	0	1
231080108	3	0	0
231080108	4	1	0
231080108	2	0	-1
231080108	3	1	-1
231080108	2	0	-1
231080108	1	1	1
231080108	1	1	0
231080108	1	1	0
231080108	4	1	0
231080108	3	0	0
231080108	1	1	1
231080108	3	0	0
231080108	3	0	0
231080108	1	1	1
231080108	3	0	0
231080108	1	1	1
231080108	1	0	0
231080108	2	0	-1
231080108	2	0	-1
231080108	3	0	0
231080108	1	1	1
231080108	3	0	0
231080108	3	0	0
231080108	2	0	-1
231080108	3	0	1
231080108	1	1	1
231080108	1	1	1
231080108	2	0	-1
231080108	3	0	1
231080108	3	0	1
231080108	3	0	0
231080108	4	1	0
231080108	3	0	0
231080108	3	0	1
231080108	3	0	0
231080108	1	1	1
231080108	2	0	0
231080108	1	1	1
231080108	1	1	1
231080108	4	1	0
231080108	4	0	1
231080108	2	0	-1
231080108	2	0	-1
231080108	3	0	1
231080108	2	0	-1
231080108	4	1	0
231080108	4	1	0
231080108	4	0	0
231080108	3	0	0
231080108	4	1	0
231080108	1	1	0
231080108	3	0	0
231080108	2	0	-1
231080108	4	1	0
231080108	4	0	1
231080108	4	1	0
231080108	2	0	-1
231080108	4	1	0
231080108	2	0	-1
231080108	2	0	-1
231080108	1	1	1
231080108	2	0	-1
231080108	2	0	0
231080108	2	0	-1
231080108	2	0	-1
231080108	1	1	1
231080108	4	1	-1
231080108	1	1	1
231080108	1	0	0
231080108	1	1	0
231080108	1	0	0
231080108	3	0	0
231080108	2	0	-1
231080108	4	0	1
231080108	4	0	0
231080108	4	1	0
231080108	2	0	0
231080108	2	0	-1
231080108	4	1	0
231080108	2	0	0
231080108	2	0	-1
231080108	2	0	-1
231080108	4	1	-1
231080108	3	0	0
231080108	4	0	0
231080108	2	0	-1
231080108	4	1	0
231080108	2	0	-1
231080108	4	1	0
231080108	3	0	0
231080108	2	0	-1
231080108	3	0	1
231080108	2	0	-1
231080108	4	0	1
231080108	4	1	0
231080108	1	1	1
231080108	2	0	-1
231080108	1	1	1
231080108	1	0	0
231080108	3	0	0
231080108	3	0	0
231080108	1	1	1
231080108	1	1	1
231080108	3	0	1
231080108	4	1	0
231080108	2	0	0
231080108	2	0	0
231080108	3	0	0
231080108	2	0	-1
231080108	3	0	0
231080108	2	0	0
231080108	4	1	0
231080108	3	0	0
231080108	1	1	1
231080108	1	0	-1
231080108	3	0	1
231080108	1	1	1
231080108	3	0	0
231080108	3	0	0
231080108	2	0	-1
231080108	1	1	1
231080108	1	0	0
231080108	3	0	0
231080108	1	1	1
231080108	1	0	-1
231080108	3	0	0
231080108	1	0	0
231080108	1	1	1
231080108	1	0	0
231080108	2	0	0
231080108	2	0	-1
231080108	1	1	1
231080108	1	1	1
231080108	4	0	1
231080108	4	1	0
231080108	1	1	0
231080108	2	0	0
231080108	4	0	1
231080108	1	1	1
231080108	3	0	0
231080108	2	0	0
231080108	2	0	-1
231080108	4	0	0
231080108	3	0	0
231080108	2	0	-1
231080108	2	0	-1
231080108	3	0	0
231080108	3	0	0
231080108	2	0	0
231080108	2	0	-1
231080108	2	0	-1
231080108	1	1	1
231080108	2	0	-1
231080108	2	0	-1
231080108	4	0	1
231080108	2	0	-1
231080108	3	0	0
231080108	2	0	-1
231080108	4	1	0
231080108	3	0	0
231080108	2	0	-1
231080108	2	0	-1
231080108	1	1	1
231080108	2	0	-1
231080108	2	0	0
231080108	2	0	-1
231080108	3	0	0
231080108	2	0	0
231080108	2	0	-1
231080108	3	0	0
231080108	2	0	-1
231080108	2	0	-1
231080108	2	0	-1
231080108	2	0	-1
231080108	2	0	-1
231080108	3	0	0
231080108	3	0	0
231080108	2	0	-1
231080108	1	1	1
231080108	2	0	-1
231080108	2	0	-1
231080108	3	0	0
231080108	3	0	1
231080108	1	1	1
231080108	1	1	0
231080108	4	0	1
231080108	3	0	0
231080108	2	0	-1
231080108	4	0	1
231080108	1	1	0
231080108	3	0	1
231080108	3	1	-1
231080108	1	1	1
231080108	4	0	1
231080108	4	1	-1
231080108	3	1	-1
231080108	3	0	0
231080108	4	1	-1
231080108	3	0	0
231080108	1	1	1
231080108	3	0	0
231080108	3	0	0
231080108	2	0	0
231080108	1	1	1
231080108	4	0	1
231080108	1	1	0
231080108	1	1	1
231080108	2	0	-1
231080108	2	0	0
231080108	3	0	0
231080108	3	0	0
231080108	1	1	1
231080108	1	0	0
231080108	4	0	1
231080108	2	0	-1
231080108	4	1	-1
231080108	4	1	-1
231080108	3	0	0
231080108	3	0	0
231080108	4	0	1
231080108	1	1	1
231080108	2	0	-1
231080108	1	1	1
231080108	3	0	0
231080108	2	0	0
231080108	1	1	0
231080108	1	1	1
231080108	4	0	1
231080108	2	0	0
231080108	2	0	-1
231080108	3	0	0
231080108	4	1	0
231080108	2	0	0
231080108	1	1	1
231080108	4	0	1
231080108	1	0	0
231080108	2	0	-1
231080108	4	1	0
231080108	1	1	1
231080108	4	0	1
231080108	3	1	-1
231080108	4	1	0
231080108	4	1	0
231080108	1	1	1
231080108	4	0	0
231080108	4	0	1
231080108	2	0	-1
231080108	4	0	1
231080108	4	1	0
231080108	2	0	-1
231080108	1	1	1
231080108	3	0	1
231080108	3	0	0
231080108	4	0	1
231080108	1	1	0
231080108	2	0	-1
231080108	3	0	0
231080108	2	0	-1
231080108	4	1	0
231080108	2	0	-1
231080108	2	0	-1
231080108	1	1	1
231080108	2	0	-1
231080108	4	1	-1
231080108	2	0	-1
231080108	2	0	0
231080108	1	1	1
231080108	2	0	-1
231080108	2	0	-1
231080108	2	0	-1
231080108	3	0	1
231080108	2	0	-1
231080108	4	1	0
231080108	4	1	0
231080108	2	0	-1
231080108	4	1	0
231080108	3	0	0
231080108	2	0	-1
231080108	2	0	-1
231080108	1	1	1
231080108	3	0	0
231080108	2	0	-1
231080108	2	0	-1
231080108	2	0	0
231080108	3	0	0
231080108	1	1	1
231080108	2	0	-1
231080108	1	1	0
231080108	2	0	0
231080108	2	0	0
231080108	4	1	0
231080108	4	0	1
231080108	4	1	0
231080108	2	0	-1
231080108	2	0	0
231080108	1	1	1
231080108	1	0	0
231080108	3	0	0
231080108	4	0	1
231080108	2	0	-1
231080108	2	0	-1
231080108	1	1	0
231080108	1	1	1
231080108	1	0	0
231080108	4	0	1
231080108	3	0	0
231280001	1	1	1
231280001	1	1	1
231280001	3	0	0
231280001	1	1	1
231280001	4	0	1
231280001	4	0	0
231280001	1	1	1
231280001	4	0	1
231280001	1	1	1
231280001	4	0	1
231280001	2	0	-1
231280001	4	0	1
231280001	1	1	1
231280001	3	0	0
231280001	2	1	0
231280001	1	1	1
231280001	4	1	0
231280001	1	1	1
231280001	3	1	-1
231280001	3	0	0
231280001	1	1	0
231280001	3	0	0
231280001	2	1	0
231280001	2	0	-1
231280001	3	0	0
231280001	4	0	0
231280001	2	1	0
231280001	4	1	0
231280001	4	1	0
231280001	2	1	0
231280001	4	0	1
231280001	1	1	1
231280001	1	1	1
231280001	1	1	1
231280001	4	0	1
231280001	1	1	1
231280001	1	0	0
231280001	2	1	0
231280001	4	0	1
231280001	2	1	0
231280001	4	0	0
231280001	4	0	1
231280001	1	1	1
231280001	3	0	0
231280001	3	1	0
231280001	2	1	0
231280001	2	1	0
231280001	2	0	-1
231280001	3	0	0
231280001	3	0	0
231280001	2	1	0
231280001	2	1	0
231280001	3	0	0
231280001	1	1	1
231280001	3	0	0
231280001	2	1	1
231280001	3	0	1
231280001	3	0	1
231280001	1	1	1
231280001	4	0	0
231280001	3	0	0
231280001	3	0	1
231280001	4	0	1
231280001	1	1	1
231280001	3	0	0
231280001	2	1	0
231280001	4	0	1
231280001	3	0	0
231280001	2	1	1
231280001	1	1	1
231280001	4	0	0
231280001	4	0	1
231280001	3	0	0
231280001	3	0	0
231280001	3	0	0
231280001	4	0	0
231280001	2	1	1
231280001	3	0	0
231280001	4	0	1
231280001	2	1	0
231280001	2	1	0
231280001	1	1	1
231280001	1	1	0
231280001	2	1	0
231280001	4	0	1
231280001	2	1	1
231280001	1	1	1
231280001	4	0	1
231280001	3	0	0
231280001	2	1	0
231280001	2	1	1
231280001	2	1	0
231280001	1	1	1
231280001	1	1	1
231280001	1	1	1
231280001	3	0	0
231280001	1	1	1
231280001	2	1	0
231280001	3	0	0
231280001	1	1	1
231280001	3	0	0
231280001	4	0	0
231280001	1	1	1
231280001	3	0	0
231280001	1	1	0
231280001	1	1	0
231280001	4	0	1
231280001	3	0	0
231280001	2	1	0
231280001	4	1	0
231280001	1	1	1
231280001	1	1	1
231280001	3	0	0
231280001	3	0	0
231280001	3	0	0
231280001	3	0	0
231280001	1	1	1
231280001	3	0	0
231280001	3	0	0
231280001	1	1	1
231280001	1	1	1
231280001	2	1	1
231280001	3	0	0
231280001	2	1	0
231280001	3	0	0
231280001	1	0	0
231280001	2	1	0
231280001	3	0	1
231280001	4	0	0
231280001	3	0	0
231280001	1	1	1
231280001	1	1	1
231280001	1	1	1
231280001	3	0	0
231280001	1	1	1
231280001	4	0	1
231280001	2	1	0
231280001	1	1	1
231280001	1	1	1
231280001	4	0	1
231280001	1	1	1
231280001	1	1	0
231280001	3	1	-1
231280001	1	1	1
231280001	4	0	0
231280001	2	1	0
231280001	4	0	1
231280001	2	0	-1
231280001	4	0	0
231280001	3	0	0
231280001	2	1	0
231280001	4	0	1
231280001	3	0	1
231280001	3	0	0
231280001	2	1	0
231280001	4	0	1
231280001	4	0	1
231280001	2	1	0
231280001	3	0	0
231280001	4	0	0
231280001	1	1	1
231280001	1	1	1
231280001	4	0	1
231280001	1	1	1
231280001	3	0	0
231280001	1	1	1
231280001	3	0	0
231280001	2	1	0
231280001	3	0	0
231280001	1	1	1
231280001	4	0	1
231280001	3	0	0
231280001	3	0	0
231280001	1	1	1
231280001	2	1	0
231280001	1	1	0
231280001	1	1	1
231280001	1	1	1
231280001	1	1	0
231280001	4	0	1
231280001	3	0	0
231280001	1	1	1
231280001	1	1	1
231280001	4	0	1
231280001	3	0	0
231280001	4	0	1
231280001	3	0	0
231280001	3	0	0
231280001	3	0	0
231280001	3	0	0
231280001	3	0	0
231280001	4	0	1
231280001	2	1	0
231280001	1	1	0
231280001	1	1	1
231280001	1	1	1
231280001	3	0	0
231280001	2	1	0
231280001	2	1	0
231280001	4	0	0
231280001	3	0	1
231280001	2	1	1
231280001	2	1	1
231280001	4	0	1
231280001	1	1	0
231280001	4	1	0
231280001	2	1	0
231280001	3	1	-1
231280001	3	0	0
231280001	2	1	1
231280001	2	1	1
231280001	4	1	0
231280001	4	1	0
231280001	4	0	1
231280001	4	0	0
231280001	3	0	0
231280001	4	0	1
231280001	4	0	1
231280001	4	0	1
231280001	2	1	1
231280001	4	0	0
231280001	2	1	1
231280001	2	1	0
231280001	3	0	0
231280001	4	0	1
231280001	2	1	0
231280001	4	0	0
231280001	2	1	0
231280001	4	0	0
231280001	4	0	1
231280001	1	1	1
231280001	1	1	1
231280001	2	1	0
231280001	4	0	1
231280001	4	0	0
231280001	4	0	1
231280001	4	0	1
231280001	2	1	1
231280001	1	1	1
231280001	1	1	1
231280001	3	0	0
231280001	1	1	1
231280001	1	1	1
231280001	2	1	1
231280001	3	0	0
231280001	1	1	1
231280001	4	0	1
231280001	2	1	0
231280001	4	0	1
231280001	2	1	1
231280001	4	0	1
231280001	2	1	0
231280001	3	0	0
231280001	3	0	0
231280001	2	1	0
231280001	4	0	1
231280001	4	0	1
231280001	4	0	1
231280001	2	1	1
231280001	2	1	0
231280001	2	1	0
231280001	1	1	1
231280001	3	1	-1
231280001	2	1	0
231280001	2	1	0
231280001	4	0	0
231280001	1	1	1
231280001	1	1	1
231280001	2	1	1
231280001	2	1	0
231280001	4	0	1
231280001	4	0	1
231280001	4	0	1
231280001	1	1	1
231280001	2	1	0
231280001	4	0	1
231280001	1	1	1
231280001	3	0	1
231280001	1	1	0
231280001	4	0	1
231280001	4	0	1
231280001	2	1	1
231280001	2	1	0
231280001	1	1	0
231280001	2	1	1
231280001	2	1	0
231280001	1	1	1
231280001	3	0	0
231280001	2	1	0
231280001	2	1	0
231280001	2	1	0
231280001	3	0	0
231280001	4	0	1
231280001	2	1	0
231280001	2	1	0
231280001	4	0	1
231280001	4	0	1
231280001	2	1	0
231280001	2	1	0
231280001	2	1	0
231280001	1	1	1
231280001	3	0	0
231280001	3	0	0
231280001	3	0	0
231280001	4	0	0
231280001	2	1	0
231280001	4	0	1
231280001	4	0	0
231280001	3	0	0
231280001	3	0	0
231280001	2	1	1
231280001	1	1	1
231280001	2	1	0
231280001	4	0	0
231280001	4	0	1
231280001	3	0	0
231280001	2	1	0
231280001	2	1	0
231280001	1	1	1
231280001	4	0	1
231280001	2	1	0
231280001	3	0	1
231280001	2	1	0
231280001	2	1	0
231280001	2	1	1
231280001	4	0	1
231280001	2	1	0
231280001	2	1	1
231280001	2	1	0
231280001	2	1	1
231280001	2	1	0
231280001	2	1	0
231280001	3	0	1
231280001	1	1	0
231280001	1	1	1
231280001	2	1	0
231280001	2	1	1
231280001	3	0	0
231280001	3	0	0
231280001	2	1	0
231280001	2	1	0
231280001	3	0	0
231280001	1	1	0
231280001	2	1	0
231280001	2	1	0
231280001	2	1	0
231280001	4	0	1
231280001	2	1	0
231280001	2	1	0
231280001	1	1	0
231280001	2	1	1
231280001	2	1	0
231280001	2	1	0
231280001	4	0	1
231280001	2	1	0
231280001	4	0	1
231280001	3	0	0
231280001	4	0	0
231280001	3	0	0
231280001	2	1	0
231280001	2	1	0
231280001	2	1	0
231280001	1	1	1
231280001	2	1	0
231280001	3	0	0
231280001	4	0	1
231280001	2	1	0
231280001	1	1	0
231280001	1	1	1
231280001	2	1	0
231280001	2	1	1
231280001	3	0	1
231280001	4	0	1
231280001	1	1	1
231280001	2	1	0
231280001	4	0	0
231280001	4	0	1
231280001	2	1	1
231280001	2	1	0
231280001	4	0	1
231280001	2	1	0
231280001	2	1	0
231280001	2	1	0
231280001	3	0	0
231280001	3	0	0
231280001	3	0	0
231280001	3	0	0
231280001	2	1	0
231280001	2	1	0
231280001	2	1	1
231280001	3	0	0
231280001	1	1	1
231280001	2	1	0
231280001	1	1	1
231280001	4	0	1
231280001	2	1	0
231280001	1	1	1
231280001	2	1	0
231280001	4	0	1
231280001	2	1	1
241010405	4	1	-1
241010405	1	1	1
241010405	1	1	0
241010405	1	1	1
241010405	4	1	0
241010405	2	0	-1
241010405	2	0	-1
241010405	1	1	1
241010405	3	0	1
241010405	2	1	0
241010405	2	1	0
241010405	1	1	1
241010405	2	0	-1
241010405	4	1	-1
241010405	2	1	0
241010405	4	1	-1
241010405	2	1	0
241010405	4	1	0
241010405	2	1	0
241010405	2	1	0
241010405	1	1	1
241010405	1	1	1
241010405	3	0	0
241010405	1	1	1
241010405	4	1	0
241010405	3	0	0
241010405	3	0	0
241010405	4	1	0
241010405	1	1	1
241010405	1	1	1
241010405	1	1	1
241010405	3	1	-1
241010405	3	0	0
241010405	1	1	1
241010405	1	1	1
241010405	4	1	0
241010405	4	0	1
241010405	4	1	0
241010405	4	1	-1
241010405	3	0	0
241010405	1	1	1
241010405	2	1	0
241010405	1	1	1
241010405	3	0	0
241010405	4	1	0
241010405	3	0	0
241010405	3	0	0
241010405	2	1	0
241010405	1	1	1
241010405	3	0	0
241010405	2	1	0
241010405	1	1	1
241010405	3	1	0
241010405	1	1	0
241010405	2	1	0
241010405	3	0	0
241010405	3	1	-1
241010405	3	1	-1
241010405	1	1	1
241010405	3	0	0
241010405	1	1	1
241010405	1	1	1
241010405	1	1	0
241010405	3	0	0
241010405	3	0	0
241010405	3	0	1
241010405	1	1	1
241010405	1	1	1
241010405	1	1	1
241010405	3	0	0
241010405	3	0	0
241010405	4	1	-1
241010405	2	1	0
241010405	2	0	-1
241010405	4	1	0
241010405	3	0	0
241010405	2	0	-1
241010405	1	1	1
241010405	3	0	0
241010405	2	1	0
241010405	2	1	0
241010405	2	1	0
241010405	3	0	0
241010405	1	1	1
241010405	2	1	0
241010405	3	0	0
241010405	4	1	0
241010405	1	1	1
241010405	1	1	1
241010405	1	1	1
241010405	3	0	0
241010405	1	1	0
241010405	3	0	0
241010405	1	1	1
241010405	1	1	1
241010405	3	0	1
241010405	4	1	0
241010405	1	1	1
241010405	3	0	0
241010405	3	1	-1
241010405	3	1	-1
241010405	1	1	1
241010405	3	0	1
241010405	2	1	0
241010405	2	0	-1
241010405	3	1	0
241010405	3	1	-1
241010405	2	1	0
241010405	1	1	0
241010405	3	1	-1
241010405	4	1	0
241010405	4	1	-1
241010405	2	1	0
241010405	1	1	1
241010405	4	1	0
241010405	4	1	0
241010405	4	1	0
241010405	4	1	0
241010405	1	1	1
241010405	3	0	0
241010405	4	1	0
241010405	2	1	0
241010405	2	1	1
241010405	1	1	1
241010405	2	1	0
241010405	2	1	0
241010405	1	1	1
241010405	4	1	0
241010405	2	1	0
241010405	2	1	0
241010405	4	1	0
241010405	4	1	0
241010405	4	1	0
241010405	2	1	0
241010405	4	1	0
241010405	3	1	-1
241010405	4	1	-1
241010405	4	1	0
241010405	2	1	1
241010405	3	1	-1
241010405	3	1	-1
241010405	3	1	-1
241010405	2	1	0
241010405	2	1	0
241010405	2	1	1
241010405	1	1	1
241010405	2	1	1
241010405	2	1	0
241010405	4	1	0
241010405	3	0	0
241010405	2	1	0
241010405	1	1	0
241010405	4	1	-1
241010405	1	1	1
241010405	1	1	1
241010405	1	1	1
241010405	1	1	1
241010405	3	1	-1
241010405	3	1	-1
241010405	4	1	0
241010405	3	1	-1
241010405	3	1	-1
241010405	3	0	0
241010405	2	1	0
241010405	3	1	-1
241010405	4	1	0
241010405	2	1	0
241010405	3	0	0
241010405	4	1	0
241010405	2	1	0
241010405	2	1	0
241010405	2	1	0
241010405	4	1	0
241010405	4	1	-1
241010405	3	1	0
241010405	3	1	-1
241010405	4	1	-1
241010405	1	1	0
241010405	1	1	1
241010405	1	1	1
241010405	1	1	1
241010405	1	1	1
241010405	1	1	1
241010405	3	0	1
241010405	2	1	0
241010405	1	1	1
241010405	2	1	0
241010405	1	1	1
241010405	2	1	0
241010405	3	0	0
241010405	2	1	0
241010405	2	0	-1
241010405	4	1	0
241010405	4	1	0
241010405	1	1	1
241010405	3	0	0
241010405	4	1	0
241010405	3	0	0
241010405	2	1	0
241010405	1	1	1
241010405	1	1	1
241010405	2	0	-1
241010405	3	1	-1
241010405	2	1	0
241010405	2	1	0
241010405	4	1	0
241010405	4	1	0
241010405	2	1	0
241010405	4	1	0
241010405	2	1	0
241010405	2	1	0
241010405	4	1	0
241010405	4	1	0
241010405	2	1	1
241010405	3	0	0
241010405	1	1	1
241010405	2	1	0
241010405	2	1	0
241010405	3	0	0
241010405	2	1	0
241010405	1	1	1
241010405	3	0	0
241010405	4	1	0
241010405	4	0	1
241010405	4	0	0
241010405	1	1	1
241010405	1	1	1
241010405	2	1	0
241010405	2	1	0
241010405	1	1	1
241010405	3	0	0
241010405	2	1	0
241010405	3	0	0
241010405	3	0	0
241010405	2	1	0
241010405	2	1	0
241010405	4	1	0
241010405	4	0	1
241010405	2	1	0
241010405	4	1	0
241010405	1	1	1
241010405	1	1	1
241010405	4	1	0
241010405	1	1	1
241010405	3	0	0
241010405	4	1	-1
241010405	4	1	0
241010405	4	1	0
241010405	4	1	0
241010405	1	1	1
241010405	4	0	1
241010405	1	1	1
241010405	1	1	0
241010405	2	1	0
241010405	4	1	0
241010405	2	1	0
241010405	4	1	0
241010405	4	1	0
241010405	4	1	0
241010405	2	1	0
241010405	2	0	-1
241010405	2	1	0
241010405	4	1	-1
241010405	3	0	0
241010405	2	1	0
241010405	3	1	-1
241010405	3	1	-1
241010405	2	1	0
241010405	2	1	0
241010405	1	1	1
241010405	3	1	-1
241010405	3	1	-1
241010405	2	1	0
241010405	1	1	1
241010405	3	1	-1
241010405	1	1	1
241010405	2	0	-1
241010405	3	0	0
241010405	1	1	1
241010405	4	1	0
241010405	3	0	0
241010405	4	1	-1
241010405	2	0	0
241010405	2	0	-1
241010405	4	1	-1
241010405	1	1	1
241010405	2	0	0
241010405	1	1	1
241010405	4	1	0
241010405	3	0	1
241010405	2	1	0
241010405	2	1	0
241010405	4	1	0
241010405	4	1	0
241010405	4	1	0
241010405	3	0	0
241010405	2	1	0
241010405	1	1	1
241010405	4	1	-1
241010405	4	1	0
241010405	2	1	0
241010405	4	1	0
241010405	4	1	-1
241010405	2	0	-1
241010405	1	1	1
241010405	2	1	0
241010405	2	1	0
241010405	3	0	0
241010405	4	1	0
241010405	2	1	1
241010405	2	1	0
241010405	2	1	0
241010405	2	1	0
241010405	4	0	1
241010405	4	1	0
241010405	4	1	0
241010405	2	0	0
241010405	1	1	1
241010405	3	0	1
241010405	2	1	0
241010405	4	1	0
241010405	2	1	0
241010405	2	1	1
241010405	1	1	1
241010405	2	1	0
241010405	2	1	0
241010405	3	0	0
241010405	2	1	0
241010405	2	1	0
241010405	2	0	-1
241010405	2	1	0
241010405	1	1	1
241010405	1	1	1
241010405	2	1	0
241010405	2	0	-1
241010405	2	1	0
241010405	2	1	0
241010405	3	0	1
241010405	1	1	1
241010405	2	0	-1
241010405	2	1	0
241010405	2	1	1
241010405	2	1	1
241010405	3	1	-1
241010405	2	1	0
241010405	2	1	0
241010405	2	1	0
241010405	2	1	0
241010405	3	0	0
241010405	2	1	1
241010405	1	1	1
241010405	3	0	1
241010405	3	1	-1
241010405	1	1	1
241010405	2	1	1
241010405	3	0	0
241010405	2	1	0
241010405	1	1	0
241010405	2	1	1
241010405	4	1	0
241010405	4	1	0
241010405	2	1	0
241010405	3	1	0
241010405	4	1	-1
241010405	2	1	0
241010405	1	0	0
241010405	4	1	0
241010405	4	1	-1
241010405	1	0	0
241010405	2	1	1
241010405	2	1	0
241010405	2	1	0
241010405	4	1	0
241010405	1	0	-1
241010405	4	1	0
241010405	3	0	1
241010405	3	1	-1
241010405	3	1	-1
241010405	4	1	-1
241010405	4	1	0
241010405	4	1	0
241010405	4	1	0
241010405	1	1	1
241010405	2	0	-1
241010405	3	0	0
241010405	4	1	0
241010405	3	1	-1
241010405	4	1	0
241010405	4	1	0
241010405	2	1	0
241010405	4	1	0
241010405	3	0	0
241010405	4	1	0
241010405	1	1	1
241010405	3	0	0
241010405	2	1	0
241010405	3	1	0
241010405	2	1	0
241010405	2	1	0
241010405	1	1	1
241030014	1	1	0
241030014	1	0	0
241030014	3	1	0
241030014	1	0	0
241030014	4	1	0
241030014	3	1	-1
241030014	3	0	0
241030014	1	1	1
241030014	2	1	1
241030014	1	1	0
241030014	2	1	1
241030014	1	1	1
241030014	1	1	0
241030014	2	1	0
241030014	4	1	0
241030014	4	0	1
241030014	3	0	1
241030014	1	1	0
241030014	1	1	1
241030014	3	0	0
241030014	2	1	0
241030014	2	1	0
241030014	1	1	1
241030014	1	1	1
241030014	4	0	1
241030014	3	0	0
241030014	4	0	0
241030014	4	0	1
241030014	4	0	1
241030014	1	1	1
241030014	1	1	1
241030014	1	1	1
241030014	2	1	0
241030014	3	0	0
241030014	3	0	1
241030014	1	1	1
241030014	3	0	1
241030014	3	0	1
241030014	1	1	1
241030014	2	1	1
241030014	3	0	0
241030014	3	0	1
241030014	3	0	0
241030014	4	0	0
241030014	3	0	0
241030014	3	0	0
241030014	3	0	0
241030014	2	1	0
241030014	1	1	1
241030014	1	1	1
241030014	3	0	0
241030014	4	1	0
241030014	1	1	0
241030014	1	1	1
241030014	1	1	1
241030014	1	1	1
241030014	4	0	1
241030014	2	1	1
241030014	4	0	1
241030014	4	0	1
241030014	4	0	0
241030014	3	1	-1
241030014	2	1	0
241030014	4	0	1
241030014	3	1	-1
241030014	2	0	-1
241030014	1	1	0
241030014	1	1	0
241030014	1	0	0
241030014	3	1	0
241030014	2	1	0
241030014	3	0	0
241030014	4	0	1
241030014	1	1	1
241030014	3	0	0
241030014	4	0	1
241030014	1	1	1
241030014	1	1	0
241030014	2	1	0
241030014	4	0	1
241030014	3	0	0
241030014	4	0	1
241030014	2	0	-1
241030014	2	1	0
241030014	2	1	0
241030014	1	1	1
241030014	2	1	1
241030014	1	1	1
241030014	4	1	0
241030014	2	1	0
241030014	1	1	0
241030014	3	0	0
241030014	3	1	-1
241030014	2	1	0
241030014	4	0	1
241030014	2	1	0
241030014	4	0	1
241030014	4	0	1
241030014	2	1	0
241030014	2	1	0
241030014	1	1	1
241030014	2	1	1
241030014	3	0	0
241030014	2	1	0
241030014	3	0	0
241030014	1	1	1
241030014	1	1	0
241030014	3	0	1
241030014	3	0	0
241030014	2	1	1
241030014	2	1	0
241030014	3	0	0
241030014	1	1	0
241030014	4	1	-1
241030014	3	0	0
241030014	4	0	1
241030014	1	1	1
241030014	1	1	0
241030014	4	1	0
241030014	4	0	0
241030014	1	1	1
241030014	4	0	0
241030014	3	0	0
241030014	3	0	0
241030014	3	0	1
241030014	3	1	0
241030014	4	0	1
241030014	3	0	0
241030014	2	1	0
241030014	4	0	1
241030014	4	0	1
241030014	2	1	0
241030014	2	1	0
241030014	3	0	0
241030014	2	1	0
241030014	1	1	0
241030014	2	1	1
241030014	3	0	0
241030014	4	0	0
241030014	3	0	0
241030014	1	1	1
241030014	4	0	1
241030014	2	1	0
241030014	4	0	1
241030014	1	1	1
241030014	2	0	-1
241030014	2	1	1
241030014	4	0	1
241030014	2	1	0
241030014	1	1	0
241030014	2	1	1
241030014	2	1	0
241030014	2	1	0
241030014	4	0	1
241030014	2	1	0
241030014	2	1	1
241030014	1	1	0
241030014	2	1	0
241030014	4	0	1
241030014	4	0	1
241030014	4	0	1
241030014	2	1	0
241030014	4	0	1
241030014	1	1	1
241030014	4	0	1
241030014	2	1	1
241030014	1	1	1
241030014	2	1	0
241030014	4	1	0
241030014	4	0	0
241030014	4	0	1
241030014	2	1	1
241030014	3	0	0
241030014	2	1	1
241030014	3	0	1
241030014	2	1	0
241030014	4	0	1
241030014	1	1	1
241030014	4	0	1
241030014	4	0	1
241030014	2	1	0
241030014	3	0	0
241030014	2	1	0
241030014	4	0	0
241030014	4	0	1
241030014	1	1	1
241030014	4	0	1
241030014	3	1	0
241030014	4	0	1
241030014	3	0	0
241030014	2	1	0
241030014	2	1	1
241030014	4	0	0
241030014	4	0	1
241030014	1	1	0
241030014	2	1	0
241030014	2	1	1
241030014	4	0	0
241030014	3	1	-1
241030014	3	0	0
241030014	1	1	1
241030014	2	1	0
241030014	2	1	0
241030014	4	0	1
241030014	3	0	0
241030014	4	1	0
241030014	4	0	1
241030014	4	0	1
241030014	4	0	1
241030014	2	1	0
241030014	4	0	1
241030014	4	0	1
241030014	2	1	0
241030014	2	1	0
241030014	1	1	1
241030014	4	0	1
241030014	4	0	1
241030014	3	0	1
241030014	2	1	0
241030014	2	1	0
241030014	3	0	0
241030014	2	1	1
241030014	3	0	0
241030014	2	1	0
241030014	3	0	0
241030014	2	1	1
241030014	4	0	1
241030014	3	1	-1
241030014	2	1	0
241030014	2	1	0
241030014	3	0	0
241030014	2	1	1
241030014	1	1	1
241030014	4	0	1
241030014	4	0	0
241030014	1	1	1
241030014	1	1	0
241030014	4	0	1
241030014	1	1	1
241030014	4	0	1
241030014	1	1	1
241030014	4	0	1
241030014	2	1	0
241030014	3	0	0
241030014	3	0	0
241030014	4	1	0
241030014	3	0	1
241030014	4	0	1
241030014	2	1	1
241030014	4	0	1
241030014	4	1	0
241030014	4	0	1
241030014	2	1	0
241030014	3	0	1
241030014	2	1	0
241030014	4	0	1
241030014	2	1	0
241030014	1	1	1
241030014	4	0	1
241030014	1	1	1
241030014	3	0	0
241030014	4	1	0
241030014	4	0	1
241030014	4	0	1
241030014	4	0	1
241030014	2	1	1
241030014	4	0	1
241030014	3	0	0
241030014	3	0	0
241030014	4	1	0
241030014	2	1	0
241030014	4	0	1
241030014	4	0	1
241030014	1	1	1
241030014	3	0	0
241030014	1	1	0
241030014	2	1	0
241030014	3	1	-1
241030014	2	1	1
241030014	4	0	1
241030014	2	1	1
241030014	4	0	1
241030014	4	0	1
241030014	4	0	0
241030014	4	0	1
241030014	4	0	0
241030014	4	0	1
241030014	4	0	0
241030014	4	0	1
241030014	2	1	0
241030014	2	1	0
241030014	4	0	1
241030014	3	0	0
241030014	4	0	1
241030014	4	0	1
241030014	4	0	0
241030014	2	1	0
241030014	2	1	0
241030014	4	0	1
241030014	4	0	0
241030014	4	0	1
241030014	2	1	0
241030014	1	1	1
241030014	3	0	0
241030014	1	1	1
241030014	4	0	1
241030014	2	1	0
241030014	4	0	1
241030014	4	0	1
241030014	4	0	0
241030014	4	0	1
241030014	1	1	1
241030014	2	1	0
241030014	2	1	0
241030014	1	1	1
241030014	4	0	1
241030014	3	1	-1
241030014	4	0	0
241030014	4	0	1
241030014	4	0	1
241030014	1	1	1
241030014	4	0	1
241030014	1	1	1
241030014	3	0	0
241030014	4	0	1
241030014	4	0	1
241030014	2	1	0
241030014	4	0	1
241030014	2	1	0
241030014	1	1	1
241030014	3	0	0
241030014	1	1	0
241030014	1	1	1
241030014	4	0	1
241030014	1	1	1
241030014	2	1	0
241030014	1	1	0
241030014	3	0	0
241030014	3	0	1
241030014	4	1	0
241030014	4	0	0
241030014	4	0	1
241030014	4	0	1
241030014	4	0	0
241030014	1	1	1
241030014	4	0	1
241030014	2	1	1
241030014	1	1	0
241030014	3	0	0
241030014	1	1	1
241030014	3	0	0
241030014	2	1	0
241030014	4	0	1
241030014	3	0	1
241030014	3	0	0
241030014	1	1	1
241030014	1	1	1
241030014	3	0	0
241030014	1	1	1
241030014	1	1	1
241030014	3	0	0
241030014	1	1	1
241030014	4	0	0
241030014	3	0	0
241030014	3	0	0
241030014	4	1	0
241030014	3	0	0
241030014	1	1	1
241030014	1	1	0
241030014	4	1	0
241030014	3	0	0
241030014	2	1	0
241030014	2	1	1
241030014	2	1	1
241030014	4	0	1
241030014	2	1	0
241030014	1	1	1
241030014	2	1	0
241030014	3	0	0
241030014	3	0	0
241030014	3	0	0
241030014	1	1	1
241030014	3	0	0
241030014	2	1	1
241030014	4	0	1
241030014	3	0	1
241030014	3	0	0
241030014	1	1	1
241030014	3	0	0
241030014	1	1	1
241030014	3	0	0
241030014	3	0	1
241030014	1	1	1
241030014	3	0	0
241030014	1	1	1
241030014	3	0	0
241030014	1	1	1
241030014	1	1	1
241030014	1	1	1
241030014	1	1	1
241040010	4	0	1
241040010	1	1	1
241040010	4	0	1
241040010	3	0	0
241040010	4	0	1
241040010	3	0	0
241040010	1	1	1
241040010	4	0	1
241040010	2	1	1
241040010	3	0	1
241040010	3	0	0
241040010	3	0	0
241040010	4	0	0
241040010	1	1	0
241040010	2	1	1
241040010	1	1	1
241040010	4	0	1
241040010	4	0	0
241040010	1	1	1
241040010	2	1	0
241040010	4	0	1
241040010	1	1	1
241040010	3	0	0
241040010	3	0	0
241040010	1	1	1
241040010	3	0	0
241040010	1	1	1
241040010	3	0	0
241040010	3	0	1
241040010	1	1	1
241040010	4	0	1
241040010	1	1	1
241040010	3	0	1
241040010	3	0	0
241040010	3	0	1
241040010	1	1	1
241040010	3	0	0
241040010	2	1	0
241040010	3	0	0
241040010	3	0	0
241040010	1	1	1
241040010	3	0	1
241040010	1	1	1
241040010	1	1	1
241040010	2	0	-1
241040010	2	1	0
241040010	2	1	0
241040010	1	1	1
241040010	3	0	0
241040010	3	0	1
241040010	3	0	0
241040010	1	1	0
241040010	3	0	0
241040010	1	1	1
241040010	1	1	1
241040010	4	0	1
241040010	3	0	0
241040010	1	1	0
241040010	3	0	0
241040010	3	0	0
241040010	2	1	1
241040010	3	0	1
241040010	1	1	0
241040010	1	1	1
241040010	4	0	0
241040010	2	1	0
241040010	1	1	0
241040010	1	1	1
241040010	3	0	0
241040010	3	0	1
241040010	3	0	1
241040010	1	1	0
241040010	3	0	0
241040010	1	1	1
241040010	3	0	0
241040010	2	1	0
241040010	3	0	0
241040010	3	0	0
241040010	4	0	1
241040010	1	1	0
241040010	1	1	0
241040010	3	0	0
241040010	2	0	-1
241040010	2	1	0
241040010	1	1	0
241040010	3	0	1
241040010	1	1	1
241040010	4	0	0
241040010	4	0	1
241040010	2	1	1
241040010	3	1	-1
241040010	4	0	1
241040010	4	1	0
241040010	3	0	0
241040010	4	0	1
241040010	1	1	1
241040010	4	0	1
241040010	2	1	0
241040010	3	0	0
241040010	4	0	1
241040010	4	0	0
241040010	1	1	1
241040010	2	1	0
241040010	4	0	1
241040010	4	1	-1
241040010	3	0	0
241040010	3	0	0
241040010	2	0	-1
241040010	2	1	0
241040010	4	0	1
241040010	2	1	0
241040010	3	0	0
241040010	4	0	1
241040010	1	1	1
241040010	1	1	0
241040010	2	0	0
241040010	4	0	1
241040010	3	0	0
241040010	1	1	1
241040010	2	0	0
241040010	4	0	1
241040010	4	0	1
241040010	1	1	1
241040010	1	1	1
241040010	2	1	0
241040010	2	1	0
241040010	2	0	-1
241040010	1	1	1
241040010	1	1	1
241040010	4	0	1
241040010	4	0	1
241040010	3	0	0
241040010	1	1	0
241040010	3	0	0
241040010	2	1	0
241040010	3	0	0
241040010	1	1	1
241040010	3	0	0
241040010	4	0	0
241040010	2	0	0
241040010	1	1	0
241040010	3	0	1
241040010	3	0	0
241040010	4	0	1
241040010	2	1	1
241040010	2	1	0
241040010	2	1	1
241040010	2	1	1
241040010	1	1	1
241040010	2	1	1
241040010	1	1	0
241040010	2	1	0
241040010	2	1	0
241040010	1	1	1
241040010	3	0	0
241040010	1	1	1
241040010	4	0	1
241040010	4	0	1
241040010	1	1	1
241040010	3	0	0
241040010	2	1	1
241040010	3	0	0
241040010	4	0	1
241040010	4	0	1
241040010	3	0	0
241040010	2	1	1
241040010	2	1	0
241040010	3	0	1
241040010	3	0	1
241040010	3	0	0
241040010	2	1	0
241040010	2	1	0
241040010	4	0	1
241040010	1	1	1
241040010	3	0	0
241040010	2	1	0
241040010	4	0	1
241040010	4	0	0
241040010	4	0	0
241040010	2	1	0
241040010	2	1	0
241040010	4	1	-1
241040010	2	1	0
241040010	4	0	1
241040010	2	1	1
241040010	4	0	0
241040010	4	0	1
241040010	1	1	1
241040010	2	0	-1
241040010	4	0	1
241040010	2	0	0
241040010	4	0	1
241040010	4	0	1
241040010	2	1	1
241040010	4	0	1
241040010	2	1	1
241040010	3	0	0
241040010	1	1	0
241040010	3	0	0
241040010	2	1	0
241040010	2	1	0
241040010	4	0	1
241040010	1	1	1
241040010	4	0	1
241040010	4	0	0
241040010	4	0	1
241040010	2	1	0
241040010	4	0	1
241040010	3	0	0
241040010	1	1	1
241040010	4	0	1
241040010	2	1	0
241040010	2	1	0
241040010	2	1	0
241040010	2	1	0
241040010	1	1	1
241040010	4	0	1
241040010	4	0	1
241040010	2	1	0
241040010	1	1	1
241040010	2	1	0
241040010	3	0	1
241040010	3	0	0
241040010	1	1	0
241040010	4	0	0
241040010	1	1	1
241040010	4	0	1
241040010	2	1	0
241040010	4	0	1
241040010	2	1	0
241040010	4	0	0
241040010	2	1	0
241040010	4	0	1
241040010	4	0	1
241040010	2	1	0
241040010	1	1	1
241040010	3	0	0
241040010	4	0	1
241040010	4	0	1
241040010	4	0	0
241040010	4	0	1
241040010	2	1	0
241040010	2	1	0
241040010	4	0	0
241040010	3	0	0
241040010	4	0	1
241040010	4	0	0
241040010	4	0	1
241040010	3	0	0
241040010	1	1	0
241040010	1	1	1
241040010	4	0	1
241040010	2	1	0
241040010	4	0	0
241040010	2	1	0
241040010	4	0	1
241040010	4	0	0
241040010	4	0	0
241040010	4	1	0
241040010	4	1	0
241040010	1	1	1
241040010	4	1	0
241040010	2	1	0
241040010	2	0	-1
241040010	3	1	-1
241040010	4	1	0
241040010	3	0	1
241040010	3	0	0
241040010	4	0	1
241040010	4	0	0
241040010	4	0	1
241040010	3	0	0
241040010	1	1	1
241040010	4	0	1
241040010	2	1	1
241040010	4	0	1
241040010	1	1	0
241040010	4	0	1
241040010	3	0	1
241040010	2	1	0
241040010	1	1	1
241040010	4	0	0
241040010	2	1	0
241040010	2	1	0
241040010	2	1	1
241040010	4	0	1
241040010	4	0	1
241040010	1	1	0
241040010	4	0	1
241040010	4	0	1
241040010	4	0	1
241040010	2	1	0
241040010	4	0	1
241040010	4	0	1
241040010	3	0	0
241040010	1	1	1
241040010	4	0	1
241040010	1	1	1
241040010	1	1	1
241040010	4	0	1
241040010	4	0	1
241040010	4	0	0
241040010	4	0	0
241040010	2	1	0
241040010	1	1	0
241040010	2	1	0
241040010	2	1	0
241040010	4	0	1
241040010	4	0	1
241040010	4	0	1
241040010	4	0	1
241040010	1	1	1
241040010	4	0	1
241040010	3	0	0
241040010	4	0	1
241040010	2	1	0
241040010	4	0	1
241040010	2	1	0
241040010	4	0	1
241040010	2	0	-1
241040010	2	1	0
241040010	4	0	1
241040010	1	1	0
241040010	4	0	0
241040010	4	0	1
241040010	4	0	1
241040010	2	1	1
241040010	4	0	0
241040010	1	1	1
241040010	4	0	1
241040010	3	0	1
241040010	3	0	0
241040010	4	0	1
241040010	3	0	0
241040010	3	0	0
241040010	2	1	0
241040010	4	0	1
241040010	3	0	0
241040010	3	0	0
241040010	2	0	-1
241040010	4	0	1
241040010	2	1	0
241040010	1	1	1
241040010	4	0	1
241040010	2	1	0
241040010	3	0	0
241040010	3	0	0
241040010	1	1	1
241040010	2	1	1
241040010	1	1	1
241040010	2	1	0
241040010	4	0	0
241040010	4	0	0
241040010	4	0	1
241040010	1	1	1
241040010	2	1	0
241040010	1	1	1
241040010	1	1	1
241040010	2	1	0
241040010	1	1	0
241040010	2	1	0
241040010	1	1	1
241040010	1	1	1
241040010	1	1	0
241040010	4	0	1
241040010	3	0	1
241040010	3	0	0
241040010	1	1	1
241040010	4	0	1
241040010	2	1	0
241040010	3	1	-1
241040010	2	0	0
241040010	2	0	0
241040010	3	1	-1
241040010	1	1	1
241040010	2	1	0
241040010	4	1	0
241040010	1	1	1
241040010	3	1	0
241040010	3	1	-1
241040010	4	0	1
241040010	4	0	1
241040010	3	0	1
241040010	1	1	1
241040010	3	0	0
241040010	2	1	0
241040010	1	1	1
241040010	4	0	1
241040010	2	1	0
241040010	1	1	1
241040010	3	1	0
241040010	1	1	0
241040010	1	1	1
241040010	4	0	1
241040010	3	0	1
241040010	2	0	-1
241040010	3	0	0
241040010	1	1	0
241040010	3	1	-1
241040010	1	1	1
241120603	4	0	1
241120603	4	1	0
241120603	3	1	-1
241120603	3	1	-1
241120603	2	0	-1
241120603	4	0	1
241120603	3	1	-1
241120603	2	0	-1
241120603	2	1	0
241120603	1	1	1
241120603	3	1	-1
241120603	4	0	1
241120603	2	1	0
241120603	3	1	-1
241120603	3	1	-1
241120603	3	0	0
241120603	4	1	0
241120603	2	0	-1
241120603	2	0	-1
241120603	4	0	0
241120603	1	1	1
241120603	2	0	-1
241120603	1	1	1
241120603	1	1	1
241120603	2	0	-1
241120603	4	1	0
241120603	2	0	-1
241120603	4	0	1
241120603	2	0	-1
241120603	2	0	-1
241120603	4	0	1
241120603	3	1	-1
241120603	4	0	1
241120603	3	1	0
241120603	1	1	1
241120603	3	1	-1
241120603	3	1	-1
241120603	1	1	1
241120603	3	1	-1
241120603	1	1	1
241120603	2	0	-1
241120603	3	1	0
241120603	2	0	-1
241120603	4	0	0
241120603	1	1	0
241120603	3	1	-1
241120603	3	1	-1
241120603	1	1	1
241120603	1	1	1
241120603	3	1	-1
241120603	1	1	1
241120603	1	1	0
241120603	3	1	-1
241120603	3	1	-1
241120603	3	1	-1
241120603	3	1	0
241120603	4	0	1
241120603	3	1	0
241120603	1	1	1
241120603	2	0	-1
241120603	1	1	1
241120603	1	1	1
241120603	1	1	1
241120603	1	1	1
241120603	2	0	-1
241120603	2	0	-1
241120603	4	0	0
241120603	2	0	-1
241120603	1	1	1
241120603	1	1	1
241120603	3	1	-1
241120603	2	0	0
241120603	1	1	1
241120603	3	1	-1
241120603	1	1	1
241120603	3	1	-1
241120603	2	0	-1
241120603	3	1	-1
241120603	1	1	1
241120603	4	0	0
241120603	3	1	-1
241120603	4	0	1
241120603	4	0	0
241120603	3	1	-1
241120603	1	1	1
241120603	3	1	-1
241120603	2	1	0
241120603	2	0	-1
241120603	2	0	-1
241120603	2	1	0
241120603	2	0	0
241120603	2	0	-1
241120603	4	1	0
241120603	1	1	0
241120603	2	0	0
241120603	2	0	-1
241120603	1	1	1
241120603	1	0	0
241120603	2	0	-1
241120603	1	1	1
241120603	2	0	-1
241120603	4	1	-1
241120603	2	0	0
241120603	2	0	-1
241120603	3	1	-1
241120603	3	1	-1
241120603	3	1	0
241120603	1	1	0
241120603	1	1	1
241120603	4	0	0
241120603	2	1	1
241120603	2	0	-1
241120603	2	0	-1
241120603	2	0	-1
241120603	2	0	-1
241120603	4	0	1
241120603	4	0	1
241120603	2	0	-1
241120603	1	1	1
241120603	4	1	0
241120603	1	1	1
241120603	4	0	1
241120603	2	0	-1
241120603	2	0	0
241120603	2	0	-1
241120603	3	1	0
241120603	4	0	1
241120603	1	1	1
241120603	4	0	0
241120603	1	1	1
241120603	4	0	1
241120603	1	1	1
241120603	2	0	-1
241120603	4	0	1
241120603	4	0	0
241120603	3	1	-1
241120603	4	0	0
241120603	3	1	-1
241120603	1	1	1
241120603	2	0	0
241120603	2	0	-1
241120603	2	0	-1
241120603	2	0	-1
241120603	4	0	0
241120603	3	1	-1
241120603	1	1	1
241120603	1	1	0
241120603	3	1	-1
241120603	4	1	-1
241120603	4	1	0
241120603	3	1	-1
241120603	2	0	-1
241120603	4	0	1
241120603	1	1	0
241120603	4	1	0
241120603	3	1	-1
241120603	2	0	-1
241120603	1	1	0
241120603	2	0	-1
241120603	1	1	1
241120603	3	1	-1
241120603	2	0	-1
241120603	4	0	1
241120603	2	0	-1
241120603	1	1	1
241120603	3	1	0
241120603	2	1	1
241120603	2	0	0
241120603	1	1	1
241120603	1	1	1
241120603	3	1	-1
241120603	4	0	1
241120603	4	0	1
241120603	1	1	1
241120603	2	0	-1
241120603	4	0	1
241120603	2	0	0
241120603	1	1	1
241120603	1	1	1
241120603	1	1	1
241120603	3	1	-1
241120603	4	0	1
241120603	3	1	-1
241120603	3	1	0
241120603	4	1	-1
241120603	1	1	1
241120603	1	1	1
241120603	1	1	1
241120603	4	0	1
241120603	1	1	1
241120603	1	1	1
241120603	3	1	-1
241120603	4	0	1
241120603	3	1	-1
241120603	2	0	-1
241120603	3	1	-1
241120603	2	0	-1
241120603	2	0	-1
241120603	2	0	0
241120603	3	1	-1
241120603	1	1	1
241120603	2	0	-1
241120603	2	0	0
241120603	2	0	-1
241120603	4	0	1
241120603	3	1	-1
241120603	3	1	0
241120603	1	1	1
241120603	1	1	1
241120603	1	1	1
241120603	3	1	-1
241120603	1	1	1
241120603	1	1	0
241120603	4	1	0
241120603	2	0	-1
241120603	3	1	0
241120603	3	1	-1
241120603	1	1	1
241120603	4	0	1
241120603	3	1	-1
241120603	1	1	1
241120603	1	1	0
241120603	1	1	1
241120603	4	0	1
241120603	3	0	1
241120603	1	1	1
241120603	1	1	1
241120603	1	1	1
241120603	2	0	-1
241120603	3	1	-1
241120603	1	1	1
241120603	4	0	1
241120603	2	0	-1
241120603	3	1	-1
241120603	2	0	-1
241120603	2	0	-1
241120603	3	1	-1
241120603	2	0	-1
241120603	3	1	-1
241120603	1	0	-1
241120603	4	0	1
241120603	4	0	0
241120603	4	0	1
241120603	4	0	0
241120603	4	0	0
241120603	4	0	1
241120603	2	0	0
241120603	2	1	1
241120603	4	1	0
241120603	4	1	0
241120603	1	1	1
241120603	4	0	0
241120603	3	1	0
241120603	4	1	0
241120603	3	1	0
241120603	3	1	-1
241120603	1	1	1
241120603	2	0	-1
241120603	4	0	0
241120603	3	1	-1
241120603	4	0	1
241120603	2	1	0
241120603	1	1	1
241120603	4	0	0
241120603	2	0	-1
241120603	4	1	0
241120603	2	0	-1
241120603	2	0	-1
241120603	4	0	1
241120603	2	0	-1
241120603	2	0	-1
241120603	1	1	1
241120603	4	0	0
241120603	2	0	-1
241120603	4	0	1
241120603	4	0	1
241120603	4	1	-1
241120603	4	0	1
241120603	2	0	0
241120603	4	0	0
241120603	1	1	0
241120603	2	1	0
241120603	4	0	1
241120603	1	1	1
241120603	3	1	0
241120603	1	1	0
241120603	2	0	-1
241120603	3	0	0
241120603	2	0	-1
241120603	3	1	0
241120603	3	1	0
241120603	4	0	1
241120603	1	1	1
241120603	1	1	1
241120603	4	0	0
241120603	2	0	0
241120603	2	0	-1
241120603	2	0	-1
241120603	2	0	-1
241120603	2	0	-1
241120603	4	0	1
241120603	1	1	0
241120603	4	0	0
241120603	1	1	1
241120603	1	1	1
241120603	3	1	0
241120603	4	0	0
241120603	2	0	-1
241120603	4	0	1
241120603	3	1	-1
241120603	3	1	-1
241120603	2	0	-1
241120603	2	0	-1
241120603	2	0	0
241120603	2	1	0
241120603	2	1	0
241120603	2	0	-1
241120603	4	0	0
241120603	3	1	-1
241120603	2	0	0
241120603	2	1	0
241120603	2	1	0
241120603	3	1	-1
241120603	2	0	0
241120603	2	0	0
241120603	3	1	0
241120603	2	0	-1
241120603	2	0	-1
241120603	3	1	0
241120603	4	0	1
241120603	2	0	-1
241120603	2	0	-1
241120603	3	1	-1
241120603	3	1	-1
241120603	4	0	0
241120603	4	1	-1
241120603	4	0	1
241120603	2	0	0
241120603	2	0	-1
241120603	1	1	1
241120603	1	1	1
241120603	3	1	-1
241120603	2	0	-1
241120603	4	0	0
241120603	4	1	-1
241120603	4	0	1
241120603	2	0	-1
241120603	2	0	-1
241120603	1	1	1
241120603	2	0	0
241120603	1	1	1
241120603	1	1	0
241120603	2	0	-1
241120603	3	1	-1
241120603	3	1	-1
241120603	3	1	-1
241120603	3	1	-1
241120603	3	1	-1
241120603	4	0	1
241120603	2	0	-1
241120603	3	1	-1
241120603	3	1	-1
241120603	4	0	1
241120603	2	0	-1
241120603	4	0	1
241120603	1	1	1
241120603	2	0	-1
241120603	1	1	1
241120603	4	0	1
241120603	2	0	-1
241120603	4	0	1
241120603	2	0	-1
241120603	3	1	-1
241120603	2	0	-1
241120603	2	0	0
241120603	2	0	-1
241120603	3	1	-1
241120603	4	0	1
241120603	2	0	-1
241120603	1	1	1
241120603	2	0	0
241120603	4	1	0
241120603	3	1	0
241120603	2	1	0
241120603	2	0	-1
241120603	2	0	-1
241120603	2	0	-1
241120603	3	1	0
241120603	2	1	0
241120603	4	0	1
241120603	4	0	1
241120603	3	1	0
241120603	1	1	0
241120603	4	1	0
241120603	3	1	-1
241120603	4	0	1
241120603	2	0	-1
241120603	1	1	1
241120603	1	1	1
241120603	4	0	1
241140602	1	1	1
241140602	3	0	0
241140602	3	0	0
241140602	3	0	0
241140602	4	1	0
241140602	2	1	0
241140602	1	1	1
241140602	4	0	1
241140602	3	0	0
241140602	1	1	0
241140602	3	0	0
241140602	1	1	1
241140602	3	0	0
241140602	4	0	0
241140602	4	0	1
241140602	3	0	0
241140602	2	1	1
241140602	3	0	0
241140602	1	1	1
241140602	3	0	0
241140602	2	1	0
241140602	3	0	1
241140602	3	0	0
241140602	2	1	0
241140602	2	1	0
241140602	2	1	0
241140602	4	0	1
241140602	2	1	0
241140602	4	0	1
241140602	2	1	1
241140602	2	1	1
241140602	3	0	1
241140602	1	1	1
241140602	3	0	0
241140602	4	0	0
241140602	2	1	0
241140602	3	0	1
241140602	1	1	1
241140602	2	1	0
241140602	1	1	1
241140602	1	1	1
241140602	1	1	1
241140602	4	0	1
241140602	4	0	1
241140602	2	1	0
241140602	1	1	0
241140602	4	0	1
241140602	2	1	0
241140602	3	0	0
241140602	1	1	1
241140602	4	0	1
241140602	2	1	0
241140602	1	1	1
241140602	4	0	1
241140602	4	0	1
241140602	3	0	1
241140602	2	1	0
241140602	3	0	0
241140602	1	1	1
241140602	4	0	1
241140602	1	1	0
241140602	3	0	0
241140602	2	0	-1
241140602	4	0	1
241140602	4	0	1
241140602	1	1	1
241140602	2	1	0
241140602	2	1	0
241140602	1	1	1
241140602	3	0	0
241140602	3	0	1
241140602	1	1	1
241140602	1	1	0
241140602	2	1	0
241140602	2	1	0
241140602	4	0	1
241140602	4	0	0
241140602	4	0	0
241140602	4	0	1
241140602	1	1	1
241140602	3	1	-1
241140602	1	1	1
241140602	1	1	1
241140602	4	0	1
241140602	4	0	1
241140602	2	1	0
241140602	1	1	0
241140602	2	1	0
241140602	3	0	0
241140602	4	0	1
241140602	2	1	1
241140602	4	0	1
241140602	3	0	0
241140602	2	1	1
241140602	1	1	1
241140602	2	1	0
241140602	2	1	0
241140602	1	1	1
241140602	2	1	0
241140602	2	1	0
241140602	1	1	1
241140602	4	0	1
241140602	2	1	0
241140602	1	1	1
241140602	2	1	0
241140602	4	0	0
241140602	2	1	0
241140602	3	1	-1
241140602	4	0	1
241140602	2	1	0
241140602	2	1	0
241140602	4	0	1
241140602	4	0	1
241140602	1	1	1
241140602	1	1	0
241140602	3	0	0
241140602	3	0	1
241140602	4	0	1
241140602	3	0	0
241140602	3	0	0
241140602	4	0	1
241140602	4	0	1
241140602	4	0	1
241140602	2	1	0
241140602	4	0	1
241140602	1	1	1
241140602	2	1	1
241140602	1	1	1
241140602	2	1	0
241140602	2	1	0
241140602	4	1	0
241140602	4	1	0
241140602	3	0	1
241140602	4	0	1
241140602	4	0	0
241140602	1	1	1
241140602	2	1	0
241140602	4	0	1
241140602	4	0	1
241140602	4	0	1
241140602	4	0	0
241140602	4	0	1
241140602	2	1	0
241140602	2	1	0
241140602	2	1	0
241140602	3	0	0
241140602	4	0	1
241140602	3	0	0
241140602	2	1	0
241140602	3	0	0
241140602	2	1	1
241140602	2	1	0
241140602	4	0	0
241140602	2	1	1
241140602	2	1	1
241140602	2	1	1
241140602	4	0	1
241140602	2	1	1
241140602	4	0	1
241140602	4	0	1
241140602	2	1	0
241140602	1	1	1
241140602	4	0	1
241140602	4	0	0
241140602	2	1	0
241140602	1	1	1
241140602	2	1	1
241140602	3	0	0
241140602	2	1	0
241140602	2	1	1
241140602	4	1	0
241140602	1	1	1
241140602	3	0	0
241140602	4	0	0
241140602	2	1	0
241140602	1	1	0
241140602	3	0	0
241140602	2	1	1
241140602	1	1	1
241140602	4	0	1
241140602	2	1	0
241140602	3	0	0
241140602	2	1	0
241140602	3	0	0
241140602	2	1	0
241140602	3	0	0
241140602	4	0	0
241140602	2	1	1
241140602	1	1	1
241140602	2	1	0
241140602	2	1	0
241140602	4	0	1
241140602	2	1	0
241140602	3	0	0
241140602	2	1	0
241140602	1	1	1
241140602	1	1	1
241140602	3	0	0
241140602	2	1	0
241140602	2	1	1
241140602	2	1	1
241140602	2	1	1
241140602	1	1	1
241140602	2	1	0
241140602	4	1	0
241140602	4	0	1
241140602	2	1	0
241140602	2	1	0
241140602	2	1	0
241140602	4	0	0
241140602	2	1	0
241140602	4	0	1
241140602	2	1	0
241140602	3	0	0
241140602	2	1	0
241140602	4	0	1
241140602	2	0	-1
241140602	4	0	1
241140602	1	1	1
241140602	3	0	1
241140602	1	1	1
241140602	2	1	0
241140602	2	1	0
241140602	4	0	0
241140602	1	1	1
241140602	2	1	0
241140602	4	0	1
241140602	2	1	0
241140602	2	1	0
241140602	2	1	0
241140602	2	1	0
241140602	2	1	0
241140602	2	1	0
241140602	4	0	1
241140602	2	1	0
241140602	2	1	0
241140602	3	0	0
241140602	3	0	0
241140602	2	1	0
241140602	2	1	0
241140602	1	1	1
241140602	2	1	0
241140602	4	0	1
241140602	1	1	1
241140602	3	0	0
241140602	1	1	1
241140602	2	1	0
241140602	1	1	1
241140602	3	0	0
241140602	4	0	1
241140602	1	1	1
241140602	3	0	1
241140602	4	0	0
241140602	3	0	0
241140602	3	0	0
241140602	2	1	0
241140602	3	0	0
241140602	1	1	1
241140602	3	0	0
241140602	4	1	0
241140602	1	1	0
241140602	1	1	1
241140602	3	0	0
241140602	1	1	1
241140602	3	0	0
241140602	3	0	0
241140602	1	1	1
241140602	1	1	1
241140602	3	0	0
241140602	2	1	0
241140602	1	1	1
241140602	3	0	0
241140602	3	0	0
241140602	1	1	0
241140602	4	0	1
241140602	1	1	0
241140602	3	0	1
241140602	2	1	0
241140602	4	0	1
241140602	2	1	0
241140602	3	0	0
241140602	4	1	0
241140602	2	1	0
241140602	1	1	1
241140602	3	0	1
241140602	1	1	0
241140602	3	0	0
241140602	1	1	1
241140602	1	1	0
241140602	3	0	0
241140602	4	0	1
241140602	4	0	1
241140602	4	0	1
241140602	1	1	1
241140602	1	1	0
241140602	3	0	0
241140602	2	1	0
241140602	3	0	0
241140602	2	1	0
241140602	3	0	0
241140602	3	0	0
241140602	1	1	1
241140602	3	0	0
241140602	2	1	0
241140602	1	1	1
241140602	1	1	1
241140602	1	1	1
241140602	1	1	0
241140602	3	0	0
241140602	1	1	1
241140602	3	1	-1
241140602	3	0	0
241140602	3	0	0
241140602	2	1	1
241140602	4	0	0
241140602	1	1	1
241140602	3	0	0
241140602	1	1	1
241140602	4	0	0
241140602	2	1	0
241280001	1	1	0
241280001	2	1	0
241280001	4	0	1
241280001	2	1	0
241280001	4	0	1
241280001	3	0	0
241280001	1	1	0
241280001	2	1	0
241280001	4	0	1
241280001	4	0	0
241280001	2	1	0
241280001	1	1	1
241280001	4	0	1
241280001	1	1	1
241280001	4	0	1
241280001	4	0	0
241280001	4	0	1
241280001	2	1	0
241280001	3	0	0
241280001	4	0	1
241280001	3	0	0
241280001	4	0	0
241280001	1	1	1
241280001	4	0	1
241280001	4	0	1
241280001	2	1	0
241280001	2	1	0
241280001	4	0	1
241280001	4	0	1
241280001	1	1	0
241280001	4	0	1
241280001	3	0	0
241280001	4	0	1
241280001	3	0	0
241280001	3	0	1
241280001	4	0	1
241280001	1	1	1
241280001	1	1	1
241280001	4	0	1
241280001	3	0	0
241280001	4	0	0
241280001	2	1	1
241280001	4	0	1
241280001	3	0	0
241280001	2	0	-1
241280001	1	1	1
241280001	4	0	0
241280001	2	1	0
241280001	4	1	0
241280001	3	1	-1
241280001	4	1	0
241280001	4	1	-1
241280001	3	1	-1
241280001	3	0	0
241280001	3	0	0
241280001	1	1	1
241280001	3	0	0
241280001	2	1	0
241280001	1	1	1
241280001	3	0	0
241280001	2	1	0
241280001	1	1	1
241280001	4	0	1
241280001	2	1	0
241280001	1	1	1
241280001	3	0	0
241280001	2	1	1
241280001	3	0	0
241280001	1	1	0
241280001	4	0	1
241280001	2	1	0
241280001	3	0	0
241280001	4	0	0
241280001	1	1	0
241280001	2	1	0
241280001	1	1	1
241280001	4	0	1
241280001	3	0	0
241280001	1	1	1
241280001	4	0	1
241280001	4	0	0
241280001	4	0	1
241280001	1	1	1
241280001	3	0	0
241280001	1	1	1
241280001	1	1	0
241280001	2	0	-1
241280001	1	1	1
241280001	1	1	1
241280001	2	1	1
241280001	2	1	1
241280001	4	0	1
241280001	1	1	1
241280001	4	0	0
241280001	2	1	0
241280001	4	0	1
241280001	3	0	0
241280001	1	1	0
241280001	3	0	0
241280001	3	0	0
241280001	2	1	0
241280001	3	0	0
241280001	1	1	1
241280001	2	1	0
241280001	2	1	0
241280001	2	1	0
241280001	2	0	-1
241280001	3	0	0
241280001	3	0	0
241280001	2	1	0
241280001	2	1	0
241280001	1	1	1
241280001	3	0	0
241280001	3	0	0
241280001	2	1	0
241280001	4	0	0
241280001	4	0	0
241280001	4	0	1
241280001	3	0	0
241280001	3	0	0
241280001	2	1	0
241280001	1	1	1
241280001	1	1	1
241280001	2	1	0
241280001	2	1	0
241280001	3	0	0
241280001	4	0	1
241280001	1	1	1
241280001	4	0	1
241280001	1	1	1
241280001	3	0	0
241280001	3	0	0
241280001	4	0	1
241280001	1	1	1
241280001	1	1	1
241280001	2	1	1
241280001	4	0	1
241280001	2	1	0
241280001	4	1	0
241280001	3	0	1
241280001	4	0	1
241280001	4	0	0
241280001	1	1	1
241280001	4	0	1
241280001	4	0	1
241280001	1	1	1
241280001	1	1	1
241280001	2	1	1
241280001	3	0	0
241280001	3	0	0
241280001	4	0	1
241280001	2	1	1
241280001	4	0	1
241280001	4	0	1
241280001	2	1	0
241280001	3	0	0
241280001	2	1	1
241280001	2	1	0
241280001	1	1	1
241280001	4	0	1
241280001	4	0	1
241280001	4	0	1
241280001	4	0	0
241280001	2	1	0
241280001	1	1	1
241280001	2	1	1
241280001	4	0	1
241280001	2	1	0
241280001	4	0	1
241280001	2	1	0
241280001	2	1	0
241280001	2	1	0
241280001	1	1	1
241280001	3	0	0
241280001	2	1	0
241280001	3	0	1
241280001	4	0	1
241280001	2	1	0
241280001	3	0	0
241280001	4	0	0
241280001	2	1	0
241280001	2	1	1
241280001	4	0	1
241280001	4	0	1
241280001	3	0	0
241280001	1	1	1
241280001	4	0	1
241280001	2	1	0
241280001	4	0	1
241280001	2	1	0
241280001	2	1	0
241280001	4	0	1
241280001	1	1	1
241280001	2	1	0
241280001	2	1	0
241280001	4	0	1
241280001	4	0	1
241280001	2	1	0
241280001	1	1	1
241280001	4	0	1
241280001	2	1	0
241280001	1	1	1
241280001	2	1	0
241280001	3	0	0
241280001	4	0	1
241280001	2	1	0
241280001	4	0	1
241280001	2	1	0
241280001	1	1	0
241280001	4	0	1
241280001	3	0	0
241280001	3	0	0
241280001	4	0	1
241280001	4	0	1
241280001	2	1	0
241280001	4	0	1
241280001	4	0	0
241280001	1	1	1
241280001	3	0	0
241280001	2	1	0
241280001	4	0	0
241280001	3	0	0
241280001	3	0	1
241280001	2	1	1
241280001	2	1	0
241280001	1	1	0
241280001	3	0	1
241280001	4	0	1
241280001	1	1	1
241280001	4	0	1
241280001	3	0	0
241280001	4	0	1
241280001	4	0	0
241280001	2	1	1
241280001	2	1	0
241280001	1	1	1
241280001	2	1	0
241280001	2	1	0
241280001	2	1	0
241280001	4	0	1
241280001	4	0	1
241280001	4	0	0
241280001	2	1	1
241280001	1	1	0
241280001	2	1	0
241280001	2	0	0
241280001	4	0	1
241280001	4	0	1
241280001	4	0	1
241280001	4	0	1
241280001	4	0	1
241280001	2	1	0
241280001	4	0	1
241280001	4	0	1
241280001	4	0	1
241280001	1	1	1
241280001	4	0	1
241280001	2	1	0
241280001	3	0	0
241280001	4	0	1
241280001	4	0	0
241280001	4	0	1
241280001	4	0	1
241280001	2	1	0
241280001	3	0	0
241280001	2	1	1
241280001	2	1	0
241280001	3	1	-1
241280001	3	0	0
241280001	1	1	1
241280001	1	1	1
241280001	1	1	1
241280001	3	0	0
241280001	2	1	0
241280001	1	1	1
241280001	2	1	0
241280001	2	1	0
241280001	3	0	0
241280001	3	0	0
241280001	4	0	1
241280001	2	1	0
241280001	3	0	0
241280001	2	1	0
241280001	1	1	1
241280001	1	1	0
241280001	1	1	1
241280001	3	0	0
241280001	3	0	0
241280001	1	1	1
241280001	3	0	0
241280001	3	0	0
241280001	1	1	1
241280001	1	1	1
241280001	3	0	0
241280001	3	0	1
241280001	1	1	1
241280001	1	1	1
241280001	3	0	0
241280001	4	1	0
241280001	3	0	0
241280001	3	0	1
241280001	3	0	0
241280001	3	0	0
241280001	1	1	1
241280001	4	0	1
241280001	1	1	1
241280001	3	0	1
241280001	3	0	0
241280001	1	1	1
241280001	1	1	0
241280001	3	0	0
241280001	3	0	0
241280001	4	0	0
241280001	3	0	0
241280001	1	1	1
241280001	4	0	1
241280001	1	1	0
241280001	4	0	1
241280001	4	0	0
241280001	3	0	0
241280001	4	0	1
241280001	4	0	0
241280001	4	0	1
241280001	2	1	0
241280001	4	0	1
241280001	1	1	0
241280001	2	1	0
241280001	1	1	1
241280001	1	1	0
241280001	4	0	0
241280001	2	1	0
241280001	4	0	1
241280001	4	0	1
241280001	4	0	1
241280001	4	0	1
241280001	3	0	0
241280001	3	0	0
241280001	2	1	0
241280001	4	0	0
241280001	2	1	1
241280001	4	0	1
241280001	3	0	0
241280001	1	1	1
241280001	4	0	1
241280001	4	0	1
241280001	2	1	0
241280001	3	0	0
241280001	3	0	0
241280001	3	0	0
241280001	1	1	1
241280001	1	1	0
241280001	2	1	0
241280001	4	0	1
241280001	3	0	0
241280001	2	1	0
241280001	1	1	0
241280001	4	0	1
241280001	4	0	0
241280001	1	1	1
241280001	4	0	0
241280001	1	1	1
241280001	1	1	1
241280001	2	1	0
241280001	1	1	1
241280001	3	0	0
241280001	1	1	1
241280001	3	0	1
241280001	1	1	1
241280001	2	1	1
241280001	2	1	1
241280001	3	0	0
241280001	1	1	0
241280001	4	0	1
241280001	4	0	1
241280001	4	0	1
241280001	1	1	1
241280001	3	0	0
241280001	2	1	0
241280001	3	0	0
241280001	4	0	1
241280001	3	0	0
241280001	1	1	1
241280001	1	1	1
241280001	4	1	0
241280001	1	1	1
241280001	2	1	0
241280001	1	1	1
241280001	1	1	1
241280001	2	1	0
241280001	4	0	0
241280001	1	1	1
241280001	4	0	1
241280001	1	1	1
241280001	3	0	1
241280001	2	1	1
241280001	4	1	-1
241280001	1	1	1
241280001	3	0	1
241280001	3	0	0
241280001	3	0	1
241310002	2	0	-1
241310002	2	1	0
241310002	1	1	1
241310002	2	0	0
241310002	2	1	0
241310002	2	1	0
241310002	4	1	0
241310002	4	1	0
241310002	2	1	1
241310002	4	1	0
241310002	2	1	0
241310002	3	1	-1
241310002	3	1	-1
241310002	3	1	-1
241310002	1	1	1
241310002	4	1	0
241310002	2	1	0
241310002	4	1	0
241310002	4	0	1
241310002	2	0	-1
241310002	2	1	0
241310002	2	1	0
241310002	3	0	0
241310002	2	1	0
241310002	2	1	0
241310002	2	1	0
241310002	2	1	0
241310002	2	1	0
241310002	2	1	1
241310002	4	0	1
241310002	4	0	1
241310002	1	1	0
241310002	4	1	0
241310002	2	1	1
241310002	2	0	-1
241310002	1	1	1
241310002	2	1	0
241310002	2	1	1
241310002	2	1	0
241310002	4	0	1
241310002	2	0	-1
241310002	2	1	0
241310002	4	1	0
241310002	3	1	0
241310002	2	1	1
241310002	3	0	0
241310002	3	1	0
241310002	2	0	-1
241310002	2	1	1
241310002	4	1	0
241310002	1	0	-1
241310002	3	0	0
241310002	2	0	-1
241310002	2	1	0
241310002	2	1	0
241310002	4	1	-1
241310002	2	1	0
241310002	4	1	-1
241310002	1	1	1
241310002	2	0	-1
241310002	2	1	0
241310002	3	1	-1
241310002	2	1	0
241310002	3	1	-1
241310002	2	1	0
241310002	4	1	0
241310002	3	1	-1
241310002	2	1	0
241310002	2	1	0
241310002	3	0	0
241310002	1	0	0
241310002	3	0	0
241310002	3	0	0
241310002	1	1	0
241310002	2	1	0
241310002	2	1	0
241310002	1	0	0
241310002	1	1	1
241310002	2	1	0
241310002	1	0	0
241310002	1	1	1
241310002	2	1	0
241310002	3	0	0
241310002	1	0	0
241310002	1	1	1
241310002	2	0	-1
241310002	2	1	0
241310002	2	1	0
241310002	1	1	0
241310002	1	0	-1
241310002	2	1	0
241310002	2	1	0
241310002	2	1	0
241310002	1	1	1
241310002	3	1	0
241310002	3	0	0
241310002	4	0	1
241310002	2	0	-1
241310002	4	1	0
241310002	4	0	1
241310002	1	1	1
241310002	2	1	0
241310002	3	1	-1
241310002	1	0	-1
241310002	3	1	0
241310002	3	0	0
241310002	2	1	0
241310002	3	1	-1
241310002	2	1	1
241310002	3	1	0
241310002	4	0	1
241310002	1	1	1
241310002	2	0	-1
241310002	1	0	0
241310002	4	1	0
241310002	3	1	-1
241310002	1	1	1
241310002	2	0	-1
241310002	1	0	-1
241310002	1	1	1
241310002	4	0	1
241310002	2	0	-1
241310002	2	1	0
241310002	4	1	0
241310002	4	1	0
241310002	1	0	0
241310002	4	1	0
241310002	4	0	1
241310002	2	0	-1
241310002	4	0	1
241310002	3	0	1
241310002	3	1	-1
241310002	4	1	-1
241310002	2	1	0
241310002	4	0	0
241310002	4	1	-1
241310002	2	1	0
241310002	4	1	0
241310002	2	1	0
241310002	2	0	-1
241310002	1	0	0
241310002	1	1	1
241310002	4	1	-1
241310002	3	1	0
241310002	1	0	0
241310002	3	0	1
241310002	3	1	-1
241310002	1	1	1
241310002	1	0	0
241310002	3	0	1
241310002	2	1	0
241310002	3	1	-1
241310002	4	0	1
241310002	2	0	-1
241310002	3	1	-1
241310002	3	0	0
241310002	4	1	0
241310002	1	1	1
241310002	2	0	-1
241310002	3	1	0
241310002	4	1	-1
241310002	3	0	0
241310002	1	1	1
241310002	2	0	-1
241310002	3	1	-1
241310002	2	1	0
241310002	1	1	1
241310002	1	0	0
241310002	1	1	1
241310002	3	0	0
241310002	3	1	-1
241310002	1	1	1
241310002	4	0	1
241310002	1	0	-1
241310002	3	1	-1
241310002	3	1	-1
241310002	2	1	0
241310002	2	1	0
241310002	2	1	0
241310002	3	0	0
241310002	1	1	1
241310002	4	1	0
241310002	3	1	-1
241310002	2	1	0
241310002	4	0	1
241310002	1	1	1
241310002	1	0	0
241310002	3	0	0
241310002	4	0	0
241310002	3	0	0
241310002	3	0	0
241310002	1	1	1
241310002	3	0	1
241310002	2	0	0
241310002	1	1	1
241310002	4	1	0
241310002	4	1	-1
241310002	2	1	0
241310002	4	0	1
241310002	1	0	0
241310002	2	0	-1
241310002	3	1	0
241310002	4	1	0
241310002	2	1	1
241310002	4	0	0
241310002	1	0	0
241310002	4	1	0
241310002	1	1	1
241310002	2	0	-1
241310002	2	1	0
241310002	2	0	0
241310002	2	1	0
241310002	4	1	0
241310002	4	1	0
241310002	2	1	0
241310002	3	1	-1
241310002	2	1	1
241310002	4	1	0
241310002	2	0	0
241310002	4	1	0
241310002	4	0	1
241310002	1	1	1
241310002	2	0	-1
241310002	2	1	1
241310002	2	0	-1
241310002	4	1	0
241310002	1	1	1
241310002	4	1	0
241310002	4	0	1
241310002	3	1	-1
241310002	2	1	0
241310002	3	1	-1
241310002	4	1	0
241310002	3	0	1
241310002	2	1	1
241310002	2	0	-1
241310002	1	1	0
241310002	2	1	0
241310002	4	1	0
241310002	4	0	1
241310002	2	0	-1
241310002	4	1	0
241310002	4	1	0
241310002	4	1	0
241310002	4	0	1
241310002	4	1	-1
241310002	2	1	0
241310002	2	1	0
241310002	3	1	-1
241310002	4	1	0
241310002	2	0	-1
241310002	4	1	0
241310002	1	1	1
241310002	1	1	1
241310002	3	1	-1
241310002	2	1	0
241310002	2	1	0
241310002	4	1	-1
241310002	2	1	0
241310002	1	1	1
241310002	4	0	1
241310002	2	0	-1
241310002	2	1	1
241310002	1	0	0
241310002	4	0	1
241310002	3	1	-1
241310002	3	1	-1
241310002	4	1	-1
241310002	3	0	0
241310002	3	1	-1
241310002	4	1	0
241310002	4	0	1
241310002	1	0	-1
241310002	4	1	0
241310002	1	0	-1
241310002	4	1	-1
241310002	2	1	0
241310002	3	1	-1
241310002	1	0	0
241310002	3	0	1
241310002	4	0	1
241310002	2	0	0
241310002	2	0	-1
241310002	4	0	1
241310002	4	1	0
241310002	2	1	0
241310002	2	1	0
241310002	1	1	1
241310002	2	0	-1
241310002	2	1	0
241310002	4	1	0
241310002	4	1	0
241310002	3	1	-1
241310002	4	0	1
241310002	1	0	0
241310002	3	1	-1
241310002	1	1	1
241310002	1	0	-1
241310002	1	1	1
241310002	4	1	0
241310002	2	0	0
241310002	3	0	0
241310002	4	1	-1
241310002	4	1	0
241310002	2	1	0
241310002	1	1	1
241310002	4	1	-1
241310002	3	1	0
241310002	3	1	-1
241310002	2	1	1
241310002	4	0	1
241310002	2	1	1
241310002	1	0	0
241310002	2	0	0
241310002	1	0	0
241310002	3	0	0
241310002	3	0	0
241310002	3	0	0
241310002	1	0	0
241310002	4	0	1
241310002	3	0	0
241310002	1	1	1
241310002	1	0	0
241310002	4	0	1
241310002	3	0	0
241310002	4	0	1
241310002	2	1	0
241310002	1	1	1
241310002	3	0	0
241310002	2	1	0
241310002	1	0	-1
241310002	4	0	1
241310002	1	1	0
241310002	4	0	0
241310002	3	0	0
241310002	2	1	0
241310002	4	0	0
241310002	3	0	1
241310002	1	0	-1
241310002	3	1	-1
241310002	2	1	0
241310002	1	1	1
241310002	3	0	0
241310002	2	1	1
241310002	2	0	-1
241310002	2	1	0
241310002	3	1	-1
241310002	1	1	1
241310002	3	0	1
241310002	4	0	1
241310002	2	1	0
241310002	4	0	1
241310002	1	0	0
241310002	3	0	1
241310002	1	1	1
241310002	3	0	0
241310002	1	0	-1
241310002	1	0	0
241310002	1	1	1
241310002	1	0	-1
241310002	4	1	-1
241310002	2	1	0
241310002	3	0	1
241310002	1	0	0
241310002	1	1	1
241310002	1	0	-1
241310002	3	0	1
241310002	2	1	0
241310002	1	0	0
241310002	3	0	0
241310002	1	1	1
241310002	3	0	0
241310002	3	0	0
241310002	1	1	1
241310002	3	0	0
241310002	4	0	1
241310002	1	0	0
241310002	1	1	1
241310002	2	1	1
241310002	3	1	-1
241310002	1	1	1
241310002	4	0	1
241310002	3	0	0
241310002	3	0	0
241310002	3	0	0
241310002	2	1	0
241310002	1	0	0
241310002	2	1	1
241310002	1	1	1
241310002	4	1	-1
241310002	2	0	-1
241310002	1	1	0
241310002	4	1	0
241310002	4	1	0
241310002	2	1	0
241310002	3	0	0
241310002	2	1	1
241310002	2	1	0
241310002	3	0	0
241310002	3	1	-1
241310005	2	1	0
241310005	4	0	1
241310005	4	0	1
241310005	4	0	1
241310005	3	0	0
241310005	4	0	1
241310005	2	1	0
241310005	3	0	0
241310005	1	1	1
241310005	3	0	0
241310005	4	0	1
241310005	2	1	0
241310005	4	0	0
241310005	4	0	0
241310005	2	1	0
241310005	4	0	1
241310005	4	0	1
241310005	4	0	1
241310005	4	0	0
241310005	2	1	1
241310005	2	1	0
241310005	1	1	1
241310005	3	0	0
241310005	2	1	0
241310005	4	0	1
241310005	4	0	1
241310005	1	1	1
241310005	2	1	1
241310005	1	1	0
241310005	2	1	0
241310005	4	0	1
241310005	4	0	0
241310005	1	1	1
241310005	2	1	0
241310005	2	1	0
241310005	1	1	1
241310005	4	0	1
241310005	1	1	1
241310005	3	0	0
241310005	4	0	1
241310005	1	1	0
241310005	4	0	0
241310005	3	0	1
241310005	4	0	1
241310005	2	0	-1
241310005	1	1	1
241310005	1	1	1
241310005	4	1	-1
241310005	3	0	0
241310005	1	1	1
241310005	1	1	1
241310005	4	1	-1
241310005	4	1	-1
241310005	3	1	-1
241310005	4	0	1
241310005	4	0	0
241310005	2	1	0
241310005	2	1	0
241310005	2	1	0
241310005	1	0	0
241310005	2	1	0
241310005	3	1	0
241310005	2	0	-1
241310005	4	0	1
241310005	1	1	0
241310005	1	1	1
241310005	3	0	0
241310005	4	0	1
241310005	1	1	0
241310005	4	0	1
241310005	4	0	1
241310005	2	0	-1
241310005	2	1	0
241310005	1	1	1
241310005	1	1	1
241310005	2	1	1
241310005	1	1	1
241310005	2	1	1
241310005	3	0	0
241310005	2	1	0
241310005	1	1	0
241310005	4	0	0
241310005	2	1	1
241310005	3	0	0
241310005	3	0	0
241310005	1	1	1
241310005	3	0	0
241310005	4	0	0
241310005	3	0	0
241310005	4	0	0
241310005	2	1	0
241310005	4	0	1
241310005	3	0	0
241310005	3	0	0
241310005	3	0	0
241310005	2	1	0
241310005	2	1	1
241310005	3	0	0
241310005	3	0	0
241310005	3	0	0
241310005	1	1	1
241310005	4	0	0
241310005	2	1	1
241310005	1	1	1
241310005	1	1	1
241310005	4	0	0
241310005	2	1	0
241310005	1	1	0
241310005	3	0	1
241310005	3	0	0
241310005	4	0	1
241310005	1	1	1
241310005	2	1	0
241310005	2	1	0
241310005	3	0	0
241310005	2	1	0
241310005	4	0	1
241310005	4	0	1
241310005	3	0	0
241310005	4	0	0
241310005	3	0	0
241310005	3	0	0
241310005	4	0	1
241310005	3	0	1
241310005	3	0	0
241310005	4	0	1
241310005	4	0	1
241310005	3	0	0
241310005	2	1	0
241310005	1	1	1
241310005	3	0	0
241310005	2	1	0
241310005	1	1	0
241310005	4	0	1
241310005	1	1	1
241310005	2	1	1
241310005	1	1	1
241310005	2	1	0
241310005	4	0	1
241310005	4	0	1
241310005	1	1	1
241310005	2	1	0
241310005	1	1	1
241310005	1	1	1
241310005	3	0	1
241310005	2	1	1
241310005	2	1	0
241310005	2	1	0
241310005	2	1	0
241310005	2	1	1
241310005	2	1	0
241310005	4	0	1
241310005	3	0	0
241310005	3	0	0
241310005	3	0	0
241310005	1	1	1
241310005	2	1	0
241310005	4	0	1
241310005	1	1	1
241310005	4	0	0
241310005	4	0	1
241310005	3	0	1
241310005	4	0	1
241310005	4	0	1
241310005	4	0	1
241310005	2	1	0
241310005	2	1	0
241310005	2	1	1
241310005	4	0	0
241310005	3	0	0
241310005	4	0	1
241310005	1	1	1
241310005	3	0	0
241310005	4	0	0
241310005	3	0	1
241310005	2	1	0
241310005	4	0	1
241310005	4	0	1
241310005	4	0	0
241310005	2	1	1
241310005	4	0	1
241310005	2	1	0
241310005	4	0	1
241310005	4	0	0
241310005	4	0	1
241310005	2	1	0
241310005	1	1	1
241310005	2	1	0
241310005	4	0	0
241310005	2	1	0
241310005	2	1	0
241310005	4	0	1
241310005	2	1	0
241310005	2	1	1
241310005	2	1	1
241310005	2	1	1
241310005	1	1	0
241310005	1	1	1
241310005	4	0	1
241310005	1	1	1
241310005	1	1	1
241310005	2	1	0
241310005	4	0	1
241310005	2	1	0
241310005	3	0	0
241310005	4	0	1
241310005	1	1	1
241310005	2	1	0
241310005	4	0	1
241310005	4	0	1
241310005	4	0	1
241310005	4	0	1
241310005	3	0	0
241310005	3	0	0
241310005	4	0	1
241310005	2	1	0
241310005	2	1	0
241310005	1	1	1
241310005	4	0	1
241310005	3	0	1
241310005	3	0	0
241310005	2	1	0
241310005	4	0	1
241310005	2	1	1
241310005	2	1	0
241310005	1	1	1
241310005	4	0	1
241310005	4	0	0
241310005	2	1	1
241310005	4	0	1
241310005	2	1	0
241310005	1	1	1
241310005	4	0	0
241310005	2	1	0
241310005	2	1	0
241310005	3	0	0
241310005	4	0	1
241310005	3	0	1
241310005	1	1	1
241310005	2	1	0
241310005	2	1	0
241310005	4	0	1
241310005	1	1	1
241310005	1	1	1
241310005	2	1	0
241310005	4	0	1
241310005	1	1	1
241310005	2	1	0
241310005	4	0	1
241310005	4	0	1
241310005	4	0	1
241310005	4	0	1
241310005	4	0	1
241310005	4	0	1
241310005	4	0	1
241310005	1	1	1
241310005	4	0	1
241310005	4	0	1
241310005	3	0	0
241310005	4	0	1
241310005	1	1	1
241310005	3	0	0
241310005	4	0	0
241310005	4	0	0
241310005	4	0	1
241310005	4	0	0
241310005	4	0	0
241310005	4	0	0
241310005	3	0	0
241310005	3	0	1
241310005	4	0	0
241310005	1	1	1
241310005	1	1	1
241310005	4	0	1
241310005	2	1	1
241310005	1	1	1
241310005	2	1	1
241310005	4	0	1
241310005	4	0	1
241310005	3	0	0
241310005	4	0	1
241310005	3	0	0
241310005	2	1	0
241310005	4	0	1
241310005	4	0	1
241310005	4	0	1
241310005	2	1	0
241310005	4	0	1
241310005	1	1	1
241310005	3	0	1
241310005	2	1	0
241310005	3	0	1
241310005	4	0	1
241310005	1	1	0
241310005	3	0	0
241310005	4	0	1
241310005	2	1	0
241310005	2	1	1
241310005	3	0	0
241310005	4	0	1
241310005	4	0	1
241310005	2	1	0
241310005	4	0	1
241310005	1	1	1
241310005	1	1	1
241310005	1	1	1
241310005	1	1	0
241310005	4	0	1
241310005	1	1	1
241310005	1	1	1
241310005	4	0	0
241310005	2	1	0
241310005	3	0	0
241310005	3	0	0
241310005	3	0	0
241310005	1	1	1
241310005	2	1	1
241310005	3	0	0
241310005	4	0	1
241310005	2	1	1
241310005	3	0	1
241310005	3	0	0
241310005	1	1	1
241310005	3	0	0
241310005	1	1	1
241310005	3	0	0
241310005	1	1	1
241310005	3	0	0
241310005	3	0	0
241310005	3	0	0
241310005	4	0	1
241310005	1	1	1
241310005	1	1	1
241310005	3	0	1
241310005	1	1	0
241310005	2	1	1
241310005	1	1	1
241310005	1	1	1
241310005	3	0	0
241310005	2	1	0
241310005	2	1	0
241310005	4	0	1
241310005	1	1	1
241310005	2	1	0
241310005	1	1	1
241310005	2	1	0
241310005	3	0	0
241310005	1	1	1
241310005	3	0	1
241310005	1	1	1
241310005	3	0	1
241310005	1	1	1
241310005	3	0	0
241310005	1	1	1
241310005	3	0	1
241310005	1	1	1
241310005	2	1	0
241310005	1	1	1
241310005	1	1	1
241310005	3	0	0
241310005	1	1	1
241310005	3	0	0
241310005	4	0	1
241310005	1	1	1
241310005	2	1	1
241310005	3	0	0
241310005	4	0	1
241310005	3	0	0
241310005	4	0	1
241310005	1	1	1
241310005	1	1	1
241310005	4	0	1
241310005	2	1	0
241310005	3	0	0
241310005	1	1	0
241310005	4	0	1
241310005	3	0	0
241310005	3	0	0
241310005	1	1	1
241310005	3	0	0
241310005	3	0	0
241310005	4	0	1
241310005	1	1	1
241310005	4	0	1
241310005	4	0	1
241310005	1	1	1
241310005	2	1	0
241310005	3	0	0
241310005	2	1	0
241310005	4	0	1
241310005	1	1	1
241310005	3	0	0
241310005	2	1	0
241310005	1	1	1
241310005	3	0	0
241310005	3	0	0
241310005	3	0	0
241310005	4	0	1
241310005	3	0	1
241310005	3	0	0
